name,size,color,rpm,airflow,noise_level,pwm,rgb_lighting,price
Lian Li Uni Fan SL-Infinity 3-Pack,120,Black,,"0,61.3","0,29",True,False,5219.42
Noctua NF-A12x25 PWM chromax.black.swap,120,Black,"450,2000",60.09,22.6,True,False,2201.1000000000004
Lian Li Uni Fan SL-Infinity 3-Pack,120,White,,"0,61.3","0,29",True,False,5103.42
Thermalright TL-C12C-S X3 3-Pack,120,Black,1550,66.17,25.6,True,False,788.22
ARCTIC P12 PWM PST,120,Black,"200,1800",56.3,,True,False,579.42
Corsair RS120 ARGB 3-Pack,120,Black,"420,2100","13.3,72.8","10,36",True,True,2783.42
Thermalright TL-C12C X3 3-Pack,120,Black,1550,66.17,25.6,True,False,695.42
Lian Li Uni Fan SL-Infinity,120,Black,,"0,61.3","0,29",True,False,1797.4199999999998
Lian Li Uni Fan SL-Infinity,120,White,"200,2100",63.6,32,True,False,1971.42
ARCTIC P12 PST 5-Pack,120,Black,"200,1800",56.3,22.5,True,False,2350.1600000000003
Lian Li Uni Fan SL-Infinity,120,White / Black,"200,2100",63.6,32,True,False,2027.1000000000001
Corsair RS120 3-Pack,120,Black,"420,2100","13.3,72.8","10,36",True,False,2609.42
Corsair RS120 ARGB 3-Pack,120,White,"420,2100","13.3,72.8","10,36",True,True,3189.42
Noctua A12x25 PWM,120,Brown,"450,2000","49.73,60.1","18.8,22.6",True,False,2027.1000000000001
Noctua A14 PWM chromax.black.swap,140,Multicolor,"300,1500",82.52,24.6,True,False,1679.1
Corsair iCUE LINK QX120 RGB Starter Kit 3-Pack,120,Black,"480,2400","16.44,63.1",,True,True,8697.099999999999
Lian Li UNI FAN SL Wireless 120 Reverse Blade 3-Pack,120,Black,"400,2000",64,31,True,False,5332.5199999999995
Noctua P12 redux-1700 PWM,120,Gray,"450,1700",70.75,25.1,True,False,896.0999999999999
Lian Li Uni Fan SL-Infinity,120,White,,"0,61.3","0,29",True,False,2203.42
ARCTIC P14 PST,140,Black,"200,1700",72.8,22.5,True,False,708.1800000000001
Corsair RS120 ARGB,120,Black,"420,2100","13.3,72.8","10,36",True,True,1158.84
Lian Li Uni Fan SL-Infinity,140,Black / White,"200,1600",71.6,28.6,True,False,1797.4199999999998
Thermalright TL-C12CW-S X3 3-Pack,120,White,1550,66.17,25.6,True,False,765.02
Corsair iCUE LINK RX120 3-Pack,120,Black / White,2100,"10.5,74.2","10,36",False,False,6089.42
be quiet! Silent Wings Pro 4,120,Black,3000,83.9,36.9,True,False,1966.1999999999998
Lian Li UNI FAN TL LCD Wireless 3-Pack,120,Black,"350,1900",54.3,31,True,False,8699.42
Thermalright TL-C12C-S X5 5-Pack,120,Black,1550,66.17,25.6,True,False,1078.22
Lian Li Uni Fan SL-Infinity,140,Black,"200,1600",72.7,28,True,False,2319.42
Lian Li UNI FAN SL Wireless 120 Reverse Blade 3-Pack,120,White,"400,2000",64,31,True,False,4929.42
Thermalright TL-M12R-S,120,Black,1500,47.6,23.2,True,False,521.42
ARCTIC P12 PST A-RGB 0dB 3-Pack,120,Black,,48.8,,True,True,2354.2200000000003
be quiet! Silent Wings Pro 4,140,Black,2400,97.41,36.8,True,False,1966.1999999999998
ARCTIC P12 Max,120,Black,"200,3300",81.04,,True,False,1158.84
NZXT F120 RGB Core,120,Black,"500,1800",78.86,33.88,True,True,1158.84
Lian Li UNI FAN TL Wireless 3-Pack,120,Black,"200,2600",90.1,33,True,False,5799.42
Corsair HD120 3-Pack,120,Black / White,"800,1725",54.4,"18,30",True,False,11599.42
Thermalright TL-S12 X3 3-Pack,120,Black,1500,47.6,23.2,True,False,799.8199999999999
Noctua NF-A14x25 G2 PWM,140,Brown,"1250,1500","74.8,91.6","19.7,24.8",True,False,3160.42
Noctua NF-A14x25 G2 PWM Sx2-PP 2-Pack,140,Brown,"1250,1500","74.8,91.6","19.7,24.8",True,False,4927.1
ARCTIC P14 Max,140,Black,"400,2800",95,,True,False,753.42
NZXT F120 RGB Core,120,White,"500,1800",78.86,33.88,True,True,1449.4199999999998
Thermalright TL-C12C-S,120,Black,1550,66.17,25.6,True,False,458.20000000000005
ARCTIC P12 Slim PWM PST 3-Pack,120,Black,"300,2100",42.1,22.5,True,False,1681.4199999999998
Lian Li UNI FAN TL LCD Wireless 3-Pack,120,White,"350,1900",54.3,31,True,False,8699.42
Noctua A14 PWM,140,Brown,"300,1500","68,82.5","19.2,24.6",True,False,1447.1
Noctua NF-A12x25 G2 PWM,120,Brown,"1500,1800","51.32,63.15","18.1,22.5",True,False,2444.12
Corsair iCUE LINK LX120-R RGB 3-Pack,120,Black,2400,70,35.1,True,True,8119.42
Lian Li UNI FAN SL Wireless 3-Pack,120,Black,"400,2000",64.05,28.5,True,False,5446.200000000001
ARCTIC P12 Pro 5-Pack,120,Black,"600,3000",77,,True,False,1594.4199999999998
Corsair RS120 ARGB,120,White,"420,2100","13.3,72.8","10,36",True,True,1158.84
Thermalright TL-M12-S,120,Black,1500,47.6,23.2,True,False,527.22
Corsair iCUE LINK QX120 RGB Starter Kit 3-Pack,120,White,"480,2400","16.44,63.1",,True,True,8697.099999999999
Noctua A14 industrialPPC-3000 PWM,140,Brown / Black,"800,3000",158.5,41.3,True,False,1911.1000000000001
NZXT F120Q (2024),120,Black,"500,1700",74.26,25.1,True,False,1274.84
Lian Li UNI FAN SL Wireless 3-Pack,120,White,"400,2000",64.05,28.5,True,False,5219.42
NZXT F120 RGB 3-Pack,120,Black,"500,1800","13.94,50.18","17.2,27.5",True,True,4654.5
Thermalright TL-C12C X5 5-Pack,120,Black,1550,66.17,25.6,True,False,1049.22
Montech AX120,120,Black,"800,1600",59,27,True,False,864.2
Noctua F12 industrialPPC-3000 PWM,120,Brown / Black,"750,3000",109.89,43.5,True,False,1737.1
Corsair iCUE LINK RX120 3-Pack,120,White,2100,"10.5,74.2","10,36",False,False,6089.42
Phanteks M25G2-120 D-RGB 3-Pack,120,Black,"350,2000",72.72,35.13,True,True,2145.42
Corsair iCUE LINK LX120 RGB 3-Pack,120,Black,"400,2400","9.75,69.9","10,36",True,True,6147.42
Thermalright TL-C14C-S,140,Black,1500,75.8,26.4,True,False,480.23999999999995
Noctua A12x15 PWM chromax.black.swap,120,Black / Multicolor,"450,1850",55.44,23.9,True,False,1737.1
ARCTIC P12 Max,120,White,"200,3300",81.04,,True,False,793.4399999999999
Noctua NF-A12x25 G2 PWM Sx2-PP 2-Pack,120,Brown,"1500,1800","51.32,63.15","18.1,22.5",True,False,3764.2000000000003
Thermalright TL-C12C,120,Black,1550,66.17,25.6,True,False,405.42
Phanteks M25G2-120 D-RGB Reverse 3-Pack,120,Black,"350,2000",73.69,39.28,True,True,2145.42
Thermalright TL-C12CW-S X5 5-Pack,120,White,1550,66.17,25.6,True,False,1020.22
Lian Li UNI FAN SL-INF Wireless 3-Pack,120,Black,"200,2200",69.7,32.2,True,False,6089.42
Corsair RS120,120,Black,"420,2100","13.3,72.8","10,36",True,False,869.42
Lian Li Uni Fan SL-Infinity,140,White,"200,1600",72.7,28,True,False,2087.42
ARCTIC P12 Pro,120,Black,"600,3000",77,,True,False,492.42
Lian Li UNI FAN SL V2,120,Black / Silver,"250,2000",64.5,29.2,True,False,2612.32
Noctua A12x15 PWM,120,Brown,"450,1850","41.67,55.44","16.8,23.9",True,False,1389.1
Thermalright TL-C12RB-S V2,120,Black / White,1500,58,25.6,True,False,382.21999999999997
be quiet! Pure Wings 3,140,Black,1200,57.4,21.9,True,False,748.2
ARCTIC P14 PST 5-Pack,140,Black,"200,1700",72.8,22.5,True,False,2377.42
Noctua F12 PWM,120,Brown,"300,1500","43.73,54.97","18.6,22.4",True,False,1273.1
be quiet! Pure Wings 3,120,Black,1600,49.9,25.5,True,False,984.84
Thermalright TL-C14C,140,Black,1500,75.8,26.4,True,False,463.42
NZXT F120 RGB 3-Pack,120,White,"500,1800","13.94,50.18","17.2,27.5",True,True,4308.820000000001
Thermalright TL-C12W-S V3 X3 3-Pack,120,White,1500,66.17,25.6,True,False,748.2
be quiet! Silent Wings 4,120,Black,2500,76.7,"32.1,31.2",True,False,1560.1999999999998
Thermalright TL-M12,120,Black,1500,47.6,23.2,True,False,422.82
Thermalright TL-M12R,120,Black,1500,42.6,23.2,True,False,422.82
Lian Li UNI FAN TL Wireless 3-Pack,120,Black,"200,2300",83.4,34,True,False,5915.42
Phanteks M25G2-120 D-RGB Reverse 3-Pack,120,White,"350,2000",73.69,39.28,True,True,2145.42
Thermalright TL-C12CW-S,120,White,1550,66.17,25.6,True,False,388.02000000000004
ARCTIC P14 PWM PST A-RGB,140,Black,,"0,68",,True,True,1275.4199999999998
NZXT F120P (2024),120,Black,"500,2000",73.47,30,True,False,1448.84
ARCTIC P12 Slim PWM PST,120,Black,"300,2100",41.1,22.5,True,False,811.42
Lian Li UNI FAN SL-INF Wireless 3-Pack,120,White,"200,2200",69.7,32.2,True,False,6089.42
Phanteks PH-F120T30,120,Black / Gray,,"0,101","0,39.7",True,False,3500.88
ARCTIC P12 PST A-RGB 0dB,120,Black,,48.8,,True,True,1158.84
Corsair iCUE LINK LX120-R RGB 3-Pack,120,White,2400,70,35.1,True,True,8119.42
be quiet! Light Wings PWM high-speed 3-Pack,120,Black,2500,52.3,31,True,False,4054.2000000000003
ARCTIC P12 Pro A-RGB,120,Black,"600,3000",77,,True,True,724.42
ARCTIC P12 PST,120,White,"200,1800",56.3,,True,False,608.42
Thermalright TL-S12RW X3 3-Pack,120,White,1500,47.6,23.2,True,False,864.2
Lian Li UNI FAN SL V2 3-Pack,120,White / Silver,"250,2000",64.5,29.2,True,False,7539.42
Thermalright TL-M,120,White,1500,47.6,23.2,True,False,556.22
Thermalright TL-C12B-S V3,120,Black,1500,66.17,25.6,True,False,393.82
Noctua F12 PWM chromax.black.swap,120,Multicolor,"300,1500",54.97,22.4,True,False,1563.1
Noctua P14s redux-1500 PWM,140,Black / Gray,"450,1500",78.69,25.8,True,False,1041.1
Lian Li UNI FAN SL Wireless LCD 3-Pack,120,White,"350,1900",51.45,31,True,False,7771.42
Noctua A9x14 HS-PWM chromax.Black.swap,92,Black / Multicolor,"600,2500",33.84,23.6,True,False,1389.1
Thermalright TL-C12B-S V3 X3 3-Pack,120,Black,1500,66.17,25.6,True,False,846.22
Thermalright TL-M12W-S,120,White,1500,47.6,23.2,True,False,486.62
Thermalright TL-C-C-S,140,White,1500,75.8,26.4,True,False,458.20000000000005
Phanteks D30-120 Reversed 3-Pack,120,Black,"250,2000",61.5,31.8,True,False,6669.42
Corsair iCUE LINK LX120 RGB 3-Pack,120,White,"400,2400",,"10,36",True,True,6667.1
Lian Li UNI FAN SL Wireless LCD 3-Pack,120,Black,"350,1900",50.08,29.5,True,False,7539.42
Asus TUF Gaming TR120 ARGB 3-Pack,120,Black,2000,77.4,29,True,True,3653.42
Thermaltake CT120 EX Reverse ARGB Sync 3-Pack,120,Black,"500,2000",65.82,31.2,True,True,3479.42
Corsair iCUE LINK QX140 RGB Starter Kit 2-Pack,140,Black,"400,2000","12.1,82.5",,True,True,6843.42
Corsair iCUE LINK RX120 MAX RGB Starter Kit 3-Pack,120,Black,"400,2000","16.3,71.3","10,29.5",True,True,7539.42
be quiet! Silent Wings 4,140,Black,1100,51.3,13.6,True,False,1618.1999999999998
Thermalright TL-C12RW-S V2,120,Black / White,1500,58,25.6,True,False,405.42
ARCTIC P12 PWM PST A-RGB 0dB 3-Pack,120,White / Gray,,48.8,,True,True,4049.5599999999995
Lian Li UNI FAN SL-INF Wireless 3-Pack,120,Black,"200,2300",67,29.2,True,False,6089.42
ARCTIC P12,120,Black,1800,56.3,,False,False,492.42
Thermalright TL-K12R,120,Black,2150,69,27,True,False,632.2
Phanteks PH-F120T30 3-Pack,120,Black / Gray,,"0,101","0,39.7",True,False,6669.42
Noctua A8 PWM,80,Brown,"450,2200","25.84,32.66","13.8,17.7",True,False,1041.1
Corsair RS140 ARGB,140,Black,"330,1700","14.6,95.5","10,36",True,True,1449.4199999999998
be quiet! Pure Wings 3,120,Black,2100,59.6,30.9,True,False,748.2
Corsair RS120 3-Pack,120,White,"420,2100","13.3,72.8","10,36",True,False,2029.42
NZXT F120 RGB DUO 3-Pack,120,Black,"500,1800",48.58,29,True,True,5289.6
Lian Li UNI FAN CL Wireless 3-Pack,120,Black,"250,2150",77.34,29.8,True,False,3189.42
Corsair LL120 3-Pack,120,White,2200,63,36,True,False,8443.06
NZXT F120 RGB DUO,120,Black,"500,1800",48.58,29,True,True,1875.1399999999999
Phanteks M25G2-120 3-Pack,120,Black,"350,2000",72.72,35.13,True,False,1158.84
Thermalright TL-C12CW,120,White,1550,66.17,25.6,True,False,400.20000000000005
Corsair LL120,120,Black,"600,1500",43.25,24.8,True,False,1449.4199999999998
Thermalright TL-S12W X3 3-Pack,120,White,1500,47.6,23.2,True,False,904.22
Thermalright TL-K12,120,Black,2150,69,27,True,False,672.22
Lian Li UNI FAN TL Wireless 3-Pack,120,White,"200,2600",90.1,33,True,False,5799.42
NZXT F RGB Core,140,Black,"500,1800","24.85,89.48","20,32.5",True,True,1852.52
Phanteks M25G2-120 D-RGB 3-Pack,120,White,"350,2000",72.72,35.13,True,True,2318.8399999999997
NZXT F140Q (2024),140,Black,"500,1500",102.9,29.8,True,False,1082.8600000000001
NZXT F RGB Core 2-Pack,140,Black,"500,1800","24.85,89.48","20,32.5",True,True,4159.179999999999
be quiet! Light Wings LX 3-Pack,120,Black,2100,61.8,30.9,True,False,3358.2
Thermalright TL-S12,120,Black,1500,47.6,23.2,True,False,451.82
NZXT F120Q (2024),120,White,"500,1700",74.26,25.1,True,False,1042.84
Lian Li UNI FAN SL V2,140,White / Silver,"250,1600",77.6,29,True,False,2899.42
ARCTIC P12,120,Black / Transparent,"200,1800",56.3,22.5,True,False,550.42
Corsair RS140 2-Pack,140,Black,"330,1700","14.6,95.5","10,36",True,False,2029.42
be quiet! Light Wings PWM high-speed 3-Pack,140,Black,2200,71.7,31,True,False,4634.200000000001
Fractal Design Aspect 14 PWM,140,Black,"500,1700","20,78","10,35.5",True,False,1158.84
Corsair iCUE LINK RX140 2-Pack,140,Black / White,1700,"18.1,95.7","10,36",False,False,5219.42
ID-COOLING AF-125 3-Pack,120,Black,"500,2000",78.25,29.85,True,False,1739.4199999999998
be quiet! Silent Wings 4,120,Black,1600,48.7,18.9,True,False,1560.1999999999998
Corsair iCUE LINK LX140-R RGB 2-Pack,140,Black,2000,90,35.4,True,True,6959.42
Phanteks D30-120,120,Black,"250,2000",64.3,30.2,True,False,2550.8399999999997
Lian Li UNI FAN SL Wireless LCD 3-Pack,120,Black,"350,1900",51.45,31,True,False,7771.42
Lian Li UNI FAN TL LCD Wireless 3-Pack,120,Black,"350,1900",62,27,True,False,8177.42
Silverstone Air Penetrator,180,Black,"700,1200","80,130","18,34",False,False,1907.6200000000001
NZXT F120 RGB Core 3-Pack,120,White,"500,1800",78.86,33.88,True,True,5938.04
Phanteks D30-120 3-Pack,120,Black,"250,2000",64.3,30.2,True,False,6245.4400000000005
NZXT F140P (2024),140,Black,"500,1700",93.2,30,True,False,1118.82
Phanteks M25G2-140 D-RGB Reverse 3-Pack,140,Black,"350,1800",100.07,40.95,True,True,2319.42
MSI MPG EZ120 3-Pack,120,Black,,"0,73.82","0,28.82",True,False,6959.42
Thermaltake SWAFAN EX12 ARGB 3-Pack,120,Black,"500,2000","56.26,57.11","30.6,32.5",True,True,3566.42
NZXT F120 RGB Core 3-Pack,120,Black,"500,1800",78.86,33.88,True,True,6606.78
Noctua S12A PWM chromax.black.swap,120,Multicolor,"300,1200",63.27,17.8,True,False,1563.1
Phanteks M25-120 PWM D-RGB,120,Black,"500,2000",84.26,35.7,True,True,1333.4199999999998
Corsair RS140 ARGB 2-Pack,140,Black,"330,1700","14.6,95.5","10,36",True,True,2899.42
BGears b-Blaster,140,Black,5200,308,70,False,False,2087.42
Lian Li UNI FAN TL Wireless 3-Pack,120,White,"200,2300",83.4,34,True,False,5915.42
Phanteks D30-120 Reversed 3-Pack,120,White,"250,2000",61.5,31.8,True,False,6669.42
Montech RX120,120,White,"800,1600",59,27,True,False,748.2
Thermaltake CT120 ARGB Sync 2-Pack,120,Black,"500,2000",57.05,25.8,True,True,2029.42
Corsair RS120-R 3-Pack,120,Black,"420,2100","13.33,65.82","10,34.6",True,False,3479.42
ARCTIC S12038-8K,120,Black,"800,8000",220,,True,False,927.42
Cooler Master SickleFlow 3-Pack,120,Black,"650,1800",62,"8,27",True,False,3653.42
ARCTIC P12 Silent,120,Black,1050,24.1,,False,False,579.42
Phanteks M25G2-140 D-RGB 3-Pack,140,Black,"350,1800",101.78,36.4,True,True,2318.8399999999997
Montech AX120,120,White,"800,1600",59,27,True,False,748.2
Thermalright TL-S12W,120,White,1500,47.6,23.2,True,False,405.42
Noctua R8 redux-1800 PWM,80,Black / Gray,"325,1800",31.37,17.1,True,False,809.0999999999999
Lian Li UNI FAN TL LCD Wireless 3-Pack,120,White,"350,1900",62,27,True,False,8583.42
Noctua A20 PWM chromax.black.swap,200,Black / Multicolor,"350,800",86.46,18.1,True,False,2317.1000000000004
Asus ROG STRIX XF,120,Black,1800,62.5,22.5,True,False,1739.4199999999998
Corsair RS140 ARGB 2-Pack,140,White,"330,1700","14.6,95.5","10,36",True,True,2899.42
be quiet! Light Wings LX,120,Black,1500,48.8,28.5,True,False,1328.1999999999998
ARCTIC F12 PST,120,Black,"230,1350",53,22.5,True,False,773.14
Phanteks M25G2-120,120,Black,"350,2000",72.72,35.13,True,False,1143.18
Corsair iCUE LINK QX140 RGB Starter Kit 2-Pack,140,White,"400,2400","12.1,82.5",,True,True,7307.42
ARCTIC P14 Slim PWM PST,140,Black,"150,1800",52,,True,False,753.42
Lian Li UNI FAN TL LCD 120 3-Pack,120,Black,,90.1,33,True,False,7945.42
NZXT F RGB Core,140,White,"500,1800","24.85,89.48","20,32.5",True,True,1739.4199999999998
Lian Li UNI FAN SL-INF Wireless 3-Pack,120,White,"200,2300",67,29.2,True,False,6089.42
be quiet! Light Wings,140,Black,1300,51.37,25.5,True,False,2024.1999999999998
Lian Li UNI FAN TL 120 3-Pack,120,White,"200,2600",90.1,33,False,False,9458.640000000001
Thermaltake SWAFAN EX12 ARGB 3-Pack,120,White,"500,2000","56.26,57.11","30.6,32.5",True,True,4638.84
ARCTIC P12 5-Pack,120,Black,1800,56.3,,False,False,1913.42
Asus TUF Gaming TF120 ARGB 3-Pack,120,Black / White,"250,1900",76,29,True,True,3479.42
Noctua S12B redux-1200 PWM,120,Black / Gray,"400,1200",59.1,18.1,True,False,983.0999999999999
ARCTIC P12 PWM PST A-RGB 0dB,120,White / Gray,,48.8,,True,True,2067.7
Cooler Master MasterFan MF120 Halo² 3in1 3-Pack,120,Black,"1,2050",51.88,27,True,False,3189.42
ARCTIC P14,140,Black,1700,72.8,22.5,False,False,637.42
NZXT F120 RGB,120,White,"500,1800","13.94,50.18","17.2,27.5",True,True,1449.4199999999998
Corsair iCUE QL120 3-Pack,120,Black,1500,41.8,26,True,False,4073.34
ARCTIC P14 PST,140,White,"200,1700",72.8,22.5,True,False,753.42
Noctua A14 industrialPPC-2000 PWM,140,Brown / Black,"500,2000",107.41,31.5,True,False,1911.1000000000001
Corsair iCUE LINK LX140 RGB 2-Pack,140,Black,"350,2000","10.74,84.7","10,36",True,True,5799.42
Phanteks PH-F140D30R 3-Pack,140,Black,"250,1800",71.76,32.1,True,False,6858.5
Lian Li UNI FAN CL Wireless 3-Pack,120,Black,"250,2100",72.3,30.8,True,False,3189.42
Noctua F12 industrialPPC-2000 PWM,120,Brown / Black,"450,2000",71.69,29.7,True,False,1737.1
Corsair iCUE AF120 RGB SLIM 2-Pack,120,Black,"600,2000","13.4,56.3",27.5,True,True,3304.8399999999997
ARCTIC P14 Max,140,White,"400,2800",95,,True,False,1100.84
Thermalright TL-E12B-S V3,120,Black,2000,72.37,27.7,True,False,538.24
Noctua A9 PWM chromax.black.swap,92,Black / Multicolor,"400,2000",46.44,22.8,True,False,1389.1
NZXT F120 RGB DUO 3-Pack,120,White,"500,1800",48.58,29,True,True,5333.1
Corsair iCUE LINK LX140-R RGB 2-Pack,140,White,2000,90,35.4,True,True,6959.42
Fractal Design Aspect 12 RGB PWM,120,Black,"500,2000","13,56","10,33.2",True,True,1545.1200000000001
ARCTIC S12038-8K 3-Pack,120,Black,"800,8000",220,,True,False,2667.42
Phanteks D30-120 Reversed,120,Black,"250,2000",61.5,31.8,True,False,2608.8399999999997
Thermalright TL-E12W-S V3,120,White,2000,72.37,27.7,True,False,573.62
NZXT F140 RGB 2-Pack,140,Black,"500,1800","24.85,89.48","20,32.5",True,True,3714.32
NZXT F140Q (2024),140,White,"500,1500",102.9,29.8,True,False,984.84
be quiet! Pure Wings 2,80,Black,"450,1900",26.3,19.2,True,False,632.2
Thermalright TL-C14CW,140,White,1500,75.8,26.4,True,False,458.20000000000005
ARCTIC P12 PST CO,120,Black,"200,1800",56.3,,True,False,695.42
be quiet! Pure Wings 3 PWM,120,White,1600,,25.5,True,False,748.2
ID-COOLING AF-ARGB-K 3-Pack,120,Black,"500,2000",78,29.9,True,True,2319.42
Thermaltake CT120 2-Pack,120,Black,"500,2000",57.05,25.8,True,False,1449.4199999999998
Noctua P14s redux-1200 PWM,140,Black / Gray,"350,1200",64.92,19.6,True,False,1041.1
Phanteks D30-120,120,White,"250,2000",64.3,30.2,True,False,2319.42
ID-COOLING XF-12025-ARGB-TRIO 3-Pack,120,Black / White,"700,1500",62,"18,26.4",True,True,1304.4199999999998
Lian Li UNI FAN TL LCD 120 3-Pack,120,White,,90.1,33,True,False,5799.42
Lian Li UNI FAN SL Wireless LCD 3-Pack,120,White,"350,1900",50.08,29.5,True,False,7829.42
NZXT F140 RGB 2-Pack,140,White,"500,1800","24.85,89.48","20,32.5",True,True,3497.3999999999996
Lian Li UNI FAN AL120 V2 3-Pack,120,White,"250,2000",77.3,28.7,True,False,8270.22
Noctua A9 PWM,92,Brown,"400,2000","36.84,46.44","16.3,22.8",True,False,1099.1
Corsair RS120-R 3-Pack,120,White,"420,2100","13.33,65.82","10,34.6",True,False,3479.42
Thermalright TL-B12 EXTREM,120,Black / Red,3150,112,40.5,True,False,788.22
Noctua A20 PWM,200,Brown,"350,800","59.33,86.46","10.7,18.1",True,False,2085.1000000000004
be quiet! Light Wings PWM high-speed,120,Black,2500,52.3,31,True,False,1734.1999999999998
Lian Li UNI FAN CL Wireless 3-Pack,120,White,"250,2150",77.34,29.8,True,False,3189.42
Corsair iCUE LINK RX120 3-Pack,120,Black,2100,"10.5,74.2","10,36",False,False,4854.0199999999995
ARCTIC P8 Slim PWM PST,80,Black,"300,3000",22.5,,True,False,463.42
Thermalright TL-K12RW,120,White,2150,69,27,True,False,690.2
Montech Metal Pro 3-Pack,120,Black,"600,2200",76.2,29.1,True,False,2725.42
Phanteks M25G2-140 3-Pack,140,Black,"350,1800",101.78,36.4,True,False,2144.8399999999997
be quiet! Silent Wings 4,140,Black,1900,78.4,29.3,True,False,2314.2
Noctua P12 redux-1300 PWM,120,Gray,"300,1300",54.32,19.8,True,False,896.0999999999999
Cooler Master MasterFan MF Halo,120,Black,"650,1800",47.2,"6,30",True,False,1158.84
Corsair RS140 ARGB,140,White,"330,1700","14.6,95.5","10,36",True,True,1449.4199999999998
be quiet! Light Wings PWM high-speed,140,Black,2200,71.7,31,True,False,1734.1999999999998
Noctua S12A PWM,120,Brown,"300,1200",,"10.7,17.8",True,False,1273.1
ARCTIC F12 5-Pack,120,Black,1350,53,22.5,False,False,1333.4199999999998
Thermalright TL-E12B V3,120,Black,2000,72.37,27.7,True,False,428.62
Thermaltake CT120 EX ARGB Sync 3-Pack,120,Black,"500,2000",68,28.5,True,True,3247.42
Phanteks M25G2-140 D-RGB Reverse 3-Pack,140,White,"350,1800",100.07,40.95,True,True,2319.42
Phanteks D30-120 3-Pack,120,White,"250,2000",64.3,30.2,True,False,6669.42
Asus TUF Gaming TF120 ARGB,120,Black / White,"250,1900",76,29,True,True,1333.4199999999998
Noctua A4x20 PWM,40,Brown,"1200,5000","4.89,5.53","12.2,14.9",True,False,925.0999999999999
Thermaltake TOUGHFAN 2-Pack,140,Black,"500,2000",119.1,"25.2,33.2",True,False,2261.42
be quiet! Light Wings LX,120,White,1500,48.8,28.5,True,False,1328.1999999999998
Vetroo ARGB120 3-Pack,120,Pink,1300,48.1,,True,True,1739.4199999999998
Thermaltake CT120 EX Reverse ARGB Sync 3-Pack,120,White,"500,2000",65.82,31.2,True,True,3768.84
Phanteks M25-140 PWM D-RGB,140,White,"500,1800",104.62,36.57,True,True,520.84
NZXT F120 RGB DUO,120,White,"500,1800",48.58,29,True,True,1806.6999999999998
ARCTIC P14 PST CO,140,Black,"200,1700",72.8,22.5,True,False,811.42
Fractal Design Aspect 14 RGB PWM,140,Black,"500,1700","20,78","10,35.5",True,True,1705.1999999999998
Montech AX,140,Black,"600,1600",90.5,27.9,True,False,927.42
Cooler Master SickleFlow,120,Black,"650,1800",62,"8,27",True,False,1158.84
Asus TUF GAMING TF120 ARGB White 3in1 3-Pack,120,White,"250,1900",76,29,True,True,3304.2599999999998
be quiet! Light Wings PWM 3-Pack,120,Black,1700,41.51,20.6,True,False,4054.2000000000003
Corsair iCUE LINK RX140 2-Pack,140,White,1700,"18.1,95.7","10,36",False,False,4638.84
Asus TUF Gaming TR120 ARGB,120,Black,2000,77.4,29,True,True,3653.42
ARCTIC F12,120,Black,1350,53,22.5,False,False,579.42
be quiet! Pure Wings 3 PWM High-Speed,120,White,2100,59.6,30.9,True,False,748.2
Phanteks PH-F140D30,140,Black,"250,1800",71.93,29.5,True,False,2319.42
Thermalright TL-K12,120,White,2150,69,27,True,False,690.2
be quiet! Pure Wings 3,140,Black,1800,72.2,30.5,True,False,748.2
GAMDIAS AEOLUS P2 3-Pack,120,Black,"1000,2400",74.97,,True,False,2899.42
Thermalright TL-P12W-S,120,White,1500,52.86,22.1,True,False,400.20000000000005
Fractal Design Aspect 12 RGB PWM 3-Pack,120,Black,"500,2000","13,56","10,33.2",True,True,4079.14
be quiet! Shadow Wings 2,120,Black,1100,38.5,15.9,True,False,979.62
Phanteks M25-140 PWM D-RGB 3-Pack,140,White,"500,1800",104.62,36.57,True,True,1158.84
Thermaltake CT140 EX Reverse ARGB Sync 3-Pack,140,Black,"500,1800",94.95,32.8,True,True,4348.84
Corsair RS120,120,White,"420,2100","13.3,72.8","10,36",True,False,869.42
Phanteks D30-120 Reversed,120,White,"250,2000",61.5,31.8,True,False,2260.8399999999997
Lian Li UNI FAN CL Wireless 3-Pack,120,White,"250,2100",72.3,30.8,True,False,3189.42
Corsair RS140 2-Pack,140,White,"330,1700","14.6,95.5","10,36",True,False,2029.42
Fractal Design Aspect 14 RGB PWM 3-Pack,140,Black,"500,1700","20,78","10,35.5",True,True,3445.2
be quiet! Silent Wings Pro 4,120,White,3000,83.9,36.9,True,False,2900.0
NZXT F120 RGB,120,Black,"500,1800","13.94,50.18","17.2,27.5",True,True,1449.4199999999998
Thermaltake CT ARGB Sync,200,Black,"500,900",131.6,27.2,True,True,1449.4199999999998
Phanteks M25G2-140,140,Black,"350,1800",101.78,36.4,True,False,868.84
Corsair iCUE LINK RX120 MAX Starter Kit 3-Pack,120,Black,"400,2000","16.5,71.6","10,29.5",True,False,5856.26
be quiet! Light Wings 3-Pack,120,White,2500,52.3,31,True,False,3764.2000000000003
Gigabyte AORUS EZ CHAIN FAN 120 3-Pack,120,Black,"600,2000",60,"8.2,29",True,False,3015.42
Lian Li UNI FAN P28,120,White,"200,2600","44.94,92","20.4,32.1",True,False,1508.0
be quiet! Light Wings LX 3-Pack,140,Black,1800,75.5,30.5,True,False,3416.2
Corsair iCUE QL120,120,Black,"525,1500",41.8,26,True,False,1391.4199999999998
Corsair iCUE LINK RX140 MAX RGB Starter Kit 2-Pack,140,Black,"300,1600","27.2,102.9","10,31",True,True,6089.42
ARCTIC P14 5-Pack,140,Black,1700,72.8,22.5,False,False,1971.42
Noctua A9x14,92,Brown,"300,2200","22.42,29.72","13.5,19.89",True,False,1099.1
Kingwin CF-08LB,80,Black,1700,30,25,False,False,347.42
Noctua F12 industrialPPC-2000 IP67 PWM,120,Brown / Black,"450,2000",71.69,29.7,True,False,2027.1000000000001
KOLINK Classic,120,Black,1500,52.15,21.6,True,False,756.9000000000001
Silverstone FHS 140X,140,Black,"800,3400",222.95,50,True,False,1579.9199999999998
Phanteks M25-120 PWM,120,Black,"500,2000",84.26,35.7,True,False,984.84
Asus TUF Gaming TR120 ARGB 3-Pack,120,Black,2000,76.3,29,True,True,3653.42
Phanteks PH-F140D30R,140,Black,"250,1800",71.76,32.1,True,False,2493.42
Phanteks PH-F140D30R 3-Pack,140,White,"250,1800",71.76,32.1,True,False,6669.42
ID-COOLING AF-125 3-Pack,120,White,"500,2000",78.25,29.85,True,False,1449.4199999999998
Noctua F12 industrialPPC-2000,120,Brown / Black,2000,71.69,29.7,False,False,1621.1
NZXT F120P (2024),120,White,"500,2000",73.47,30,True,False,905.38
Antec Prizm 5+C 5-Pack,120,Black,2000,45.03,32.6,True,False,3305.42
Lian Li UNI FAN P28 3-Pack,120,White,"200,2600","44.94,92","20.4,32.1",True,False,7121.820000000001
TRYX ROTA SL 3-Pack,120,Black,"500,1850",65.64,28.87,True,False,4639.42
Jonsbo ZB-120BR,120,Black,"700,2400","20.95,65.26","20.3,36.6",True,False,840.42
Thermaltake CT120 ARGB Sync 2-Pack,120,White,"500,2000",57.05,25.8,True,True,1707.52
Noctua NF-A12x25 G2 LS-PWM,120,Brown,"850,1100","26.6,39.02","7.8,11.8",True,False,2024.1999999999998
MSI MPG EZ120 3-Pack,120,White,,"0,73.82","0,28.82",True,False,6959.42
Cooler Master MasterFan MF Halo 3-Pack,120,Black,"650,1800",47.2,"6,30",True,False,4058.84
NZXT F140 RGB DUO 2-Pack,140,Black,"500,1800",84.75,36,True,True,4010.7000000000003
Cooler Master MasterFan MF120 Halo²,120,Black,,51.88,27,True,False,1077.06
be quiet! Silent Wings Pro 4,140,White,2400,97.41,36.8,True,False,2197.62
be quiet! Light Wings PWM 3-Pack,140,Black,1500,56,23.3,True,False,4634.200000000001
Corsair iCUE LINK LX140 RGB 2-Pack,140,White,"350,2000","10.74,84.7","10,36",True,True,6959.42
Corsair RS140,140,Black,"330,1700","14.6,95.5","10,36",True,False,1158.84
Noctua NF-A6x25-PWM,60,Brown,"550,3000","13.3,17.19","13.7,19.3",True,False,983.0999999999999
ARCTIC S12038-4K 3-Pack,120,Black,"600,4000",106,,True,False,2029.42
Thermaltake CT,200,Black,"500,900",131.6,27.2,True,False,1158.84
Thermalright TL-P12-S,120,Black / White,1500,52.86,22.1,True,False,422.82
Cooler Master SickleFlow,140,Black,"650,1400",67,"10,27",True,False,1166.96
Corsair RS120 MAX,120,Black,2000,"16.5,72",29.5,True,False,2029.42
be quiet! Light Wings LX,140,Black,1800,75.5,30.5,True,False,1153.6200000000001
Thermaltake CT120 EX ARGB Sync 3-Pack,120,White,"500,2000",68,28.5,True,True,3479.42
MSI MPG F120 ARGB-2B 2-Pack,120,Black,"600,1200",50.79,25.7,True,True,2319.42
Fractal Design Dynamic X2 GP-14,140,Black,1000,68.4,18.9,False,False,1635.6
Fractal Design Aspect 12,120,Black,1200,32,18.3,False,False,2640.1600000000003
ARCTIC F8 PWM PST 5-Pack,80,Black,"300,2000",31,,True,False,2899.42
Thermalright TL-P9,92,Black,2200,32.77,23.85,True,False,463.42
MSI MPG EZ120,120,Black,,"0,73.82","0,28.82",True,False,2319.42
Noctua A15 HS-PWM chromax.black.swap,140,Multicolor,"300,1500",82.52,24.6,True,False,1679.1
APNX FP2,120,Black,"500,1800",83.87,"15.3,34.8",True,False,1871.66
HYTE flow FA12 3-Pack,120,Black / White,1500,72,28,True,False,2024.1999999999998
Thermalright TL-B8,80,Gray,2200,34,24,True,False,451.82
ARCTIC P9 Max,92,Black,"450,4300",58.25,,True,False,579.42
APNX FP1,120,Black,"500,1600",74.6,"15.3,33.2",True,False,984.26
Fractal Design Dynamic X2 GP-12,120,Black,1200,52.3,19.4,False,False,1536.4199999999998
Corsair RS120 MAX 3-Pack,120,Black,2000,"16.5,72",29.5,True,False,4680.6
Corsair iCUE LINK RX140 MAX Starter Kit 2-Pack,140,Black,"300,1600","27.5,103.5","10,31",True,False,2195.88
Thermaltake CT140 2-Pack,140,Black,"500,1500",77.37,,True,False,2028.84
NZXT F140 RGB,140,Black,"500,1800","24.85,89.48","20,32.5",True,True,1565.4199999999998
Lian Li Uni Fan SL 2-Pack,140,White,"500,1500",70.5,30,True,False,6035.4800000000005
be quiet! Light Wings LX 3-Pack,120,White,2100,61.8,30.9,True,False,3648.2
Jonsbo ZB-120B,120,Black,"700,2400","20.95,65.26","20.3,36.6",True,False,840.42
Phanteks M25G2-140 D-RGB 3-Pack,140,White,"350,1800",101.78,36.4,True,True,2319.42
Noctua A14 industrialPPC-2000 IP67 PWM,140,Brown / Black,"500,2000",107.41,31.5,True,False,2027.1000000000001
Corsair iCUE AF140 RGB ELITE 2-Pack,140,Black,"500,1700","19.5,89","5,33.8",True,True,4986.84
Cooler Master MasterFan MF140 Halo²,140,Black,,59.51,27,True,False,1401.8600000000001
Bitspower Notos,120,Black / White,"800,1800",,"25,28",True,False,1276.0
Phanteks PH-F140D30 3-Pack,140,Black,"250,1800",71.93,29.5,True,False,6669.42
be quiet! Light Wings 3-Pack,140,White,2200,71.7,31,True,False,4054.2000000000003
Thermaltake TOUGHFAN 2-Pack,120,Black,"500,2000",58.35,22.3,True,False,2087.42
Thermaltake CT140 ARGB Sync 2-Pack,140,Black,"500,1500",77.37,30.5,True,True,2551.42
Thermaltake SWAFAN EX14 ARGB 3-Pack,140,Black,"500,2000","79.3,81.6","34.5,38.8",True,True,5219.42
Iceberg Thermal IceGALE Xtra 3-Pack,120,Gray,"500,3000",127,"0,44",True,False,1449.4199999999998
be quiet! Silent Wings 4,140,White,1900,78.4,29.3,True,False,1560.1999999999998
Geometric Future Squama 2503 3-Pack,140,Black,"800,2400",91.15,34,True,False,2894.2
be quiet! Light Wings LX,120,Black,2100,61.8,30.9,True,False,1153.6200000000001
Thermaltake Riing Plus TT Premium Edition,200,Black,"500,1000",117.96,29.2,True,False,6906.64
Razer Kunai Chroma 3-Pack,120,Black,"500,2200","17.48,65.5","15,35",True,False,8116.5199999999995
GAMDIAS AEOLUS P2 3-Pack,120,Black,"1000,2400",74.97,,True,False,3942.84
Apevia Electro 6-Pack,120,White / Black,1350,57.67,24.7,False,False,2319.42
Corsair iCUE QL140,140,Black,"550,1250",50.2,26,True,False,2899.42
Corsair ML120 PRO 3-Pack,120,Black / White,"400,1600",47.3,25,True,False,9222.0
be quiet! Pure Wings 3 PWM,140,White,1200,57.4,21.9,True,False,864.2
Vetroo ARGB120 3-Pack,120,Black,1300,48.1,,True,True,1158.84
be quiet! Silent Wings 4,120,White,2500,76.7,31.2,True,False,2087.42
Cooler Master MasterFan MF Halo 3-Pack,120,White,"650,1800",47.2,"6,30",True,False,5970.5199999999995
Montech RX,140,White,"600,1600",90.5,27.9,True,False,921.0400000000001
Noctua A15 PWM,140,Brown,"900,1200",,"13.8,19.2",True,False,1389.1
ARCTIC P8 Max,80,Black,"500,5000",40,25.3,True,False,521.42
Noctua NF-A14x25r G2 PWM SX2-PP 2-Pack,140,Brown,1500,91.58,24.8,True,False,4927.1
Antec Storm T3 3-Pack,120,Black,"600,2200","18.17,80.47",36.99,True,False,1739.4199999999998
NZXT F140 RGB DUO 2-Pack,140,White,"500,1800",84.75,36,True,True,4174.84
Noctua A14 industrialPPC-2000,140,Brown / Black,2000,107.42,31.5,False,False,1911.1000000000001
be quiet! Light Wings,140,White,1300,51.37,25.5,True,False,2024.1999999999998
be quiet! Shadow Wings 2,140,Black,900,49.8,14.9,True,False,1095.6200000000001
Asus TUF GAMING TF120 ARGB White,120,White,"250,1900",76,29,True,True,927.42
Montech Metal Pro 3-Pack,120,White,"600,2200",76.2,29.1,True,False,2667.42
ENDORFY Stratus,120,Black,"200,1400",,,True,False,319.0
Thermalright TL-P9,92,White,2200,32.77,23.85,True,False,434.42
Fractal Design Prisma AL 2-Pack,180,Black,"300,1200","43.1,146.8","14.9,37.4",True,False,10518.3
Montech Metal Pro,120,Black,"600,2200",76.2,29.1,True,False,922.2
Noctua B9 redux-1600 PWM,92,Black / Gray,"350,1600",37.85,17.6,True,False,867.0999999999999
Fractal Design Dynamic X2 GP,180,Black,"300,1200","44.9,153.7","16,35.4",True,False,2712.6600000000003
Thermalright TL-9015,92,Gray,2700,42.58,22.4,True,False,434.42
Thermaltake CT140 EX Reverse ARGB Sync 3-Pack,140,White,"500,1800",94.95,32.8,True,True,4348.84
be quiet! Pure Wings 3 PWM High-Speed,140,White,1800,72.2,30.5,True,False,864.2
Thermaltake TOUGHFAN EX12 Pro 3-Pack,120,Black,"500,2000","64.21,70.8","22.6,29.8",True,False,4928.84
Noctua A12x25 ULN,120,Brown,"900,1200","23.19,32.78","7.6,12.1",False,False,2027.1000000000001
Gigabyte AORUS EZ CHAIN FAN 120 3-Pack,120,White,"600,2000",60,"8.2,29",True,False,3130.8399999999997
Noctua NF-A14x25r G2 PWM,140,Brown,1500,91.58,24.8,True,False,2607.1000000000004
ID-COOLING AF-ARGB-K 3-Pack,120,White,"500,2000",78,29.9,True,True,2319.42
Corsair iCUE QL120,120,White / Black,"525,1500",41.8,26,True,False,1449.4199999999998
Thermaltake Pure Plus RGB TT Premium Edition 3-Pack,140,Black,"500,1400",70.32,30.4,True,True,2899.42
Cooler Master CF120 ARGB,120,Black,1200,47.65,20,True,True,1158.84
Phanteks PH-F140D30,140,White,"250,1800",71.93,29.5,True,False,2202.2599999999998
Cooler Master SickleFlow ARGB,200,Black / Translucent White,,"0,102.8","0,15.7",True,True,1970.84
Noctua NF-A14x25 G2 LS-PWM,140,Brown,"600,800","39.7,48","8.6,11.4",True,False,2607.1000000000004
Corsair iCUE QL140 2-Pack,140,Black,1250,50.2,26,True,False,7217.5199999999995
HYTE THICC FP12 3-Pack,120,Black / White,,105.8,"10,47.3",True,False,4639.42
Thermaltake SWAFAN EX14 ARGB 3-Pack,140,White,"500,2000","79.3,81.6","34.5,38.8",True,True,5219.42
ARCTIC P9 PWM PST,92,Black,"200,3000",38.83,,True,False,492.42
TRYX ROTA SL 3-Pack,120,White,"500,1850",65.64,28.87,True,False,4638.84
Thermaltake CT140 ARGB Sync 2-Pack,140,White,"500,1500",77.37,30.5,True,True,2551.42
Phanteks PH-F140D30R,140,White,"250,1800",71.76,32.1,True,False,2319.42
NZXT F140 RGB,140,White,"500,1800","24.85,89.48","20,32.5",True,True,1565.4199999999998
be quiet! Light Wings PWM,140,Black,1500,56,23.3,True,False,2327.54
Scythe Wonder Tornado 3-Pack,120,Black,"350,2000","7.68,60.29","3,26.88",True,False,1739.4199999999998
Kingwin CF-012LB,120,Black,950,40,19,False,False,405.42
ARCTIC BioniX P120 A-RGB 3-Pack,120,Black,"400,2300",48,30,True,True,11181.24
NZXT F140 RGB DUO,140,White,"500,1800",84.75,36,True,True,2028.26
Gigabyte AORUS 120 ARGB,120,Black,"800,1700","18.52,40.85","7.3,28.6",True,True,2144.8399999999997
Cooler Master SickleFlow 120 ARGB 3 In 1 3-Pack,120,White,"650,1800",62,"8,27",True,True,4082.62
Thermalright TL-8015,80,Gray,2200,28.4,23.3,True,False,400.20000000000005
Noctua S12A ULN,120,Brown,"600,800",,"6.7,8.6",False,False,1273.1
ARCTIC P8,80,Black,3000,23.4,,False,False,463.42
Thermaltake CT ARGB Sync,200,White,"500,900",131.6,27.2,True,True,1449.4199999999998
Iceberg Thermal IceGALE Xtra 2-Pack,140,Gray,"500,2500",169,"0,47",True,False,928.0
Corsair AF120 ELITE,120,White / Gray,"400,1850","10.9,59.1",31.5,True,False,1158.84
be quiet! Pure Wings 2,140,Black,1000,61.2,18.8,False,False,690.2
Thermaltake CT120 EX Reverse ARGB Sync 3-Pack,120,Green,"500,2000",65.82,31.2,True,True,3768.84
Thermaltake CT140 EX ARGB Sync 3-Pack,140,Black,"500,1800",90.3,30.7,True,True,3768.84
Thermaltake CT120 EX ARGB Sync 3-Pack,120,Pink,"500,2000",68,28.5,True,True,3479.42
NZXT F120Q (2022),120,Black,"500,1200","27.77,64","16.7,22.5",True,False,1216.84
Corsair RS140 MAX 2-Pack,140,Black,1600,"27.5,104",31,True,False,4348.84
Noctua A12x25 FLX,120,Brown,"1350,2000","37.96,60.09","14.2,22.6",False,False,2027.1000000000001
Noctua A12x15 FLX,120,Brown,"950,1850","27.37,55.44","10.2,23.9",False,False,1389.1
Cooler Master MasterFan MF120 Halo²,120,White,,51.88,27,True,False,1013.84
Thermalright TL-P9,92,Black,2200,32.77,23.85,True,False,516.2
Noctua NF-A6x15 PWM,60,Brown,"3050,3500","11.83,13.77","16.5,19.8",True,False,983.0999999999999
Thermaltake CT120 EX Reverse ARGB Sync 3-Pack,120,Pink,"500,2000",65.82,31.2,True,True,3768.84
NZXT F120P (2022),120,White,"500,1800","21.67,78.02","17.9,30.6",True,False,869.42
Yeston SAKURA 6-Pack,120,Blue / White,"800,1800",79,35.4,True,False,3184.2
Yeston SAKURA 3-Pack,120,Blue / White,"800,1800",79,35.4,True,False,1734.1999999999998
Thermaltake CT120 2-Pack,120,White,"500,2000",57.05,25.8,True,False,1449.4199999999998
Thermalright TL-B14,140,Gray,1500,82.5,27.6,True,False,654.8199999999999
Phanteks PH-F140D30 3-Pack,140,White,"250,1800",71.93,29.5,True,False,6669.42
Lian Li UNI FAN AL120 V2,120,White,"250,2000",77.3,28.7,True,False,2377.42
Thermaltake Pure,200,Black,,129.63,28.2,False,False,811.42
HYTE THICC FP12 3-Pack,120,Black / White,,105.8,"10,47.3",True,False,6379.42
Noctua A4x10 PWM,40,Brown,"1000,5000","3.88,5.24","12.9,19.6",True,False,925.0999999999999
Noctua P12 PWM,120,Brown,"900,1300",,"12.6,19.8",True,False,1693.02
ARCTIC BioniX P120,120,White / Black,"200,2100",67.56,,True,False,869.42
NZXT F140 RGB DUO,140,Black,"500,1800",84.75,36,True,True,1792.1999999999998
ARCTIC P8 PST,80,,"200,3000",23.4,,True,False,919.88
Thermalright TL-B8,80,White,2200,34,24,True,False,399.62
be quiet! Light Wings PWM,120,Black,1700,41.51,20.6,True,False,1850.1999999999998
Thermaltake CT140 EX ARGB Sync 3-Pack,140,White,"500,1800",90.3,30.7,True,True,4204.42
ARCTIC BioniX F120,120,Black / White,"200,1800",69,24.4,True,False,868.26
Fractal Design Dynamic X2 GP,140,Black,"500,1700","47.9,105.9",33.7,True,False,1887.32
Thermalright TL-H12-X28-S,120,Black,2150,80.45,29.4,True,False,690.2
Silverstone Air Slimmer 140,140,Black,"1,1700","1,82","1,33",True,False,1913.42
Noctua R8 redux-1200,80,Black / Gray,1200,21.07,9.1,False,False,809.0999999999999
GAMDIAS AEOLUS P2,120,Black,"1000,2400",74.97,,True,False,1158.84
Noctua S12B redux-700,120,Black / Gray,700,33.49,6.8,False,False,983.0999999999999
Silverstone Air Slimmer 120 ARGB,120,Black,,"0,63.67","0,31.7",True,True,1842.66
be quiet! Pure Wings 2,92,Black,"500,1900",33.15,19.6,True,False,1363.0
Corsair iCUE LINK RX140 2-Pack,140,Black,1700,"18.1,95.7","10,36",False,False,4213.700000000001
Silverstone FHS 120X,120,Black,"1000,4000",143.98,51.8,True,False,1664.02
Antec Storm T3 3-Pack,140,Black,"600,1500","44.82,112.72",33.69,True,False,2319.42
be quiet! Light Wings LX 3-Pack,120,Black,1600,51.5,25.5,True,False,3184.2
Cooler Master MOBIUS 120P ARGB,120,Black,,75.2,30,True,True,2623.3399999999997
Noctua S12A FLX,120,Brown,"700,1200",,"7.4,17.8",False,False,1273.1
Super Flower MEGACOOL 3-Pack,120,Black / Purple,"2000,3300","90.04,151.87","35.73,48.39",True,False,4987.42
Thermalright TL-C12W-S V3,120,White,1500,66.17,25.6,True,False,405.42
Silverstone Air Slimmer 140 ARGB,140,Black,"1,1700","1,82","1,33",True,True,1669.82
be quiet! Pure Wings 3,120,Black,1600,49.9,25.5,False,False,748.2
Noctua P14s redux-1200,140,Black / Gray,1200,64.92,19.6,False,False,1041.1
Antec Tranquil 3-Pack,120,Black,"400,2000","11.05,59.23","18.7,28.6",True,False,2725.42
Thermaltake SWAFAN EX12 RGB 3-Pack,120,Black,"500,2000","56.26,57.11","30.5,32.5",False,True,6379.42
Cooler Master MOBIUS 140P ARGB,140,Black,,76.5,30,True,True,1534.68
Noctua P12 redux-1300,120,Gray,1300,54.32,19.8,False,False,896.0999999999999
NZXT Aer P,140,Black,"500,1800","27.27,98.17","21,38",True,False,1680.84
Vetroo ARGB120 3-Pack,120,White,1300,48.1,,True,True,1739.4199999999998
Thermaltake CT140 Reverse ARGB Sync 2-Pack,140,Black,"500,1800",94.95,32.8,True,True,3843.0800000000004
Scythe Kaze Flex140 Square,140,Gray / Black,"300,1800","16.8,100.8","4.19,26.45",True,False,1042.84
Cooler Master Mobius OC,120,Blue / Black,,"40.2,88.1","17.4,39.3",True,False,1913.42
Geometric Future Squama 2503R 3-Pack,140,Black,"800,2100",71.8,34,True,False,2314.2
Alphacool Apex Stealth Metal,120,Gold / Black,"400,3000",70.98,40.1,True,False,1305.0
Masscool SL-FD14025,140,Clear,1000,45.32,20,False,False,347.42
Yeston SAKURA,120,Blue / White,"800,1800",79,35.4,True,False,1212.1999999999998
Noctua P14s redux-900,140,Black / Gray,900,49.26,13.2,False,False,1041.1
Phanteks M25-140 PWM D-RGB 3-Pack,140,Black,"500,1800",104.62,36.57,True,True,3247.42
Thermaltake TOUGHFAN 12 Pro 2-Pack,120,Black,"500,2000","49.13,70.8","18.3,22.6",True,False,2529.96
ADATA XPG VENTO PRO,120,Gray / Black,"450,2150",75,"10,28",True,False,1179.72
Corsair ML140 PRO 2-Pack,140,Black / White,"400,1200",55.4,20.4,True,False,10699.26
ARCTIC P9 Silent,92,Black,1900,23.96,,True,False,434.42
Noctua S12B redux-1200,120,Black / Gray,1200,59.1,18.1,False,False,983.0999999999999
TRYX ROTA PRO,120,Black,"500,2250",81.32,30.97,True,False,1623.4199999999998
Cooler Master MasterFan MF140 Halo²,140,White,,59.51,27,True,False,1288.76
Iceberg Thermal IceGALE Xtra 2-Pack,140,Black,"500,2500",169,"0,47",True,False,928.0
ARCTIC P8 PST 5-Pack,80,Black,"200,3000",23.4,,True,False,1681.4199999999998
ARCTIC P12 PST,120,Black / Translucent Black,"200,1800",56.3,,True,False,1158.84
Silverstone FHS80X,80,Black,"2000,10000",83.66,61.4,True,False,1405.9199999999998
Thermaltake SWAFAN EX14 RGB 3-Pack,140,White,"500,2000","79.3,81.6","34.5,38.8",False,True,6901.42
be quiet! Shadow Wings 2,140,White / Black,900,"49.8,85",14.9,True,False,1153.6200000000001
Geometric Future Squama 2503R,140,Black,"800,2100",71.8,34,True,False,748.2
ID-COOLING TF-9215 ARGB,92,Black / White,"800,2500",44.3,"14,33.4",True,True,579.42
be quiet! Silent Wings 4,120,White,1600,48.7,18.9,True,False,1560.1999999999998
Thermalright TL-H12015,120,Black,1900,56.36,28.4,True,False,614.22
be quiet! Light Wings LX 3-Pack,120,White,1600,51.5,25.5,True,False,3184.2
Scythe Wonder Tornado 3-Pack,120,Black,"350,2500","7.68,75.17","3,35.57",True,False,1739.4199999999998
EK Loop Fan FPT 120 D-RGB,120,Black,"550,2300",77,36,True,True,1971.42
Iceberg Thermal IceGALE Xtra 3-Pack,120,Black,"500,3000",127,"0,44",True,False,1739.4199999999998
Thermaltake TOUGHFAN,120,Black,"500,2000",58.35,22.3,True,False,1419.84
Thermalright TL-B6B,60,Black,3200,16.17,20.17,True,False,451.82
Montech Metal Pro,120,White,"600,2200",76.2,29.1,True,False,1100.84
Thermalright TL-P9,92,White,2200,32.77,23.85,True,False,400.20000000000005
Thermaltake Pure Plus RGB TT Premium Edition 3-Pack,120,Black,"500,1500",56.45,25.8,True,True,3188.8399999999997
be quiet! Light Wings LX,140,Black,1200,56,22.9,True,False,1153.6200000000001
Noctua A14 FLX,140,Brown,"900,1200","52.2,68","13.8,19.2",False,False,1447.1
Montech AX,140,White,"600,1600",90.5,27.9,True,False,922.2
Thermaltake SWAFAN EX12 RGB 3-Pack,120,White,"500,2000","56.26,57.11","30.5,32.5",False,True,4043.7599999999998
be quiet! Silent Wings 3,120,Black,2200,73.33,28.6,True,False,3624.42
Thermaltake TOUGHFAN 14 Pro 2-Pack,140,Black,"500,2000","87.6,119.6","24.5,31.6",True,False,2899.42
Corsair ML120 Pro,120,Black / Red,"400,2400","12,75","16,37",True,False,1517.8600000000001
TRYX ROTA PRO,120,White,"500,2250",81.32,30.97,True,False,1623.4199999999998
Corsair iCUE QL140 2-Pack,140,White / Black,"550,1250",50.2,26,True,False,6959.42
Noctua P12 redux-900,120,Gray,900,37.31,12.6,False,False,983.0999999999999
Geometric Future Squama 2503R,120,White,1500,57.67,29.87,True,False,574.2
Silverstone Air Penetrator 184i PRO,180,Black,"1,1200","1,143.21","1,34.5",True,False,2029.42
Thermalright TL-H120-15B-S,120,Black,1900,56.36,28.4,True,False,690.2
Thermaltake TOUGHFAN,140,Black,"500,2000",119.1,"25.2,33.2",True,False,1288.18
MSI MPG EZ120,120,White,,"0,73.82","0,28.82",True,False,2319.42
Scythe Wonder Tornado,120,White,"350,2500","7.68,75.17","3,35.57",True,False,811.42
be quiet! Pure Wings 2,120,Black,2000,65.51,36.9,True,False,747.62
Apevia 12S 10-Pack,120,Black,1350,57.67,24.7,False,False,1681.4199999999998
Iceberg Thermal IceGALE Silent PWM 3-Pack,120,Black / Blue,"600,1600","50,55","20,25",True,False,1158.84
MSI Torx,120,Black / Red,"500,1800","19.79,71.27","17.2,33.6",True,False,5727.5
APNX FP1,140,White,"500,1300",86.9,"15.9,32.9",True,False,1463.34
Iceberg Thermal IceGALE 3-Pack,120,Teal,"500,1850",76,"0,35",True,False,695.42
Corsair RS140 MAX,140,Black,1600,"27.5,104",31,True,False,2319.42
GAMDIAS AEOLUS M3-1204R 4-Pack,120,Black,"800,2000",69.01,,True,False,2899.42
Scythe Wonder Tornado Slim,120,Black,"400,2000","6.8,34.31","3.12,26.36",True,False,753.42
Thermaltake CT120 EX ARGB Sync 3-Pack,120,Green,"500,2000",68,28.5,True,True,3479.42
Montech METAL 120 PWM,120,Black,"800,1950",69,26,True,False,666.42
Noctua A14 ULN,140,Brown,"650,800",,"9.1,11.9",False,False,1879.1999999999998
Phanteks PH-F120SK,120,Black,"500,1500",50,27,True,False,1042.84
Geometric Future Squama 3805 3-Pack,120,Black,"700,2500",115,40,True,False,3474.2
Phanteks PH-F120SK,120,Black / White,"500,1500",50,27,True,False,1158.84
Scythe Kaze Flex 120,120,Black,"300,1500","16.6,66.47","4,29.75",True,False,809.0999999999999
ARCTIC BioniX P120,120,Red / Black,"200,2100",67.56,,True,False,868.84
be quiet! Light Wings 3-Pack,140,White,1500,56,23.3,True,False,4054.2000000000003
Iceberg Thermal IceGALE 2-Pack,140,Black,"500,1600",96,"0,36",True,False,869.42
ARCTIC S12038-4K,120,Black,"600,4000",106,,True,False,869.42
MSI MPG F120 ARGB-2W 2-Pack,120,White,"600,1200",50.79,25.7,True,True,2319.42
be quiet! Light Wings LX 3-Pack,140,White,1800,75.5,30.5,True,False,4805.299999999999
Valkyrie X12F,120,Black,"800,2150",80,29,True,False,2946.3999999999996
Yeston SAKURA 6-Pack,120,Blue / White,"800,1800",79,35.4,True,False,3184.2
Razer Kunai Chroma 3-Pack,140,Black,"500,1600","34.48,81","15,30",True,False,8697.68
Corsair RS140,140,White,"330,1700","14.6,95.5","10,36",True,False,1158.84
Thermaltake Riing,120,Black / White,"1000,1500",40.6,"18.7,24.6",False,False,869.42
NZXT AER RGB 2,140,White,"500,1500","17.48,52.44","22,33",True,True,2492.8399999999997
Thermalright TL-H120-15W-S,120,White,1900,56.36,28.4,True,False,516.2
Geometric Future Squama 2505 3-Pack,120,Black,2000,91.3,35.06,True,False,1734.1999999999998
Thermaltake Riing Quad 12 RGB Radiator TT Premium Edition 3-Pack,120,Black,"500,1500",40.9,25,True,True,4801.820000000001
NZXT F140P (2024),140,White,"500,1700",93.2,30,True,False,1168.1200000000001
Corsair iCUE ML RGB ELITE Premium 2-Pack,140,White,"400,1600","15,82.9","10,31.8",True,True,2491.1000000000004
be quiet! Light Wings LX,120,Black,1600,51.5,25.5,True,False,1328.1999999999998
Vetroo ARGB120,120,Black,1300,48.1,,True,True,521.42
Thermaltake CT140 EX ARGB Sync 3-Pack,140,Pink,"500,1800",90.3,30.7,True,True,4058.84
Cooler Master SickleFlow,80,Black,,,,True,False,810.84
Antec Prizm 2-Pack,140,Black,1700,65.03,32,True,False,2087.42
Thermaltake Pure,120,Black,,40.99,19.5,False,False,955.84
NZXT Air Flow,120,Clear,1200,59.1,26.8,False,False,521.42
be quiet! Silent Wings 4,140,White,1100,51.3,13.6,True,False,1560.1999999999998
ADATA XPG HURRICANE,120,Black / White,"600,2000",61.5,18.17,True,False,2030.0
Thermaltake CT120 EX Reverse ARGB Sync 3-Pack,120,Blue,"500,2000",65.82,31.2,True,True,3768.84
NoiseBlocker NB-ELOOP X ARGB,120,Black,,"0,58.09","0,21.2",True,True,1563.1
Fractal Design Prisma AL 3-Pack,120,White / Black,"500,2000","20.68,85.71","14.8,32.7",True,False,3725.34
be quiet! Shadow Wings 2,120,Black,1100,38.5,15.7,False,False,979.62
Fractal Design Aspect 12 RGB 3-Pack,120,Black,1200,32,18.3,False,True,2996.2799999999997
Alphacool Apex Stealth Metal,120,Gold / Black,"400,2000",47,24.6,True,False,1189.0
Thermaltake CT120 EX ARGB Sync 3-Pack,120,Blue,"500,2000",68,28.5,True,True,3479.42
NZXT F120Q (2022),120,White,"500,1200","27.77,64","16.7,22.5",True,False,1448.84
EK Vardar EVO 120ER,120,Black / White,"500,2200",,33.5,True,False,1971.42
be quiet! Light Wings LX 3-Pack,140,White,1200,56,22.9,True,False,4812.26
Thermalright TL-H12015,120,White,1900,56.36,28.4,True,False,614.22
Super Flower MEGACOOL 3-Pack,140,Black / Purple,"1800,2700","110.33,175.03","39.24,50.59",True,False,4813.42
Vetroo ARGB120,120,Pink,1300,48.1,,True,True,521.42
Corsair iCUE SP140 RGB Elite 2-Pack,140,White,1200,"23.07,68.11","18,26.8",True,True,7021.4800000000005
Noctua R8 redux-1800,80,Black / Gray,1800,31.37,17.1,False,False,809.0999999999999
Apevia APEVIA CO312L-WH Cosmos 120mm White LED Ultra Silent Case Fan w/ 16 LEDs & Anti-Vibration Rubber Pads (3 Pack) 3-Pack,120,,1350,"57.67,56.67",24.7,False,False,984.84
Thermaltake SWAFAN EX14 RGB 3-Pack,140,Black,"500,2000","79.3,81.6","34.5,38.8",False,True,6192.66
Thermaltake CT140 2-Pack,140,White,"500,1500",77.37,,True,False,2028.84
Geometric Future Squama 2503,140,Black,"800,2400",91.15,34,True,False,1153.6200000000001
In Win CROWN AC140 2-Pack,140,Black / Clear,"500,1500",69.03,"18.1,32.5",True,False,3190.0
Thermalright TL-B14,140,White,1500,82.5,27.6,True,False,641.48
Alphacool Apex Stealth Metal,120,Silver / Black,"400,2000",47,24.6,True,False,1189.0
Corsair AF120 Quiet,120,Black,1100,39.88,21,False,False,3473.04
Yeston SAKURA 3-Pack,120,Blue / White,"800,1800",79,35.4,True,False,1734.1999999999998
NoiseBlocker NB-ELOOP X ARGB,120,White,,"0,58.09","0,21.2",True,True,2136.14
Noctua P14r redux-1500 PWM,140,Black / Gray,"450,1500",78.69,25.8,True,False,1041.1
Noctua A4x10,40,Brown,"3700,4500","3.88,4.83","12.9,17.89",False,False,925.0999999999999
Thermalright TL-B6W,60,White,3200,16.17,20.17,True,False,440.21999999999997
Iceberg Thermal IceGALE ARGB 3-Pack,120,Black / Teal,"500,2200",94,"0,38",True,True,1623.4199999999998
EK Loop Fan FPT 140 D-RGB,140,Black,"600,2200",118.01,44.56,True,True,2319.42
Yeston SAKURA,120,Blue / White,"800,1800",79,35.4,True,False,1212.1999999999998
Fractal Design Prisma AL,120,White / Black,"500,2000","20.68,85.71","14.8,32.7",True,False,1458.1200000000001
Noctua A8 FLX,80,Brown,"1200,2000","17,29.67","7.9,16.1",False,False,1041.1
Alphacool Apex Stealth Metal,120,Black,"400,3000",70.98,40.1,True,False,1305.0
Vetroo SA-140 3-Pack,140,Pink,1200,69.29,33.5,True,False,2029.42
be quiet! Silent Wings 4,140,Black,1100,51.3,13.6,False,False,2718.46
In Win Neptune AN120 3-Pack,120,Black / White,"900,2200","23.87,60.1",20.5,True,False,1426.8000000000002
Razer Kunai Chroma,120,Black,"500,2200","17.48,65.5","15,35",True,False,3419.1000000000004
Cooler Master MasterFan MF Halo,140,Black / White,"650,1500",55,"6,30",True,False,1600.22
Silverstone Shark Force,140,Black,,"0,120","0,38.3",True,False,2942.92
Antec NOVA 120 3-Pack,120,Black,"300,3200","44,95.32","21.5,38.7",True,False,3768.84
Noctua A20 FLX,200,Brown,"550,800","59.33,86.46","10.7,18.1",False,False,2085.1000000000004
be quiet! Light Wings 3-Pack,120,White,1700,41.51,20.6,True,False,3764.2000000000003
Scythe Grand Tornado,120,Black,"400,3000","12.23,97.82","9.3,36.63",True,False,1158.84
upHere T7SYC7 3-Pack,120,Black,"600,1700",,"16.1,27.7",True,False,1623.4199999999998
Vantec Tornado,80,Black,5700,84.1,55.2,False,False,4638.84
Nidec Servo Gentle Typhoon,120,Black / Gray,"900,2150","20,68","15,34",True,False,1389.1
Geometric Future Squama 2503R 3-Pack,140,White,"800,2100",71.8,34,True,False,2894.2
Thermaltake TOUGHFAN EX14 Pro 3-Pack,120,White,"500,2000","102.3,119.6","31.6,34.1",True,False,5508.84
Corsair SP140,140,Black / Red,1440,49.49,29.3,False,False,1158.84
APNX FP1,140,Black,"500,1300",86.9,"15.9,32.9",True,False,1463.34
Scythe Kaze Flex II,120,Black,"300,2000","16.9,90.28","4,36.2",True,False,925.0999999999999
Scythe Wonder Snail 120,120,Black,"300,2400","7.68,77.23","3,29.3",True,False,983.0999999999999
Apevia APEVIA CO312L-RD Cosmos 120mm Red LED Ultra Silent Case Fan w/ 16 LEDs & Anti-Vibration Rubber Pads (3 Pack) 3-Pack,120,,1350,"57.67,56.67",24.7,False,False,984.84
Thermaltake SWAFAN EX14 ARGB 3-Pack,140,Blue / White,"500,2000","79.3,81.6","34.5,38.8",True,True,4579.1
Cougar Vortex,120,Orange,1200,60.4,17.7,False,False,927.42
Vetroo ARGB120,120,White,1300,48.1,,True,True,405.42
Cooler Master MasterFan MF120R 3-Pack,120,Black,"650,2000",59,31,True,False,5217.679999999999
be quiet! Pure Wings 2,80,Black,"750,1900",26.3,18.2,False,False,690.2
Thermaltake Riing Quad 14 RGB Radiator TT Premium Edition 3-Pack,140,White,"500,1400",60.17,26.1,True,True,7539.42
Scythe Wonder Tornado,120,Black,"350,2000","7.68,60.29","3,26.88",True,False,753.42
Corsair ML140 PRO,140,Black / White,"400,1200",55.4,20.4,True,False,1991.1399999999999
Silverstone Shark Force 120,120,Black,,"0,100","0,41.2",True,False,2029.42
Geometric Future Squama 2501 3-Pack,120,White,2000,80.81,34.2,True,False,1154.1999999999998
Thermaltake CT140 EX Reverse ARGB Sync 3-Pack,140,Green,"500,1800",94.95,32.8,True,True,3481.1600000000003
Cooler Master MOBIUS 120,120,Black,,63.1,22.6,True,False,2212.7
Iceberg Thermal IceGALE Silent 3-Pack,120,Black / Blue,1100,30,12.3,False,False,811.42
Silverstone Air Slimmer,92,Black,"500,2500","5.38,45.73","11.3,32",True,False,851.4399999999999
EK Loop Fan FPT 140 D-RGB,140,White,"600,2200",118.01,44.56,True,True,2319.42
iBuypower GEN 9 Deluxe 3-Pack,120,Black,"500,1800",,,True,False,2319.42
Mars Gaming MF-LINKFINITY,120,Black,"800,2000",69,,True,False,1396.06
Geometric Future Squama 2503 3-Pack,120,Black,2000,69.11,29,True,False,2894.2
ARCTIC P8 PST CO,80,Black,"200,3000",23.4,,True,False,1114.76
Xilence XPF120.R,120,Red / Black,1300,44.71,22,False,False,588.7
Lian Li Uni Fan AL,120,White,"800,1900",64.5,"17,28.3",True,False,2598.98
Thermaltake CT140 EX ARGB Sync 3-Pack,140,Green,"500,1800",90.3,30.7,True,True,4348.84
Iceberg Thermal IceGALE Xtra 2-Pack,140,Teal,"500,2500",169,"0,47",True,False,927.42
Cooler Master MasterFan MF Halo,120,White,"650,1800",47.2,"6,30",True,False,1583.98
Geometric Future Squama 3805,120,Black,"700,2500",115,40,True,False,1444.1999999999998
Vetroo SA-140 3-Pack,140,Black,1200,69.29,33.5,True,False,1739.4199999999998
Thermaltake Riing Quad 14 RGB Radiator TT Premium Edition 3-Pack,140,Black,"500,1400",60.17,26.1,True,True,6031.42
Cooler Master MasterFan MF200R ARGB,200,Black / Gray,800,90.3,28,False,True,2551.42
Thermaltake TOUGHFAN 12 Pro,120,Black,"500,2000","49.13,70.8","18.3,22.6",True,False,1482.48
Iceberg Thermal IceGALE 3-Pack,120,Gray,"500,1850",76,"0,35",True,False,753.42
Thermaltake CT140 EX Reverse ARGB Sync 3-Pack,140,Pink,"500,1800",94.95,32.8,True,True,4058.84
Rosewill ROCF-13001,120,Black,1200,38.2,22,False,False,811.42
Fractal Design Prisma AL,180,White,"300,1200","43.1,146.8","14.9,37.4",True,False,4153.38
Antec Tranquil,120,Black,"400,2000","11.05,59.23","18.7,28.6",True,False,1288.76
Mars Gaming MF-LINKFINITY 3-Pack,120,Black,"800,2000",69,,True,False,3063.56
be quiet! Light Wings LX 3-Pack,140,Black,1200,56,22.9,True,False,4912.6
Thermaltake TOUGHFAN EX12 Pro 3-Pack,120,White,"500,2000","64.21,70.8","22.6,29.8",True,False,4638.84
Scythe Kaze Flex,120,Gray / Black,"300,1200","16.6,51.17","4,24.9",True,False,809.0999999999999
Thermalright TL-9015,92,White,2700,42.58,22.4,True,False,446.02000000000004
Iceberg Thermal IceGALE ARGB 2-Pack,140,Black / Teal,"500,1600",96,"0,36",True,True,1333.4199999999998
Iceberg Thermal IceGALE 2-Pack,140,Teal,"500,1600",96,"0,36",True,False,811.42
Noctua P12-1300,120,Brown,"900,1300","37.33,54.36","12.6,19.8",False,False,1689.54
Scythe Kaze Flex,120,Black,800,43.03,14.5,False,False,1383.3000000000002
ENDORFY Fluctus,140,Black,"250,1800",,,True,False,899.0
Super Flower MEGACOOL,120,Black / Purple,"2000,3300","90.04,151.87","35.73,48.39",True,False,1855.4199999999998
Iceberg Thermal IceGALE 3-Pack,120,Black,"500,1850",76,"0,35",True,False,1158.84
be quiet! Shadow Wings 2,120,White / Black,900,38.5,15.9,True,False,1095.6200000000001
Geometric Future Squama 2503R,140,White,"800,2100",71.8,34,True,False,1153.6200000000001
be quiet! Silent Wings 4,120,Black,1600,48.7,18.9,False,False,1560.1999999999998
Enermax HF120 3-Pack,120,Black,"500,1600","22.5,72.1","14,27",True,False,2666.8399999999997
Asus TUF Gaming TR120 ARGB,120,Black,2000,76.3,29,True,True,3653.42
Apevia Twilight 6-Pack,120,White / Black,1350,57.67,24.7,False,False,2435.42
ARCTIC P9 PWM PST CO,92,Black,"200,3000",38.83,,True,False,550.42
Corsair ML Elite,120,White,"450,2000","14.86,58.1","10,30.4",True,False,2824.02
Thermaltake SWAFAN EX12 ARGB 3-Pack,120,Blue / White,"500,2000","56.26,57.11","30.6,32.5",True,True,4544.88
Apevia C 3-Pack,120,Black / White,1500,57.67,24.7,False,False,983.0999999999999
Cooler Master SickleFlow,120,Black,"650,1800",62,"8,27",True,False,2029.42
ARCTIC BioniX P140,140,Black / Gray,"200,1950",77.6,,True,False,3435.92
Montech HP,140,Black,"600,1600",95.61,29.2,True,False,1142.02
Silverstone Shark Force,140,Black,,"0,120","0,38.3",True,False,2030.0
Mars Gaming MF-LINKFINITY 3-Pack,120,White,"800,2000",69,,True,False,3130.8399999999997
ID-COOLING NO-12015-XT ARGB,120,Gray / Black,"500,2000",54.6,"13.8,31.2",True,True,753.42
Xilence XPF120.R.PWM,120,Red / Black,"500,1500",57.9,28,True,False,2610.0
Thermaltake Pure ARGB TT Premium Edition 3-Pack,120,Black,"500,1500",56.45,25.8,True,True,5325.5599999999995
Cooler Master MasterFan MF Prismatic,120,Black / White,"650,2000",55,"8,27",True,False,2957.42
Geometric Future Squama 2505 3-Pack,120,Yellow / Black,2000,91.3,35.06,True,False,2894.2
Phanteks F140XP,140,Black / White,"600,1200","40.9,85.19",19,True,False,5074.42
Cooler Master R4-SPS-20AK-GP,80,Black,2000,24.2,20,False,False,579.42
be quiet! Shadow Wings 2,140,Black,900,49.8,14.7,False,False,1162.9
Razer Kunai Chroma,140,Black,"500,1600","34.48,81","15,30",True,False,2897.1000000000004
NZXT AER RGB 2 3-Pack,120,White,"500,1500","17.48,52.44","22,33",True,True,6378.84
NoiseBlocker NB-ELOOP X ARGB,120,Black,,"0,109.47","0,28.4",True,True,1737.1
Cooler Master Mobius 120P 3-Pack,120,Black,,"0,75.2","0,30",True,False,6253.5599999999995
Scythe Kaze Flex Slim,92,Black,"300,2500","4.96,41.3","1.8,23.2",True,False,809.0999999999999
Thermaltake Riing Trio 14 RGB TT Premium Edition 3-Pack,140,Black,"500,1400",60.68,26.5,True,True,8599.08
Geometric Future Squama 2503 3-Pack,140,White,"800,2400",91.15,34,True,False,2894.2
Aerocool Silent Master,200,Red,800,76,18,False,False,870.0
be quiet! Pure Wings 3,140,Black,1200,57.4,21.9,False,False,748.2
Thermaltake TOUGHFAN 14 Pro,140,Black,"500,2000","87.6,119.6","24.5,31.6",True,False,2028.84
Thermaltake Riing,140,Black / Orange,"1000,1400",51.15,"22.1,28.1",False,False,1034.72
Apevia APEVIA CO312L-PK Cosmos 120mm Pink LED Ultra Silent Case Fan w/ 16 LEDs & Anti-Vibration Rubber Pads (3 Pack) 3-Pack,120,,1350,"57.67,56.67",24.7,False,False,869.42
Thermaltake Riing,120,Black / Blue,"1000,1500",40.6,"18.7,24.6",False,False,984.84
Corsair iCUE QL140,140,White / Black,"550,1250",50.2,26,True,False,3479.42
In Win Neptune DN120 Pro,120,Black / Red,"900,2200","24.15,60.56",20.3,True,False,870.0
Vetroo SA-140,140,Pink,1200,69.29,33.5,True,False,573.0400000000001
Thermaltake Riing,120,Black,"1000,1500",40.6,26.4,True,False,6994.799999999999
Silverstone Air Penetrator,180,Black,"700,1200","80,130","18,34",False,False,2630.3
Iceberg Thermal IceGALE Xtra 3-Pack,120,Teal,"500,3000",127,"0,44",True,False,1449.4199999999998
Silverstone VISTA,120,Black,,"0,66","0,30.6",True,False,811.42
StarTech FAN8025PWM,80,Black,"800,2500","9.74,25.02","10,28",False,False,505.18000000000006
Noctua A9 FLX,92,Brown,"1050,1600","25.25,38.02","8.4,17.1",False,False,1099.1
Apevia APEVIA CO512L-PK Cosmos 120mm Pink LED Ultra Silent Case Fan w/ 16 LEDs & Anti-Vibration Rubber Pads (5 Pack) 5-Pack,120,,1350,"57.67,56.67",24.7,False,False,1158.84
Scythe Kaze Flex II Slim,120,Black,"300,1800","8.16,48","2.58,27.8",True,False,983.0999999999999
Montech HP 3-Pack,140,Black,"600,1600",95.61,29.2,True,False,2667.42
Thermaltake Pure Duo 2-Pack,140,White,"500,1500",,33.5,True,False,2376.8399999999997
EK Loop Fan FPT 120 D-RGB,120,White,"550,2300",77,36,True,True,1728.4
In Win Luna AL120 3-Pack,120,Black / White,"600,1800",82.96,25,True,False,4347.1
Scythe Wonder Tornado,120,Black,"350,2500","7.68,75.17","3,35.57",True,False,753.42
Thermaltake CT120 EX Reverse ARGB Sync 3-Pack,120,Green / Black,"500,2000",65.82,31.2,True,True,3479.42
Thermaltake SWAFAN 12 3-Pack,120,Black,"500,2000","53.02,54.85","30.5,36.5",False,False,4987.42
ENDORFY Fluctus,120,Black,"250,1800",,,True,False,754.0
NZXT Air Flow,120,Clear,1200,59.1,26.8,False,False,579.42
ENDORFY Fluctus,120,Black,"250,1800",,,True,False,609.0
Cooler Master Mobius 120P 3-Pack,120,White,,"0,75.2","0,30",True,False,6153.799999999999
Thermaltake CT120 EX ARGB Sync 3-Pack,120,Yellow,"500,2000",68,28.5,True,True,3479.42
Montech HP,140,White,"600,1600",95.61,29.2,True,False,1087.5
ADATA XPG VENTO,120,Black / White,1200,45.3,23,False,False,1310.8000000000002
NZXT F140Q (2022),140,Black,"500,1200","42.92,101","18,23",True,False,1564.84
Alphacool Apex Stealth Metal,120,White / Black,"400,2000",47,24.6,True,False,1189.0
Apevia Cosmos 3-Pack,120,,1350,"57.67,56.67",24.7,False,False,984.84
Iceberg Thermal IceGALE ARGB 3-Pack,120,Teal / White,"500,2200",94,"0,38",True,True,1623.4199999999998
Mars Gaming MF-LINKFINITY,120,White,"800,2000",69,,True,False,1350.24
Thermaltake TOUGHFAN Turbo,120,Black,"500,2500",72.69,28.1,True,False,1269.04
Thermaltake CT120 EX ARGB Sync 3-Pack,120,Brown,"500,2000",68,28.5,True,True,3479.42
GAMDIAS AEOLUS M2 4-Pack,120,Black,"700,1500",56,,True,False,3479.42
Gelid Solutions Silent 7,70,Black,2200,19.8,21.8,False,False,533.02
Thermaltake Riing Plus TT 3-Pack,140,Black,"500,1400",63.19,27.2,True,False,5508.84
Thermaltake CT120 EX ARGB Sync 3-Pack,120,Green / Black,"500,2000",68,28.5,True,True,3479.42
Apevia CF12SL-UGN,120,Green,1700,63.85,29.67,False,False,463.42
Alphacool Apex Stealth Metal,120,Silver / Black,"400,3000",70.98,40.1,True,False,1305.0
Alpenföhn Wing Boost 3 ARGB 3-Pack,120,Black,"700,2200",77.9,36.8,True,True,5334.84
Thermaltake CT140 EX Reverse ARGB Sync 3-Pack,140,Blue,"500,1800",94.95,32.8,True,True,4348.84
Phanteks F200SP,200,Black,850,110.1,25,False,False,1739.4199999999998
Thermaltake TOUGHFAN 14 3-Pack,140,Black,"500,2000",,30.7,False,False,7539.42
Enermax T.B. RGB AD 3-Pack,120,Black,"500,1500","13.71,47.53","14,22",True,True,1334.0
ARCTIC F8 CO,80,Black,"850,2000",31,,True,False,807.9399999999999
Gelid Solutions Silent,40,Black,4200,4.5,18.89,False,False,516.2
Apevia C 5-Pack,120,Black / White,1500,57.67,24.7,False,False,1563.1
Thermaltake CT120 EX Reverse ARGB Sync 3-Pack,120,Yellow,"500,2000",65.82,31.2,True,True,3479.42
Thermaltake CT140 EX ARGB Sync 3-Pack,140,Green / Black,"500,1800",90.3,30.7,True,True,4058.84
Corsair SP120 Quiet,120,Black,1450,37.85,23,False,False,3964.88
Corsair AF120 Quiet 2-Pack,120,Black / Blue,1500,52.19,25.2,False,False,8079.9800000000005
Thermaltake Riing Trio 12 RGB TT Premium Edition 3-Pack,120,Black,"500,1500",41.13,25.2,True,True,5508.84
Antec NOVA 120,120,White,"300,3200","44,95.32","21.5,38.7",True,False,1243.52
Thermaltake CT140 EX Reverse ARGB Sync 3-Pack,140,Green / Black,"500,1800",94.95,32.8,True,True,4058.84
Scythe Kaze Flex RGB,120,Black / White,"300,1200","16.6,51.17","4,24.9",True,True,983.0999999999999
Scythe Wonder Tornado,120,Black,"350,2500","7.68,75.17","3,35.57",True,False,1159.4199999999998
be quiet! Shadow Wings 2,120,White / Black,1100,"38.5,65",15.7,False,False,1505.1
Thermaltake TOUGHFAN,120,White,"500,2000",58.35,22.3,True,False,1158.84
Corsair ML140 Pro,140,Black / Blue,"400,2000","20,97","16,37",True,False,2643.06
Corsair ML Elite,120,Black,"450,2000","14.86,58.1","10,30.4",True,False,2894.7799999999997
Geometric Future Squama 2503,140,White,"800,2400",91.15,34,True,False,1153.6200000000001
Silverstone VISTA 120F,120,Black,1500,48,23.1,False,False,513.3
Fractal Design Silent R3,92,Black / White,1500,24.4,18.3,False,False,615.38
be quiet! Silent Wings 3,120,Black,2200,73.33,28.6,False,False,3886.0
Azza Hurricane III Digital,120,White,"1000,1800",49.1,26.29,True,False,1100.84
Geometric Future Squama 2505 3-Pack,120,White,2000,91.3,35.06,True,False,1734.1999999999998
Thermaltake CT,200,White,"500,900",131.6,27.2,True,False,1158.84
Scythe Kaze Flex Slim,120,Black / White,"300,1800","8.28,50.79","2.7,30",True,False,1130.4199999999998
Alphacool Apex Stealth Metal,120,Black,"400,2000",47,24.6,True,False,1189.0
Thermalright TL-15R,92,,2700,42.58,22.4,True,False,463.42
Thermaltake SWAFAN GT14,140,Black,"500,2000","54.71,58.17","26.5,29.8",True,False,869.42
Antec NOVA 120,120,Black,"300,3200","44,95.32","21.5,38.7",True,False,1474.94
Cooler Master SickleFlow,92,Black,,,,True,False,1042.84
Nexus D12SL-12WL,120,Clear,1000,36.86,18,False,False,644.9599999999999
EK Quantum Impulse D-RGB,120,Black / White,"400,1800",57.5,24.3,True,True,2609.42
Evercool EC4028HH12BP,40,Black,"3000,12000",,46,False,False,695.42
NoiseBlocker ELoop B,140,Black,1200,83.93,24,True,False,2148.32
Phanteks FSK,140,Black / White,"500,1500",,,True,False,2993.38
EK Loop Fan FPT 140,140,Black,"600,2200",118.01,44.56,True,False,1765.52
Scythe Wonder Snail,120,White,"300,2400","7.68,77.23","3,29.3",True,False,983.0999999999999
SeaSonic MAGFLOW 3-Pack,120,Black,"600,2000",63.33,"9.9,33.78",True,False,4058.84
Evercool Evergreen,120,Green,800,30.51,16,False,False,580.0
Noctua B9 redux-1600,92,Black / Gray,"350,1600",37.85,17.6,False,False,867.0999999999999
Aerocool Silent Master,200,Blue,800,76,18,False,False,870.0
Akasa Soho AR,120,Black,"500,2000",52.91,"14.2,31.8",True,False,2073.5
Iceberg Thermal IceGALE 2-Pack,140,Gray,"500,1600",96,"0,36",True,False,869.42
In Win Neptune DN140 Pro,140,Black / Red,"900,1800","43.74,91.66",24,True,False,1044.0
Xilence XPF120.W.ARGB,120,White,"500,1500",68.2,"18,32.5",True,True,1447.1
Thermaltake CT140 EX ARGB Sync 3-Pack,140,Yellow,"500,1800",90.3,30.7,True,True,4058.84
Apevia CF312SL-UGN 3-Pack,120,Green,1700,,29.67,False,False,867.0999999999999
Thermaltake Pure Duo 2-Pack,120,Black,"500,1500",,28,True,False,2028.84
Thermaltake CT140 EX Reverse ARGB Sync 3-Pack,140,Brown,"500,1800",94.95,32.8,True,True,4058.84
Thermaltake Blue-Eye,80,Transparent,"1300,2500",32.92,"17,28",False,False,802.14
Scythe Kaze Flex Slim RGB,92,Black,"300,2500","4.96,41.3","1.8,23.2",True,True,925.0999999999999
NoiseBlocker ELoop B,140,Black / White,1400,104.93,28.5,False,False,2426.7200000000003
Thermaltake Riing,140,Black / Blue,"1000,1400",51.15,"22.1,28.1",False,False,1026.6
SeaSonic MAGFLOW ARGB,120,Black,2000,49.47,30.115,True,True,2890.14
Thermaltake CT140 EX ARGB Sync 3-Pack,140,Blue,"500,1800",90.3,30.7,True,True,3243.36
Akasa Viper,140,Black / Yellow,"600,1600",109.55,"7,21.7",True,False,1641.4
Cougar CFD,140,Black / White,1000,73.18,18,False,False,1824.68
be quiet! Pure Wings 2,92,Black,"900,1900",33.15,18.6,False,False,1085.18
Cooler Master MasterFan MF140R,140,Black,"650,1500",90,33.5,True,False,2256.2
Iceberg Thermal IceGALE Xtra,80,Teal / White,"800,3000",37,"0,29",True,False,493.58
Evercool EC4020SH12BP,40,Black,"3000,9000",,32,False,False,694.84
Silverstone AP,120,Black / White,"500,1800","6.37,25.5","19.25,23.54",True,False,2666.8399999999997
Thermaltake CT120 EX Reverse ARGB Sync 3-Pack,120,Brown,"500,2000",65.82,31.2,True,True,3479.42
Montech HP 3-Pack,140,White,"600,1600",95.61,29.2,True,False,2145.42
iBuypower GEN 9 Deluxe 3-Pack,120,White,"500,1800",,,True,False,2319.42
Apevia APEVIA CO312L-GN Cosmos 120mm Green LED Ultra Silent Case Fan w/ 16 LEDs & Anti-Vibration Rubber Pads (3 Pack) 3-Pack,120,,1350,"57.67,56.67",24.7,False,False,984.84
Corsair ML Elite,120,White,"450,2000","14.86,58.1","10,30.4",True,False,2104.2400000000002
Vetroo SA-140 3-Pack,140,White,1200,69.29,33.5,True,False,1739.4199999999998
Thermaltake Pure,200,Clear,800,129.63,28.2,False,False,1059.66
ARCTIC F8 PWM PST 5-Pack,80,Black / White,"300,2000",31,,True,False,3105.32
Thermaltake TOUGHFAN 12 3-Pack,120,Black,"500,2000",53.75,21.2,False,False,7248.84
Iceberg Thermal IceGALE ARGB 2-Pack,140,Teal / White,"500,1600",96,"0,36",True,True,1158.84
Thermaltake CT140 EX Reverse ARGB Sync 3-Pack,140,Yellow,"500,1800",94.95,32.8,True,True,4058.84
NoiseBlocker NB-ELOOP X ARGB,120,White,,"0,77.93","0,28.4",True,True,2605.94
In Win Saturn ASN120 3-Pack,120,White / Black,"500,1800",,,True,False,2923.7799999999997
Silverstone FQ,120,White / Blue,"800,1500","37.79,63.8","15.9,24.9",True,False,1217.4199999999998
be quiet! Silent Wings 3,140,Black,1000,59.5,15.5,False,False,3770.0
NZXT F140Q (2022),140,White,"500,1200","42.92,101","18,23",True,False,1564.84
Thermaltake SWAFAN 14 3-Pack,140,Black,"500,2000","71.3,77.6","34.5,10.5",False,False,6901.42
Silverstone AP,180,Black,"400,1500","24.49,140.13","18,37",True,False,2667.42
Thermaltake SWAFAN GT12,120,Black,"500,2000","54.71,58.17","26.5,29.8",True,False,1739.4199999999998
Silverstone FM,120,White,"800,2400",110.03,"17,39.5",False,False,927.42
Noctua NF-A6x25 FLX,60,Brown,"1600,3000","9.82,17.18","8.19,19.3",False,False,983.0999999999999
Aerocool X-Blaster,80,Translucent Black,4000,52.8,45.6,False,False,631.0400000000001
Thermaltake Riing Quad 12 RGB Radiator TT Premium Edition 3-Pack,120,White,"500,1500",40.9,25,True,True,6263.42
NoiseBlocker NB-ELOOP X ARGB,140,Black,,"0,109.47","0,29.6",True,True,2803.14
Fractal Design Silent R3,50,Black / White,3500,6.8,19,False,False,1223.8000000000002
SeaSonic MAGFLOW,120,Black,"600,2000",63.33,"9.9,33.78",True,False,1611.82
SilenX Effizio,80,White,1700,32,15,False,False,897.84
NoiseBlocker BlackSilentPro P-P,92,Black,1800,38.25,20,True,False,869.42
Thermaltake Riing,140,Black / Green,"1000,1400",51.15,"22.1,28.1",False,False,869.42
be quiet! Shadow Wings 2,140,White / Black,1100,"49.8,85",14.7,False,False,1153.6200000000001
Scythe Grand Tornado,120,Black,"400,2000","12.23,63.25","9.3,23.37",True,False,1158.84
Antec True Quiet,120,Red,"600,1000","21.2,35.3","8.9,19.89",False,False,1186.68
SHARKOON Shark Blade,120,Black / Red,1000,33,19,False,False,952.9399999999999
Vetroo SA-120,120,Black,"800,1300","26.05,58.18",36.1,True,False,869.42
Vetroo SA-140,140,White,1200,69.29,33.5,True,False,573.0400000000001
Thermaltake CT140 EX ARGB Sync 3-Pack,140,Brown,"500,1800",90.3,30.7,True,True,4058.84
Scythe Kaze Flex II,120,Black,"300,1200","16.9,52.94","4,23.8",True,False,925.0999999999999
Apevia C 3-Pack,120,Black / Red,1500,57.67,24.7,False,False,1041.1
RAIJINTEK Iris,120,,"800,1800",42.17,26.5,True,False,405.42
SilenX Effizio,80,Clear,1700,32,15,False,False,1122.3000000000002
SilenX Ixtrema Pro,120,Black,1400,90,18,False,False,1447.1
Gelid Solutions Wing PL,120,Black / Blue,1500,64.3,"12,25",False,False,1093.3000000000002
ARCTIC BioniX P140,140,White / Gray,"200,1950",77.6,,True,False,753.42
Iceberg Thermal IceGALE,80,Teal / White,"800,2000",29,"0,26",True,False,979.04
Corsair ML140 LED ELITE Red Premium,140,Black,"400,1600","15,82.9","10,31.8",True,False,2029.42
Corsair ML140 LED ELITE Red Premium,140,White,"400,1600","15,82.9","10,31.8",True,False,1771.9
Corsair ML140 LED ELITE Blue Premium,140,White,"400,1600","15,82.9","10,31.8",True,False,3123.3
NoiseBlocker ELoop B,140,Black / White,"300,1200",83.92,24.28,True,False,2591.44
In Win CROWN AC120 2-Pack,120,Black / Clear,"500,1600",53.08,"14.7,28.3",True,False,2262.0
Cooler Master MasterFan SF120P,120,Black,"650,2000",43,"8,30",True,False,1116.5
Scythe Kaze Flex II Slim,120,Black,"300,1500","8.16,39.44","2.58,23.8",True,False,983.0999999999999
Xilence Performance C,140,Red / Black,"700,1500",62.05,30,True,False,982.5200000000001
SilenX Effizio,120,Clear,1400,74,15,False,False,1222.6399999999999
Silverstone FN,120,Black,1200,58.47,25.15,False,False,969.76
Vantec Stealth,120,Black,1500,53,28,False,False,763.28
Apevia CF12S-BK,120,Black,1500,57.67,24.7,False,False,463.42
Thermaltake Riing,120,Black / Green,"1000,1500",40.6,"18.7,24.6",False,False,1048.06
Scythe Slipstream,120,Black,"200,1300","9.8,74.25","3,26.5",True,False,1449.4199999999998
Enermax T.B. Silence,92,Black,1400,27.18,13,False,False,2900.0
Thermaltake Pure Duo 2-Pack,140,Black,"500,1500",,33.5,True,False,5598.16
Corsair ML140 LED ELITE White Premium,140,Black,"400,1600","15,82.9","10,31.8",True,False,3111.12
Silverstone FN80,80,Black,2000,27.81,22.9,False,False,806.78
Thermaltake Riing Plus TT Premium Edition,120,Black,"500,1400","5,14",24.7,True,False,1158.84
Valkyrie X12F,120,White,"800,2150",80,29,True,False,1461.02
ARCTIC F12 CO,120,Black,"600,1350",74,,True,False,825.92
Akasa Viper,140,Black / Yellow,"600,1600",110.61,"12.5,26.01",True,False,2728.32
Noctua NF-A6x15 FLX,60,Brown,"3050,3500","8.53,13.77","16.5,19.8",True,False,983.0999999999999
Scythe Gentle Typhoon,120,Gray,500,18.25,5,False,False,1231.34
Reeven Euros,120,Black,1200,46.4,22.3,False,False,579.42
Thermaltake Pure Duo 2-Pack,120,White,"500,1500",,28,True,False,2028.84
Scythe Kaze Flex ARGB,120,Black / White,"300,1800","16.6,79.76","4,35.8",True,True,1273.1
EK Loop Fan FPT 120,120,Black,"550,2300",77,36,True,False,2029.42
Evercool EC4015SH12BP,40,Black,"3000,10000",,32,False,False,693.0999999999999
StarTech FANBOX,120,Black,2000,72.94,30,False,False,648.4399999999999
Prolimatech Vortex,120,Blue,"1200,1600",72.67,29.1,False,False,463.42
Thermaltake Riing,140,Black / Yellow,"1000,1400",51.15,"22.1,28.1",False,False,3589.04
Scythe Slipstream,120,Black,800,40.17,10.7,False,False,637.42
ARCTIC F12 TC,120,White / Black,1350,53,,False,False,737.76
Rosewill RGBF-S12001 3-Pack,120,Black,"800,1800",41.2,27.8,True,True,4784.42
SilenX Ixtrema Pro,80,Black,1600,18,11,False,False,1249.32
Antec 75001,80,Clear,2600,34,30,False,False,928.0
Cougar Vortex,120,Black,"800,1500",70.5,17.89,False,False,1736.52
NoiseBlocker BlackSilentPro P-P,120,Black,1500,58.85,24,True,False,869.42
Gelid Solutions Silent,120,White,1000,37,20.2,False,False,867.0999999999999
Nexus D12SL-12,120,Black / White,1000,36.86,18,False,False,1054.44
Antec True Quiet,120,Blue,"600,1000","21.5,35.79","8.9,19.89",False,False,1100.84
Evercool FAN-EC1425L12EA,140,Black,1200,68.23,22.1,False,False,406.0
SHARKOON Shark Blade,120,Black / Blue,1000,33,19,False,False,1004.5600000000001
Phanteks F140SP,140,Black / White,1200,82.1,19,False,False,1333.4199999999998
Silverstone FQ,92,White / Blue,"1000,2500","19.8,44.2","15.3,24.8",True,False,1197.1200000000001
Silverstone FW,120,Blue / White,"1000,1800","42.6,76.5","18.39,28.1",True,False,822.4399999999999
Silverstone FW,92,Blue / White,"1500,2800","26.8,49.5","14.1,27.7",True,False,871.74
Scythe GlideStream,140,Black,800,49.95,21.4,False,False,1716.8000000000002
Scythe Kaze Flex,120,Black,1800,79.76,35.8,False,False,1904.1399999999999
Scythe Kaze Flex,120,Black,"300,800","16.6,43.03","4,14.05",True,False,2158.7599999999998
EK Quantum Impulse D-RGB,120,White,"400,1800",57.5,24.3,True,True,2244.02
Xilence XPF92.R.PWM,92,Red / Black,"900,1800",32.1,22,True,False,707.02
Silverstone Air Penetrator,120,Clear,1500,35.36,22.4,False,False,1360.68
Silverstone FM,120,White / Silver,"800,2400",110.03,"17,39.5",False,False,1100.84
SilenX Effizio,80,Clear,1700,32,15,False,False,1060.24
StarTech FANBOX,92,Black,2200,39.35,26,False,False,695.42
Enermax SquA RGB 3-Pack,120,White,"300,1500","24.53,68.27","12,23",True,True,4706.700000000001
Scythe Kaze Flex RGB,92,Black,"300,2300","6.75,48.88","7.3,28.83",True,True,1194.22
Scythe Kaze Flex II,120,Black,"300,1500","16.9,67.62","4,28.6",True,False,925.0999999999999
Scythe Kaze Flex II Slim,120,Black,"300,1200","8.16,32","2.58,21.3",True,False,983.0999999999999
NoiseBlocker BlackSilentPro P-2,40,Black,3800,5.3,18,False,False,1395.48
Thermaltake Luna Slim,120,Black / White,1400,27.53,24,False,False,811.42
Thermaltake Riing,120,Black / Yellow,"1000,1500",40.6,"18.7,24.6",False,False,3445.7799999999997
Scythe Slipstream,120,Black,500,4.5,7.5,False,False,637.42
Apevia C,120,Black / Red,1500,57.67,24.7,False,False,521.42
Evercool EC4010TH12BP,40,Black,"2000,6500",,26,False,False,635.0999999999999
RAIJINTEK IRIS 12 RBW ADD-3 3-Pack,120,White / Black,"400,1800",35.8,28,True,False,3447.52
Thermaltake TOUGHFAN,120,Turquoise,"500,2000",58.35,22.3,True,False,1230.18
Valkyrie V12,120,Black,"700,1850",75,34,True,False,1042.84
ENDORFY Fluctus,140,Black,"250,1800",,,True,False,1197.6999999999998
Prolimatech Vortex,120,Clear,"1200,1600",72.67,29.1,False,False,1100.84
Silverstone Air Penetrator,120,Clear,1500,35.36,22.4,False,False,1379.24
SilenX Effizio,92,Yellow,1300,32,12,False,False,1144.34
SilenX Effizio,120,Red,1400,74,15,False,False,1213.3600000000001
StarTech FAN12025PWM,120,Black,"800,2200","33.2,78.41","17.2,39",False,False,695.42
Silverstone FN,120,Clear,1200,58.47,25.15,False,False,1088.66
Vantec Stealth,80,Black,2050,27,21,False,False,435.0
Nexus DF1209SL-3PWM,92,Clear,2500,43.5,15.8,True,False,576.52
Evercool Spider Filter,120,Red,2000,80,25,False,False,927.42
Evercool Spider Filter,80,Red,2500,32.5,20,False,False,1681.4199999999998
Thermaltake Blue-Eye,92,Transparent,"1300,2500",47,"18.6,28",False,False,1100.84
Thermaltake DuraMax,92,Black,2850,48.7,37.6,False,False,926.84
NoiseBlocker ELoop B,120,Black / White,"400,1500",58.1,21.2,True,False,2065.38
ARCTIC P8 TC,80,Black,"200,3000",23.4,,False,False,2351.8999999999996
Silverstone FW,120,Black / Transparent,"800,2000","13.1,32.6","14.7,24.6",True,False,1786.98
Silverstone FHP,140,Black,"500,2000","42.8,171","13.4,43.5",True,False,1814.82
Silverstone FM,92,White,"1200,3000","21.4,53.6","9.3,29.2",False,False,1408.24
Silverstone FHP,140,Black,"1200,2000","42.8,171",43.5,False,False,1814.82
StarTech FAN9X25TX3L,92,Black,1600,31.84,25,False,False,984.84
Evercool EC9238H12BP,92,Black,"1000,3000",,35,True,False,983.0999999999999
Phanteks F120SP,120,Black / White,1300,54.4,24.2,False,False,1217.4199999999998
Enermax SquA RGB,120,White,"300,1500","24.53,68.27","12,23",True,True,870.0
Scythe Kaze Flex,92,Black,"300,2300","6.75,48.88","7.3,28.83",True,False,809.0999999999999
Alphacool Apex Stealth Metal,120,White / Black,"400,3000",70.98,40.1,True,False,1305.0
Valkyrie V12,120,White,"700,1850",75,34,True,False,991.22
SilenX Effizio,120,White,1400,74,15,False,False,919.3
Silverstone FN,120,Clear,1200,58.47,25.15,False,False,968.0200000000001
Vantec Stealth,92,Black,1750,28,20,False,False,378.74
Evercool EC8038HH12BP,80,Black,"2000,6500",37.1,"22,56.2",False,False,782.42
StarTech FAN9X25TX3H,92,Black,2600,48.43,33,False,False,953.5200000000001
NoiseBlocker ELoop B,120,White,800,33.72,8,False,False,1896.02
Prolimatech Vortex,120,Red,"1200,1600",72.67,29.1,False,False,521.42
Akasa Apache Black,120,Black,"600,1300",57.53,"6.9,16.05",True,False,2956.2599999999998
Phanteks F140SP,140,Black / White,1200,82.1,19,False,False,1333.4199999999998
Reeven Coldwing,120,Yellow / Black,800,43,14.5,False,False,753.42
Prolimatech Vortex,140,Clear,1000,87,18.1,False,False,1158.84
SilenX Effizio,80,Red,1700,32,15,False,False,1013.84
SilenX Effizio,80,Yellow,1400,25,12,False,False,892.0400000000001
SilenX Effizio,120,Yellow,1100,44,12,False,False,1215.1
SilenX Effizio,92,Red,1600,42,15,False,False,1109.54
SilenX Effizio,140,Yellow,900,48,12,False,False,1385.6200000000001
SilenX Effizio,120,Clear,1400,74,15,False,False,1643.1399999999999
Vantec Thermoflow,92,Black,"1850,3100","34.79,58.5","29,40",False,False,696.0
Cougar Vortex,120,Black,1200,60.4,17.7,False,False,984.84
Evercool Spider Filter,92,Red,2200,41,22,False,False,1060.82
StarTech FAN8X25TX3L,80,Black,2000,26.6,27,False,False,883.34
Scythe Gentle Typhoon,120,Gray,800,28.25,9,False,False,1856.0
NoiseBlocker ELoop B,120,White,1900,71.33,27,False,False,1737.1
Nexus D12SL-12PWM,120,Clear,2000,76,"15.5,26.9",True,False,755.74
BitFenix Spectre,140,White,1000,47.7,20,False,False,927.42
Evercool Evergreen,140,Green,600,38.58,16,False,False,898.42
Evercool Evergreen,92,Green,1200,,16,False,False,725.0
Titan TFD-12025H12ZP,120,White / Blue,"800,2200","24.23,66.62","15,35",True,False,1903.56
Akasa Apache Black,140,Black,"600,1300",89.55,"12.5,22.19",True,False,1610.0800000000002
Evercool F-EC12038HH12BP,120,Black,"800,2200",,"17.2,39",True,False,1331.1
Silverstone FQ,140,White / Blue,"500,1000","31.4,62","15.1,20.7",True,False,1507.4199999999998
Scythe GlideStream,140,Black,1200,84.59,29.5,False,False,1716.8000000000002
Kingwin CFR-012LB,120,Clear,950,40,19,False,False,1276.0
NoiseBlocker ELoop B,140,Black / White,900,64.28,16.95,False,False,2426.7200000000003
Evercool RSF-14,140,Black / Red,1200,,22,False,False,1100.84
Silverstone FW,120,Black,"500,1800","10.95,42.41","19.25,23.54",True,False,1971.42
Silverstone FW,140,Black,"500,1800","18.77,60.54","18.48,23.33",True,False,2087.42
Phanteks F120SP,120,Black,1300,54.4,24.2,False,False,1158.84
Akasa Vegas TLY,140,Black / White,1200,41.2,21.2,False,False,1941.26
Scythe Kaze Flex,120,Black,1200,51.17,24.9,False,False,1904.1399999999999
Gelid Solutions Silent 14,140,Black,1000,67.4,21,False,False,2064.8
