name,type,color,psu,side_panel,external_volume,internal_35_bays,price
Montech XR,ATX Mid Tower,Mixed/Other,,Tempered Glass,45.0,2,4848.22
Phanteks XT PRO,ATX Mid Tower,Mixed/Other,,Tempered Glass,51.8,2,3942.84
NZXT H5 Flow (2024),ATX Mid Tower,Mixed/Other,,Tempered Glass,45.0,1,4929.42
Corsair 3500X ARGB,ATX Mid Tower,Mixed/Other,,Tempered Glass,55.9,2,6727.42
Cooler Master MasterBox Q300L,MicroATX Mini Tower,Mixed/Other,,Acrylic,33.6,1,2666.8399999999997
Corsair 4000D Airflow,ATX Mid Tower,Mixed/Other,,Tinted Tempered Glass,48.6,2,5509.42
Lian Li Lancool 207,ATX Mid Tower,Mixed/Other,,Tempered Glass,45.5,2,4755.42
NZXT H9 Flow (2023),ATX Mid Tower,Mixed/Other,,Tempered Glass,66.9,2,6959.42
Lian Li O11 VISION COMPACT,ATX Mid Tower,Mixed/Other,,Tempered Glass,57.4,2,7249.42
Corsair 3500X ARGB,ATX Mid Tower,Mixed/Other,,Tempered Glass,55.9,2,6727.42
Montech AIR 100 ARGB,MicroATX Mid Tower,Mixed/Other,,Tempered Glass,36.1,2,4054.2000000000003
Montech AIR 903 MAX,ATX Mid Tower,Mixed/Other,,Tempered Glass,54.2,2,4349.42
Lian Li A3-mATX,MicroATX Mini Tower,Mixed/Other,,Mesh,26.3,1,4232.84
Fractal Design North,ATX Mid Tower,Mixed/Other,,Tempered Glass,45.1,2,8119.42
HYTE Y70 Touch Infinite,ATX Mid Tower,Mixed/Other,,Tempered Glass,70.7,2,25517.1
Fractal Design North XL,ATX Full Tower,Mixed/Other,,Tinted Tempered Glass,61.4,2,10439.42
Lian Li O11 VISION COMPACT,ATX Mid Tower,Mixed/Other,,Tempered Glass,57.4,2,7249.42
NZXT H5 Flow (2024),ATX Mid Tower,Mixed/Other,,Tempered Glass,45.0,1,3479.42
Lian Li A3-mATX,MicroATX Mini Tower,Mixed/Other,,Mesh,26.3,1,5219.42
Phanteks XT PRO ULTRA,ATX Mid Tower,Mixed/Other,,Tempered Glass,51.8,2,4696.84
NZXT H9 Flow (2023),ATX Mid Tower,Mixed/Other,,Tempered Glass,66.9,2,5799.42
Montech XR,ATX Mid Tower,Mixed/Other,,Tempered Glass,45.0,2,4633.62
Lian Li O11D EVO RGB,ATX Mid Tower,Mixed/Other,,Tempered Glass,65.3,4,9279.42
NZXT H6 Flow,ATX Mid Tower,Mixed/Other,,Tempered Glass,51.8,1,6378.26
Montech AIR 903 BASE,ATX Mid Tower,Mixed/Other,,Tempered Glass,54.2,2,3768.84
HYTE Y70 Touch Infinite,ATX Mid Tower,Mixed/Other,,Tempered Glass,70.7,2,32735.199999999997
NZXT H6 Flow,ATX Mid Tower,Mixed/Other,,Tempered Glass,51.8,1,5218.26
Corsair FRAME 4000D RS ARGB,ATX Mid Tower,Mixed/Other,,Tempered Glass,56.7,2,6089.42
NZXT H3 Flow,MicroATX Mid Tower,Mixed/Other,,Tinted Tempered Glass,35.0,1,4058.84
Fractal Design Terra,Mini ITX Desktop,Mixed/Other,,Mesh,11.4,0,10439.42
Antec C5 ARGB,ATX Mid Tower,Mixed/Other,,Tempered Glass,,1,6669.42
Fractal Design Pop XL Air,ATX Full Tower,Mixed/Other,,Tempered Glass,62.4,3,6958.26
Lian Li LANCOOL 217,ATX Mid Tower,Mixed/Other,,Tempered Glass,57.7,1,7395.0
Lian Li O11 Dynamic EVO XL,ATX Full Tower,Mixed/Other,,Tempered Glass,84.4,4,14788.84
Montech KING 95 PRO,ATX Mid Tower,Mixed/Other,,Tempered Glass,63.0,5,8640.84
Fractal Design Meshify C,ATX Mid Tower,Mixed/Other,,Tinted Tempered Glass,40.6,2,6379.42
Cooler Master MasterBox NR200,Mini ITX Desktop,Mixed/Other,,,20.3,2,3902.82
Okinos Aqua 3,MicroATX Mini Tower,Mixed/Other,,Tempered Glass,28.8,2,3768.84
Lian Li LANCOOL 216 RGB,ATX Mid Tower,Mixed/Other,,Tempered Glass,55.6,2,5972.26
HYTE Y70,ATX Mid Tower,Mixed/Other,,Tempered Glass,70.7,2,12759.42
Fractal Design Pop Air,ATX Mid Tower,Mixed/Other,,Tempered Glass,46.2,2,4639.42
NZXT H7 Flow (2024),ATX Mid Tower,Mixed/Other,,Tempered Glass,62.1,2,7539.42
MUSETEX Y6,ATX Mid Tower,Mixed/Other,,Tempered Glass,40.9,2,4957.84
Corsair 3000D AIRFLOW,ATX Mid Tower,Mixed/Other,,Tempered Glass,49.5,2,5509.42
Lian Li O11 Vision,ATX Mid Tower,Mixed/Other,,Tempered Glass,67.8,2,8293.42
Fractal Design North,ATX Mid Tower,Mixed/Other,,Mesh,45.1,2,8119.42
HYTE Y70,ATX Mid Tower,Mixed/Other,,Tempered Glass,70.7,2,12759.42
Lian Li O11D EVO RGB,ATX Mid Tower,Mixed/Other,,Tempered Glass,65.3,4,9279.42
Montech X3 Mesh,ATX Mid Tower,Mixed/Other,,Tempered Glass,,2,3189.42
Cooler Master Elite 301 Lite,MicroATX Mini Tower,Mixed/Other,,Tempered Glass,34.1,1,3766.52
Fractal Design Terra,Mini ITX Desktop,Mixed/Other,,Mesh,11.4,0,10439.42
Corsair FRAME 4000D,ATX Mid Tower,Mixed/Other,,Tempered Glass,56.7,2,6089.42
NZXT H6 Flow RGB,ATX Mid Tower,Mixed/Other,,Tempered Glass,51.8,1,7538.26
Asus Prime AP201,MicroATX Mini Tower,Mixed/Other,,Mesh,33.0,3,5218.26
Montech XR Wood,ATX Mid Tower,Mixed/Other,,Tempered Glass,49.8,2,4634.200000000001
Montech X5M,MicroATX Mini Tower,Mixed/Other,,Tempered Glass,45.3,2,3248.0
Lian Li A3-mATX,MicroATX Mini Tower,Mixed/Other,,Tempered Glass,26.3,1,5219.42
Antec C8,ATX Full Tower,Mixed/Other,,Tempered Glass,66.9,2,5799.42
Thermaltake Versa H18,MicroATX Mini Tower,Mixed/Other,,Acrylic,30.4,2,6873.0
Silverstone ALTA F2,ATX Full Tower,Mixed/Other,,Tempered Glass,98.9,8,61611.659999999996
NZXT H6 Flow RGB,ATX Mid Tower,Mixed/Other,,Tempered Glass,51.8,1,7828.26
Corsair 5000D AIRFLOW,ATX Mid Tower,Mixed/Other,,Tempered Glass,66.2,2,10149.42
Fractal Design Ridge PCIe 4.0,Mini ITX Tower,Mixed/Other,,Mesh,16.3,0,7539.42
Corsair 3500X,ATX Mid Tower,Mixed/Other,,Tempered Glass,55.9,2,5799.42
NZXT H9 Elite,ATX Mid Tower,Mixed/Other,,Tempered Glass,66.9,2,9858.26
Zalman T3 PLUS,MicroATX Mid Tower,Mixed/Other,,Tempered Glass,30.9,1,2291.0
Antec FLUX PRO,ATX Full Tower,Mixed/Other,,Tempered Glass,70.8,4,9569.42
Cooler Master Elite 301,MicroATX Mid Tower,Mixed/Other,,Tempered Glass,34.1,1,2899.42
Lian Li O11 Dynamic EVO XL,ATX Full Tower,Mixed/Other,,Tempered Glass,84.4,4,14499.42
Jonsbo Jonsplus Z20,MicroATX Desktop,Mixed/Other,,Tempered Glass,25.3,1,5742.0
Fractal Design Pop Mini Air,MicroATX Mid Tower,Mixed/Other,,Tempered Glass,36.5,2,5799.42
Azza Fighter,ATX Mid Tower,Mixed/Other,,Tempered Glass,34.2,2,3479.42
Fractal Design North XL,ATX Full Tower,Mixed/Other,,Mesh,61.4,2,11308.26
Corsair 4000D Airflow,ATX Mid Tower,Mixed/Other,,Tinted Tempered Glass,48.6,2,6008.22
MSI MAG FORGE 321R AIRFLOW,ATX Mid Tower,Mixed/Other,,Tempered Glass,49.4,2,5219.42
Jonsbo D32 PRO,MicroATX Desktop,Mixed/Other,,Tempered Glass,25.7,2,4175.42
Lian Li A4-H20 X4,Mini ITX Desktop,Mixed/Other,,Mesh,11.1,0,8989.42
Lian Li O11 Vision,ATX Mid Tower,Mixed/Other,,Tempered Glass,67.8,2,8060.26
Fractal Design North,ATX Mid Tower,Mixed/Other,,Tempered Glass,45.1,2,8119.42
Antec C5 ARGB,ATX Mid Tower,Mixed/Other,,Tempered Glass,,1,6089.42
Okinos Cypress 3,MicroATX Mini Tower,Mixed/Other,,Tempered Glass,,2,3768.84
Fractal Design Focus G,ATX Mid Tower,Mixed/Other,,Acrylic,42.2,2,3479.42
Thermaltake View 170 ARGB,MicroATX Mini Tower,Mixed/Other,,Tempered Glass,35.0,1,3653.42
NZXT H5 Flow RGB (2024),ATX Mid Tower,Mixed/Other,,Tempered Glass,45.0,1,6959.42
Fractal Design Terra,Mini ITX Desktop,Mixed/Other,,Mesh,11.4,0,10439.42
NZXT H9 Flow RGB+ (2025),ATX Mid Tower,Mixed/Other,,Tinted Tempered Glass,76.7,2,16819.420000000002
Lian Li Lancool 207,ATX Mid Tower,Mixed/Other,,Tempered Glass,45.5,2,5219.42
NZXT H9 Elite,ATX Mid Tower,Mixed/Other,,Tempered Glass,66.9,2,12295.42
Corsair 7000D AIRFLOW,ATX Full Tower,Mixed/Other,,Tempered Glass,81.8,6,16819.420000000002
Lian Li ODYSSEY X,ATX Full Tower,Mixed/Other,,Tempered Glass,,3,85146.9
Lian Li LANCOOL 216,ATX Mid Tower,Mixed/Other,,Tempered Glass,55.6,2,6494.26
Thermaltake View 270 Plus TG ARGB,ATX Mid Tower,Mixed/Other,,Tempered Glass,47.6,2,4581.42
Antec FLUX,ATX Mid Tower,Mixed/Other,,Tempered Glass,58.1,2,6089.42
Lian Li A3-mATX,MicroATX Mini Tower,Mixed/Other,,Mesh,26.3,1,4232.84
Cooler Master MasterBox NR200P V2,Mini ITX Desktop,Mixed/Other,,Mesh,20.1,1,6379.42
Montech KING 95 PRO,ATX Mid Tower,Mixed/Other,,Tempered Glass,63.0,5,8062.0
Corsair 9000D RGB AIRFLOW,ATX Full Tower,Mixed/Other,,Tempered Glass,149.6,5,30159.420000000002
Thermaltake V100 Perforated,ATX Mid Tower,Mixed/Other,,,36.6,2,2899.42
Mars Gaming MC-S2,ATX Mid Tower,Mixed/Other,,Acrylic,19.5,1,4601.72
Corsair FRAME 4000D RS,ATX Mid Tower,Mixed/Other,,Tempered Glass,56.7,2,5509.42
Fractal Design Focus 2,ATX Mid Tower,Mixed/Other,,,45.8,2,4349.42
Asus ROG Strix Helios,ATX Full Tower,Mixed/Other,,Tempered Glass,83.5,2,13628.26
Fractal Design Pop Air RGB,ATX Mid Tower,Mixed/Other,,Tempered Glass,46.2,2,5799.42
Zalman CUBIX,MicroATX Mini Tower,Mixed/Other,,,,1,2203.42
NZXT H9 Flow (2025),ATX Mid Tower,Mixed/Other,,Tinted Tempered Glass,76.7,2,9569.42
Montech KING 65 PRO,ATX Mid Tower,Mixed/Other,,Tempered Glass,63.0,2,5509.42
Fractal Design Define R5,ATX Mid Tower,Mixed/Other,,,54.2,8,7249.42
Cooler Master MasterBox Q300L,MicroATX Mini Tower,Mixed/Other,,Acrylic,33.6,1,2145.42
NZXT H9 Flow RGB+ (2025),ATX Mid Tower,Mixed/Other,,Tempered Glass,76.7,2,16819.420000000002
Cooler Master Q300L V2,MicroATX Mini Tower,Mixed/Other,,Tempered Glass,34.1,1,3246.8399999999997
Antec C8 Wood,ATX Full Tower,Mixed/Other,,Tempered Glass,66.9,2,6959.42
Lian Li O11 Dynamic Mini,ATX Mid Tower,Mixed/Other,,Tempered Glass,43.0,2,13282.0
Montech AIR 100 ARGB,MicroATX Mid Tower,Mixed/Other,,Tempered Glass,36.1,2,4058.84
HYTE Y60,ATX Mid Tower,Mixed/Other,,Tempered Glass,60.0,2,10439.42
MUSETEX K2,ATX Mid Tower,Mixed/Other,,Tempered Glass,44.4,2,4348.84
Fractal Design Ridge PCIe 4.0,Mini ITX Tower,Mixed/Other,,Mesh,16.3,0,8292.26
HYTE Y70 Touch Infinite,ATX Mid Tower,Mixed/Other,,Tempered Glass,70.7,2,23199.420000000002
Zalman S2,ATX Mid Tower,Mixed/Other,,Acrylic,38.4,2,2898.8399999999997
Fractal Design North XL,ATX Full Tower,Mixed/Other,,Tempered Glass,61.4,2,10439.42
Zalman T8,ATX Mid Tower,Mixed/Other,,,33.4,2,2491.1000000000004
Jonsbo C6-ITX,Mini ITX Desktop,Mixed/Other,,Mesh,15.9,1,3596.0
Lian Li A4-H20 A4,Mini ITX Desktop,Mixed/Other,,Mesh,11.1,0,8989.42
GameMax Nova N5,ATX Mid Tower,Mixed/Other,,Tempered Glass,37.6,2,2957.42
Lian Li LANCOOL III RGB,ATX Mid Tower,Mixed/Other,,Tempered Glass,65.5,4,10439.42
SAMA SV01,ATX Mid Tower,Mixed/Other,,Tempered Glass,43.5,2,4639.42
be quiet! Pure Base 500DX,ATX Mid Tower,Mixed/Other,,Tempered Glass,48.3,2,6374.200000000001
NZXT H3 Flow,MicroATX Mid Tower,Mixed/Other,,Tempered Glass,35.0,1,4058.84
NZXT H5 Flow RGB (2024),ATX Mid Tower,Mixed/Other,,Tempered Glass,45.0,1,5219.42
Fractal Design Torrent,ATX Mid Tower,Mixed/Other,,Tinted Tempered Glass,69.8,2,11889.42
Montech AIR 100 LITE,MicroATX Mid Tower,Mixed/Other,,Tempered Glass,36.1,2,4638.84
Lian Li A3-mATX,MicroATX Mini Tower,Mixed/Other,,Tempered Glass,26.3,1,5219.42
Thermaltake Versa H16 ARGB,MicroATX Mini Tower,Mixed/Other,,Tempered Glass,33.0,2,3189.42
GameMax Vista M,MicroATX Mini Tower,Mixed/Other,,Tempered Glass,40.9,2,3126.2
Phanteks Eclipse G370A,ATX Mid Tower,Mixed/Other,,Tempered Glass,48.7,0,3304.8399999999997
Thermaltake View 170 ARGB,MicroATX Mini Tower,Mixed/Other,,Tempered Glass,35.0,1,3943.4199999999996
Montech AIR 903 BASE,ATX Mid Tower,Mixed/Other,,Tempered Glass,54.2,2,4002.0
MSI MAG PANO 100R PZ,ATX Mid Tower,Mixed/Other,,Tempered Glass,72.5,2,9279.42
GAMDIAS TALOS E3 MESH,ATX Mid Tower,Mixed/Other,,Tempered Glass,34.1,2,3479.42
Antec NX200M,MicroATX Mid Tower,Mixed/Other,,Tempered Glass,,2,5392.26
Fractal Design Meshify 2,ATX Mid Tower,Mixed/Other,,,61.7,6,9569.42
Fractal Design Node 804,MicroATX Mid Tower,Mixed/Other,,Acrylic,41.1,10,7829.42
Phanteks NV5 MKII,ATX Mid Tower,Mixed/Other,,Tempered Glass,60.2,3,7016.84
Phanteks EVOLV X2,ATX Mid Tower,Mixed/Other,,Tempered Glass,60.9,2,10148.84
NZXT H7 Flow RGB (2024),ATX Mid Tower,Mixed/Other,,Tempered Glass,62.1,2,8699.42
Cooler Master MasterBox NR200,Mini ITX Desktop,Mixed/Other,,,20.3,2,5219.42
HYTE Y40,ATX Mid Tower,Mixed/Other,,Tempered Glass,49.7,1,7539.42
Montech X5,ATX Mid Tower,Mixed/Other,,Tempered Glass,51.6,2,4350.0
HAVN HS420,ATX Mid Tower,Mixed/Other,,Tempered Glass,76.8,5,13339.42
Thermaltake Versa H18,MicroATX Mini Tower,Mixed/Other,,Tempered Glass,30.4,2,3189.42
Corsair iCUE 4000X RGB,ATX Mid Tower,Mixed/Other,,Tempered Glass,48.6,2,8409.42
Fractal Design Meshify 3,ATX Mid Tower,Mixed/Other,,Tinted Tempered Glass,50.3,2,8989.42
Fractal Design North,ATX Mid Tower,Mixed/Other,,Mesh,45.1,2,8988.26
Thermaltake Core V1,Mini ITX Desktop,Mixed/Other,,,22.4,2,3113.44
HYTE Y60 Snow White,ATX Mid Tower,White,,Tempered Glass,60.0,2,10439.42
Fractal Design Node 304,Mini ITX Tower,Mixed/Other,,,19.5,6,6379.42
Cooler Master MasterBox TD500 Mesh V2,ATX Mid Tower,Mixed/Other,,Tempered Glass,52.4,2,6257.62
Lian Li Lancool 207 Digital,ATX Mid Tower,Mixed/Other,,Tempered Glass,45.5,2,6089.42
Corsair 6500X,ATX Mid Tower,Mixed/Other,,Tempered Glass,78.3,2,11599.42
MSI MAG PANO 100R PZ,ATX Mid Tower,Mixed/Other,,Tempered Glass,72.5,2,9279.42
Montech X5M,MicroATX Mini Tower,Mixed/Other,,Tempered Glass,45.3,2,3248.0
Fractal Design Pop Mini Air,MicroATX Mid Tower,Mixed/Other,,Tempered Glass,36.5,2,5799.42
DIYPC DIY-S07,ATX Mid Tower,Mixed/Other,,Acrylic,27.5,2,2550.2599999999998
Thermaltake Versa H17,MicroATX Mini Tower,Mixed/Other,,,30.4,2,2899.42
Jonsbo TK-0,Mini ITX Desktop,Mixed/Other,,Tempered Glass,16.4,1,7539.42
Thermaltake Versa H21,ATX Mid Tower,Mixed/Other,,,42.8,3,2783.42
Corsair 2500X,MicroATX Mini Tower,Mixed/Other,,Tempered Glass,54.8,2,8417.539999999999
Thermaltake View 270 Plus TG ARGB,ATX Mid Tower,Mixed/Other,,Tempered Glass,47.6,2,5219.42
HYTE Y70,ATX Mid Tower,Mixed/Other,,Tempered Glass,70.7,2,12759.42
Antec AX20,ATX Mid Tower,Mixed/Other,,Tempered Glass,33.4,2,5702.5599999999995
Montech AIR 903 MAX,ATX Mid Tower,Mixed/Other,,Tempered Glass,54.2,2,5219.42
Fractal Design Define 7,ATX Mid Tower,Mixed/Other,,,62.4,6,11309.42
MSI MAG FORGE 100R,ATX Mid Tower,Mixed/Other,,Tempered Glass,,2,9107.16
NZXT H7 Flow (2024),ATX Mid Tower,Mixed/Other,,Tempered Glass,62.1,2,6379.42
Fractal Design Meshify 2 XL,ATX Full Tower,Mixed/Other,,Tinted Tempered Glass,81.5,6,12759.42
Corsair 3500X,ATX Mid Tower,Mixed/Other,,Tempered Glass,55.9,2,5219.42
Corsair FRAME 4000D RS ARGB,ATX Mid Tower,Mixed/Other,,Tempered Glass,56.7,2,7249.42
MSI MAG FORGE 112R,ATX Mid Tower,Mixed/Other,,Tempered Glass,42.5,2,5219.42
Lian Li O11 Vision Chrome,ATX Mid Tower,Mixed/Other,,Tinted Tempered Glass,67.8,2,9512.0
HAVN HS420 VGPU,ATX Mid Tower,Mixed/Other,,Tempered Glass,76.8,5,17399.420000000002
Corsair iCUE 4000X RGB,ATX Mid Tower,Mixed/Other,,Tempered Glass,48.6,2,5045.42
Asus Prime AP201,MicroATX Mini Tower,Mixed/Other,,Mesh,33.0,3,4638.84
Lian Li ODYSSEY X,ATX Full Tower,Mixed/Other,,Tempered Glass,,3,86239.04000000001
Lian Li Vector V100R,ATX Mid Tower,Mixed/Other,,Tempered Glass,53.2,1,5452.0
Thermaltake The Tower 300,MicroATX Mini Tower,Mixed/Other,,Tempered Glass,53.0,3,5799.42
Asus TUF Gaming GT502,ATX Mid Tower,Mixed/Other,,Tempered Glass,57.2,4,10438.26
Thermaltake The Tower 600,ATX Mid Tower,Mixed/Other,,Tempered Glass,66.2,1,9859.42
Corsair iCUE LINK 3500X RGB,ATX Mid Tower,Mixed/Other,,Tempered Glass,55.9,2,9279.42
Corsair 3000D RGB AIRFLOW,ATX Mid Tower,Mixed/Other,,Tempered Glass,49.5,2,7249.42
Cooler Master N400,ATX Mid Tower,Mixed/Other,,,40.2,7,3769.4199999999996
Asus Prime AP201,MicroATX Mini Tower,Mixed/Other,,Tempered Glass,33.0,3,4871.42
Lian Li LANCOOL 216 RGB,ATX Mid Tower,Mixed/Other,,Tempered Glass,55.6,2,6146.26
NZXT H9 Flow (2025),ATX Mid Tower,Mixed/Other,,Tempered Glass,76.7,2,9279.42
Fractal Design Define 7 XL,ATX Full Tower,Mixed/Other,,,82.0,6,13049.42
be quiet! Pure Base 501 Airflow,ATX Mid Tower,Mixed/Other,,,48.1,2,6205.42
Cooler Master N200,MicroATX Mini Tower,Mixed/Other,,,33.8,2,3479.42
Fractal Design Pop Air,ATX Mid Tower,Mixed/Other,,,46.2,2,4929.42
BGears b-Vortex-RGB,ATX Mid Tower,Mixed/Other,,Tempered Glass,38.3,2,2841.42
Lian Li LANCOOL 205M MESH,MicroATX Mini Tower,Mixed/Other,,Tempered Glass,33.8,2,5219.42
Jonsbo N4,MicroATX Desktop,Mixed/Other,,Mesh,19.6,6,6959.42
be quiet! Light Base 600 LX,ATX Mid Tower,Mixed/Other,,Tempered Glass,59.7,1,10434.2
BGears b-Pellucid,MicroATX Mini Tower,Mixed/Other,,Tinted Tempered Glass,36.6,1,3189.42
Vetroo AL900,ATX Mid Tower,Mixed/Other,,Tempered Glass,48.1,0,4929.42
Phanteks XT PRO ULTRA,ATX Mid Tower,Mixed/Other,,Tempered Glass,51.8,2,4754.84
Thermaltake View 380 ARGB,ATX Mid Tower,Mixed/Other,,Tinted Tempered Glass,51.6,1,6031.42
Fractal Design Pop XL Silent,ATX Full Tower,Mixed/Other,,,62.4,3,6379.42
HYTE Y70 Touch Infinite,ATX Mid Tower,Mixed/Other,,Tempered Glass,70.7,2,24359.420000000002
Corsair iCUE 7000X RGB,ATX Full Tower,Mixed/Other,,Tempered Glass,81.8,6,20879.420000000002
SAMA SV01,ATX Mid Tower,Mixed/Other,,Tempered Glass,43.5,2,4639.42
PC Cooler I100 PRO MESH,Mini ITX Desktop,Mixed/Other,,Mesh,7.5,1,5898.0199999999995
Montech X3 Mesh,ATX Mid Tower,Mixed/Other,,Tempered Glass,,2,4058.84
Cooler Master MasterBox NR200P V2,Mini ITX Desktop,Mixed/Other,,Mesh,20.1,1,6089.42
Lian Li LANCOOL 217,ATX Mid Tower,Mixed/Other,,Tempered Glass,57.7,1,7249.42
Antec C3 ARGB,ATX Mid Tower,Mixed/Other,,Tempered Glass,47.9,1,5637.0199999999995
Thermaltake Versa H16 ARGB,MicroATX Mini Tower,Mixed/Other,,Tempered Glass,33.0,2,2899.42
NZXT H5 Flow RGB (2023),ATX Mid Tower,Mixed/Other,,Tempered Glass,47.0,1,3479.42
Fractal Design Focus 2,ATX Mid Tower,Mixed/Other,,Tempered Glass,45.8,2,4522.84
Asus A31,ATX Mid Tower,Mixed/Other,,Tempered Glass,52.9,2,4348.84
Corsair iCUE 5000D RGB AIRFLOW,ATX Mid Tower,Mixed/Other,,Tempered Glass,66.2,2,11889.42
Antec C8 Curve Wood,ATX Mid Tower,Mixed/Other,,Tempered Glass,66.9,1,8873.42
Jonsbo C6 MAX,MicroATX Desktop,Mixed/Other,,Tempered Glass,20.8,1,4639.42
Zalman S3,ATX Mid Tower,Mixed/Other,,Acrylic,38.4,2,2899.42
Phanteks XT View,ATX Mid Tower,Mixed/Other,,Tempered Glass,50.6,2,5798.84
Cooler Master QUBE 500 Flatpack,ATX Mid Tower,Mixed/Other,,Tempered Glass,38.9,4,4638.84
Thermaltake TR100,Mini ITX Desktop,Mixed/Other,,Mesh,20.6,0,8699.42
Montech SKY TWO,ATX Mid Tower,Mixed/Other,,Tempered Glass,45.3,2,5799.42
BitFenix Nova Mesh SE,ATX Mid Tower,Mixed/Other,,Tempered Glass,36.1,2,4054.2000000000003
Corsair iCUE LINK 3500X RGB,ATX Mid Tower,Mixed/Other,,Tempered Glass,55.9,2,9279.42
MSI MPG GUNGNIR 110R,ATX Mid Tower,Mixed/Other,,Tempered Glass,,2,6378.26
DIYPC DIY-CUBE01,MicroATX Mini Tower,Mixed/Other,,Tempered Glass,40.0,0,3420.8399999999997
Phanteks Enthoo Pro Tempered Glass,ATX Full Tower,Mixed/Other,,Tinted Tempered Glass,69.1,6,8350.84
MSI MAG PANO M100R PZ,MicroATX Mid Tower,Mixed/Other,,Tempered Glass,41.9,1,7539.42
Jonsbo D31 MESH,MicroATX Mini Tower,Mixed/Other,,Tempered Glass,31.3,1,5103.42
Montech XR Wood,ATX Mid Tower,Mixed/Other,,Tempered Glass,49.8,2,3938.2000000000003
Asus ProArt PA602,ATX Mid Tower,Mixed/Other,,Tempered Glass,81.4,4,16007.42
GAMDIAS ATHENA M3,ATX Mid Tower,Mixed/Other,,Tempered Glass,45.1,2,4348.84
Asus A21,MicroATX Mini Tower,Mixed/Other,,Tempered Glass,44.0,2,3363.42
Fractal Design North XL,ATX Full Tower,Mixed/Other,,Mesh,61.4,2,11309.42
Corsair 6500X,ATX Mid Tower,Mixed/Other,,Tempered Glass,78.3,2,11599.42
Jonsbo N5,ATX Full Tower,Mixed/Other,,Mesh,50.1,12,14789.42
Phanteks EVOLV X2,ATX Mid Tower,Mixed/Other,,Tempered Glass,60.9,2,12758.84
Corsair 2500X,MicroATX Mini Tower,Mixed/Other,,Tempered Glass,54.8,2,8374.039999999999
Aerocool Prism V2 RGB,ATX Mid Tower,Mixed/Other,,Tempered Glass,41.7,2,3479.42
SSUPD Meshroom D,Mini ITX Desktop,Mixed/Other,,Mesh,15.0,3,5799.42
Okinos Aqua 3,MicroATX Mini Tower,Mixed/Other,,Tempered Glass,28.8,2,3942.84
SAMA ARGB-Q5,MicroATX Mini Tower,Mixed/Other,,Tempered Glass,31.5,2,3711.42
Antec NX410,ATX Mid Tower,Mixed/Other,,Tempered Glass,39.7,2,3189.42
Antec C8,ATX Full Tower,Mixed/Other,,Tempered Glass,66.9,2,6959.42
Fractal Design Pop Mini Silent,MicroATX Mid Tower,Mixed/Other,,,36.5,2,4929.42
Lian Li Q58 (PCIe 4.0),Mini ITX Desktop,Mixed/Other,,Tempered Glass,14.5,0,5509.42
HYTE Y70,ATX Mid Tower,Mixed/Other,,Tempered Glass,70.7,2,12759.42
Corsair iCUE 4000D RGB AIRFLOW,ATX Mid Tower,Mixed/Other,,Tempered Glass,48.6,2,5219.42
MSI MAG PANO M100R PZ,MicroATX Mid Tower,Mixed/Other,,Tempered Glass,41.9,1,7410.08
Fractal Design Era 2,Mini ITX Tower,Mixed/Other,,Mesh,19.0,0,12352.84
ZZEW A1 Plus,Mini ITX Tower,Mixed/Other,,Mesh,5.8,0,6379.42
Fractal Design Meshify 3 Ambience Pro RGB,ATX Mid Tower,Mixed/Other,,Tinted Tempered Glass,50.3,2,13919.42
Jonsbo C6,MicroATX Mini Tower,Mixed/Other,,Mesh,15.9,1,3480.0
Jonsbo N3,Mini ITX Desktop,Mixed/Other,,,18.2,0,8989.42
be quiet! Light Base 900 FX,ATX Full Tower,Mixed/Other,,Tempered Glass,84.2,1,14494.2
Thermaltake View 380 XL TG ARGB,ATX Mid Tower,Mixed/Other,,Tempered Glass,63.6,1,5799.42
Cooler Master HAF 700 EVO,ATX Full Tower,Mixed/Other,,Tempered Glass,,12,26099.420000000002
darkFlash DB330M,MicroATX Mini Tower,Mixed/Other,,Tempered Glass,29.0,1,3450.42
Corsair 2000D AIRFLOW,Mini ITX Tower,Mixed/Other,,Mesh,24.8,0,8119.42
Corsair 2500D Airflow,MicroATX Mini Tower,Mixed/Other,,Tempered Glass,54.8,2,5911.9400000000005
Corsair 2000D AIRFLOW,Mini ITX Tower,Mixed/Other,,Mesh,24.8,0,6959.42
be quiet! Silent Base 802,ATX Mid Tower,Mixed/Other,,,83.8,3,11014.2
Fractal Design Mood,Mini ITX Tower,Mixed/Other,,Mesh,20.4,1,9452.26
HYTE Y40,ATX Mid Tower,Mixed/Other,,Tempered Glass,49.7,1,7539.42
Antec C8,ATX Full Tower,Mixed/Other,,Tempered Glass,66.9,2,11588.400000000001
Fractal Design Meshify 3,ATX Mid Tower,Mixed/Other,,,50.3,2,8989.42
DARKROCK Classico Storage Master,ATX Mid Tower,Mixed/Other,,Mesh,,10,5219.42
Corsair iCUE 220T RGB Airflow,ATX Mid Tower,Mixed/Other,,Tempered Glass,37.3,2,4928.84
HYTE Y40,ATX Mid Tower,Mixed/Other,,Tempered Glass,49.7,1,7539.42
Zalman P30,MicroATX Mini Tower,Mixed/Other,,Tempered Glass,45.7,2,4639.42
Corsair 9000D RGB AIRFLOW,ATX Full Tower,Mixed/Other,,Tempered Glass,149.6,5,30159.420000000002
Jonsbo N10,Mini ITX Tower,Mixed/Other,,Mesh,4.5,0,3595.42
ENDORFY Ventum 200 Air,ATX Mid Tower,Mixed/Other,,Tempered Glass,35.4,1,3712.0
HAVN HS420 VGPU,ATX Mid Tower,Mixed/Other,,Tempered Glass,76.8,5,17399.420000000002
Jonsbo N2,Mini ITX Desktop,Mixed/Other,,,11.1,5,7945.42
Antec AX61 ELITE,ATX Mid Tower,Mixed/Other,,Tempered Glass,36.4,2,4583.74
Thermaltake TR100,Mini ITX Desktop,Mixed/Other,,Mesh,20.6,0,8699.42
Fractal Design Core 1000 USB 3.0,MicroATX Mid Tower,Mixed/Other,,,25.8,2,2899.42
HYTE Y60,ATX Mid Tower,Mixed/Other,,Tempered Glass,60.0,2,10439.42
MSI MAG FORGE M100A,MicroATX Mid Tower,Mixed/Other,,Tempered Glass,32.8,2,6299.96
HYTE Y70,ATX Mid Tower,Mixed/Other,,Tempered Glass,70.7,2,12759.42
DIYPC ARGB-N1,MicroATX Mid Tower,Mixed/Other,,Tempered Glass,44.7,2,4175.42
Phanteks XT M3,MicroATX Mid Tower,Mixed/Other,,Tempered Glass,40.0,1,3942.84
Fractal Design Focus 2 RGB,ATX Mid Tower,Mixed/Other,,Tempered Glass,45.8,2,5219.42
SAMA 3509,ATX Mid Tower,Mixed/Other,,Tempered Glass,41.4,2,3769.4199999999996
Asus Prime AP201,MicroATX Mini Tower,Mixed/Other,,Tempered Glass,33.0,3,4929.42
be quiet! Light Base 900 DX,ATX Full Tower,Mixed/Other,,Tempered Glass,84.2,1,11884.2
DIYPC ARGB Q10,ATX Mid Tower,Mixed/Other,,Tempered Glass,50.4,1,4233.42
Asus TUF Gaming GT501,ATX Mid Tower,Mixed/Other,,Tempered Glass,75.5,4,9569.42
Asus TUF Gaming GT302 ARGB,ATX Mid Tower,Mixed/Other,,Tempered Glass,59.3,2,9629.74
NZXT H5 Elite,ATX Mid Tower,Mixed/Other,,Tempered Glass,47.0,1,11310.0
Fractal Design Pop XL Air,ATX Full Tower,Mixed/Other,,Tempered Glass,62.4,3,6959.42
Silverstone ALTA D1,ATX Full Tower,Mixed/Other,,Mesh,78.8,4,48655.04
Corsair 6500D Airflow,ATX Mid Tower,Mixed/Other,,Tempered Glass,78.3,2,11599.42
Fractal Design Meshify 3 XL Ambience Pro RGB,ATX Full Tower,Mixed/Other,,Tinted Tempered Glass,72.6,2,15949.42
Fractal Design Core 1100,MicroATX Mini Tower,Mixed/Other,,,25.7,2,2899.42
Fractal Design Pop Air,ATX Mid Tower,Mixed/Other,,Tempered Glass,46.2,2,5799.42
Cooler Master Elite 301 Lite,MicroATX Mini Tower,Mixed/Other,,Tempered Glass,34.1,1,3247.42
Corsair iCUE 4000D RGB AIRFLOW,ATX Mid Tower,Mixed/Other,,Tempered Glass,48.6,2,8699.42
NZXT H7 Flow RGB (2024),ATX Mid Tower,Mixed/Other,,Tempered Glass,62.1,2,8699.42
Corsair iCUE LINK 6500X RGB,ATX Mid Tower,Mixed/Other,,Tempered Glass,78.3,2,15659.42
Fractal Design Torrent,ATX Mid Tower,Mixed/Other,,,69.8,2,11889.42
MSI MPG GUNGNIR 300R AIRFLOW,ATX Mid Tower,Mixed/Other,,Tempered Glass,60.5,2,7539.42
Fractal Design Torrent RGB,ATX Mid Tower,Mixed/Other,,Tinted Tempered Glass,69.8,2,13745.42
Corsair iCUE 5000X RGB,ATX Mid Tower,Mixed/Other,,Tempered Glass,66.2,2,11889.42
Asus ProArt PA602 Wood Edition,ATX Mid Tower,Mixed/Other,,Tempered Glass,81.4,4,16239.42
Fractal Design Define 7 Compact,ATX Mid Tower,Mixed/Other,,,42.5,2,7249.42
Zalman S4,ATX Mid Tower,Mixed/Other,,Tinted Acrylic,,2,2898.8399999999997
Fractal Design Meshify 3 XL,ATX Full Tower,Mixed/Other,,,72.6,2,10729.42
Lian Li Lancool II Mesh,ATX Mid Tower,Mixed/Other,,Tempered Glass,54.1,3,17110.0
Cooler Master NCORE 100 AIR,Mini ITX Tower,Mixed/Other,,Mesh,16.4,0,8119.42
Fractal Design Meshify 2 Compact TG Light Tint,ATX Mid Tower,Mixed/Other,,Tempered Glass,42.3,2,8582.84
Fractal Design Mood,Mini ITX Tower,Mixed/Other,,Mesh,20.4,1,9569.42
Raidmax INFINITA i802 AIR,ATX Mid Tower,Mixed/Other,,Tempered Glass,38.0,2,3479.42
be quiet! Pure Base 600,ATX Mid Tower,Mixed/Other,,,50.9,3,5794.200000000001
GAMDIAS ATLAS M1,ATX Mid Tower,Mixed/Other,,Tempered Glass,41.0,1,4929.42
Lian Li O11D EVO RGB Automobili Lamborghini,ATX Mid Tower,Mixed/Other,,Tempered Glass,65.3,4,17399.420000000002
ENDORFY Ventum 200 ARGB,ATX Mid Tower,Mixed/Other,,Tempered Glass,35.4,1,4176.0
Corsair 2500X Walnut,MicroATX Mini Tower,Mixed/Other,,Tempered Glass,54.8,2,9279.42
GameMax F46,ATX Mid Tower,Mixed/Other,,Tempered Glass,40.6,2,3885.4199999999996
MUSETEX NN8,ATX Mid Tower,Mixed/Other,,Tempered Glass,39.5,2,4638.84
Zalman CUBIX,MicroATX Mini Tower,Mixed/Other,,,,1,2203.42
be quiet! Pure Base 500 FX,ATX Mid Tower,Mixed/Other,,Tempered Glass,48.3,2,7245.9400000000005
Corsair FRAME 4000D,ATX Mid Tower,Mixed/Other,,Tempered Glass,56.7,2,6089.42
Jonsbo Jonsplus Z20,MicroATX Desktop,Mixed/Other,,Tempered Glass,25.3,1,6088.84
Jonsbo Jonsplus Z20,MicroATX Desktop,Mixed/Other,,Tempered Glass,25.3,1,6032.0
Jonsbo D32 PRO,MicroATX Desktop,Mixed/Other,,Tempered Glass,25.7,2,4697.42
Thermaltake AX700,ATX Full Tower,Mixed/Other,,Mesh,141.4,18,23199.420000000002
Vetroo AL800,ATX Mid Tower,Mixed/Other,,Tempered Glass,46.4,2,3479.42
Thermaltake View 380 ARGB,ATX Mid Tower,Mixed/Other,,Tinted Tempered Glass,51.6,1,6669.42
iBuypower Trace 7 Mesh Pro ARGB,ATX Mid Tower,Mixed/Other,,Tempered Glass,51.8,2,6669.42
BitFenix TRITON,ATX Mid Tower,Mixed/Other,,Tempered Glass,45.1,2,4054.2000000000003
Fractal Design Pop Silent,ATX Mid Tower,Mixed/Other,,,46.2,2,4929.42
Asus TUF Gaming GT301,ATX Mid Tower,Mixed/Other,,Tempered Glass,43.9,2,5393.42
HYTE REVOLT 3,Mini ITX Tower,Mixed/Other,,Mesh,18.4,1,7539.42
Cooler Master MasterBox TD500 Mesh V2,ATX Mid Tower,Mixed/Other,,Tempered Glass,52.4,2,6379.42
Fractal Design Meshify C,ATX Mid Tower,Mixed/Other,,,40.6,2,5799.42
Zalman i4,ATX Mid Tower,Mixed/Other,,Mesh,43.1,2,3479.42
HAVN HS420,ATX Mid Tower,Mixed/Other,,Tempered Glass,76.8,5,13339.42
Thermaltake The Tower 300,MicroATX Mini Tower,Mixed/Other,,Tempered Glass,53.0,3,6553.42
Montech X5,ATX Mid Tower,Mixed/Other,,Tempered Glass,51.6,2,4350.0
Jonsbo C6 Handle,MicroATX Mini Tower,Mixed/Other,,Mesh,15.9,1,3712.0
Montech Heritage PRO,MicroATX Mid Tower,Mixed/Other,,Tempered Glass,41.5,1,6374.200000000001
Phanteks NV5 MKII,ATX Mid Tower,Mixed/Other,,Tempered Glass,60.2,3,7886.839999999999
Thermaltake View 270 Plus TG ARGB,ATX Mid Tower,Mixed/Other,,Tempered Glass,47.6,2,5045.42
Montech SKY TWO GX,ATX Mid Tower,Mixed/Other,,Tempered Glass,49.5,2,6791.799999999999
Thermaltake The Tower 250,Mini ITX Tower,Mixed/Other,,Tempered Glass,42.7,1,8697.099999999999
NZXT H9 Flow RGB (2025),ATX Mid Tower,Mixed/Other,,Tinted Tempered Glass,76.7,2,12179.42
Corsair 5000D AIRFLOW,ATX Mid Tower,Mixed/Other,,Tempered Glass,66.2,2,10149.42
Thermaltake The Tower 600,ATX Mid Tower,Mixed/Other,,Tempered Glass,66.2,1,11019.42
NZXT H5 Elite,ATX Mid Tower,Mixed/Other,,Tempered Glass,47.0,1,4059.4199999999996
be quiet! Light Base 600 DX,ATX Mid Tower,Mixed/Other,,Tempered Glass,59.7,1,8155.96
Corsair 3000D AIRFLOW,ATX Mid Tower,Mixed/Other,,Tempered Glass,49.5,2,5799.42
Jonsbo Jonsplus Z20,MicroATX Desktop,Mixed/Other,,Tempered Glass,25.3,1,6032.0
Cooler Master MasterBox 600,ATX Mid Tower,Mixed/Other,,Tempered Glass,52.4,2,17086.800000000003
Phanteks XT View,ATX Mid Tower,Mixed/Other,,Tempered Glass,50.6,2,5741.42
Fractal Design Meshify 2,ATX Mid Tower,Mixed/Other,,Tinted Tempered Glass,61.7,6,9279.42
Lian Li LANCOOL 205M MESH,MicroATX Mini Tower,Mixed/Other,,Tempered Glass,33.8,2,5219.42
Antec Performance 1 FT,ATX Full Tower,Mixed/Other,,Tempered Glass,62.7,2,7133.42
darkFlash DB330M,MicroATX Mini Tower,Mixed/Other,,Tempered Glass,29.0,1,4058.84
Rosewill Helium NAS,ATX Mid Tower,Mixed/Other,,Mesh,,10,4638.84
Asus ProArt PA401 Wood Edition,ATX Mid Tower,Mixed/Other,,Tempered Glass,46.6,2,8119.42
Zalman T6,ATX Mid Tower,Mixed/Other,,,32.4,2,3020.64
MSI MEG MAESTRO 700L PZ,ATX Mid Tower,Mixed/Other,,Tempered Glass,66.8,0,23779.420000000002
Cougar MX330-X,ATX Mid Tower,Mixed/Other,,,39.4,2,3247.42
DIYPC ARGB-G5,ATX Mid Tower,Mixed/Other,,Tempered Glass,,1,3300.2
Rosewill FBM-X3,MicroATX Mid Tower,Mixed/Other,650.0,Tempered Glass,37.0,2,5219.42
Cooler Master HAF 500,ATX Mid Tower,Mixed/Other,,Tempered Glass,,2,5799.42
Corsair 2000D RGB AIRFLOW,Mini ITX Tower,Mixed/Other,,Mesh,24.8,0,11599.42
be quiet! Pure Base 500,ATX Mid Tower,Mixed/Other,,,46.0,2,4634.200000000001
Vetroo AL700,ATX Mid Tower,Mixed/Other,,Tempered Glass,48.1,1,4000.84
Corsair 2500D Airflow,MicroATX Mini Tower,Mixed/Other,,Tempered Glass,54.8,2,6012.86
Fractal Design Meshify 3 XL,ATX Full Tower,Mixed/Other,,Tinted Tempered Glass,72.6,2,10729.42
Antec CX600M ARGB,MicroATX Mini Tower,Mixed/Other,,Tempered Glass,46.8,1,4682.34
Asus TUF Gaming GT502 Horizon,ATX Mid Tower,Mixed/Other,,Tempered Glass,57.2,4,11309.42
DIYPC ARGB-G5,ATX Mid Tower,Mixed/Other,,Tempered Glass,,1,3360.52
NZXT H7 Flow (2022),ATX Mid Tower,Mixed/Other,,Tempered Glass,55.8,2,7539.42
MSI MPG VELOX 100R,ATX Mid Tower,Mixed/Other,,Tempered Glass,53.7,2,8119.42
Thermaltake View 270 Plus TG ARGB,ATX Mid Tower,Mixed/Other,,Tempered Glass,47.6,2,5161.42
Lian Li O11 Air Mini,ATX Mid Tower,Mixed/Other,,Tempered Glass,44.2,4,12177.099999999999
be quiet! Silent Base 802,ATX Mid Tower,Mixed/Other,,Tempered Glass,83.8,3,11907.98
ENDORFY Arx 700 ARGB,ATX Mid Tower,Mixed/Other,,Tempered Glass,54.2,1,7221.0
Fractal Design Define 7 XL Dark,ATX Full Tower,Mixed/Other,,Tinted Tempered Glass,82.0,6,14789.42
NZXT H5 Flow RGB (2023),ATX Mid Tower,Mixed/Other,,Tempered Glass,47.0,1,6959.42
Corsair FRAME 4000D RS,ATX Mid Tower,Mixed/Other,,Tempered Glass,56.7,2,5509.42
be quiet! Pure Base 501 Airflow,ATX Mid Tower,Mixed/Other,,Tempered Glass,48.1,2,6374.200000000001
Phanteks Enthoo Pro Closed Panel,ATX Full Tower,Mixed/Other,,,69.1,6,8999.28
Antec C8 ARGB,ATX Full Tower,Mixed/Other,,Tempered Glass,66.9,2,7945.42
Thermaltake Core V1,Mini ITX Desktop,Mixed/Other,,Acrylic,22.4,2,3479.42
HYTE Y70,ATX Mid Tower,Mixed/Other,,Tempered Glass,70.7,2,12759.42
BitFenix CETO300,ATX Mid Tower,Mixed/Other,,Tempered Glass,47.9,1,4582.0
Lian Li LANCOOL 205 Mesh C,ATX Mid Tower,Mixed/Other,,Tempered Glass,41.3,2,6843.42
Silverstone SG13,Mini ITX Tower,Mixed/Other,,,11.5,1,4327.38
NZXT H7 Flow (2022),ATX Mid Tower,Mixed/Other,,Tempered Glass,55.8,2,7539.42
Lian Li LANCOOL 205 Mesh C,ATX Mid Tower,Mixed/Other,,Tempered Glass,41.3,2,6959.42
Thermaltake TR100,Mini ITX Desktop,Mixed/Other,,Mesh,20.6,0,8003.42
Zalman S3,ATX Mid Tower,Mixed/Other,,Tempered Glass,38.4,2,3073.42
Fractal Design Focus G Mini,MicroATX Mini Tower,Mixed/Other,,Acrylic,36.4,2,4437.58
Okinos Cypress 3,MicroATX Mini Tower,Mixed/Other,,Tempered Glass,,2,3768.84
Corsair 3000D RGB AIRFLOW,ATX Mid Tower,Mixed/Other,,Tempered Glass,49.5,2,7539.42
NZXT H9 Flow RGB (2025),ATX Mid Tower,Mixed/Other,,Tempered Glass,76.7,2,12179.42
be quiet! Shadow Base 800 FX,ATX Mid Tower,Mixed/Other,,Tempered Glass,70.9,2,12754.2
Phanteks NV7,ATX Full Tower,Mixed/Other,,Tempered Glass,78.9,2,12526.84
Asus A31,ATX Mid Tower,Mixed/Other,,Tempered Glass,52.9,2,4348.84
Cooler Master QUBE 500 Flatpack,ATX Mid Tower,Mixed/Other,,Tempered Glass,38.9,4,4697.42
Thermaltake S100,MicroATX Mini Tower,Mixed/Other,,Tempered Glass,,2,4348.84
Fractal Design Define 7 Mini,MicroATX Mini Tower,Mixed/Other,,,33.2,2,6959.42
Silverstone GD09 Type-C,HTPC,Mixed/Other,,Mesh,26.5,2,6928.679999999999
be quiet! Light Base 600 LX,ATX Mid Tower,Mixed/Other,,Tempered Glass,59.7,1,9978.900000000001
Corsair iCUE LINK 6500X RGB,ATX Mid Tower,Mixed/Other,,Tempered Glass,78.3,2,15659.42
Antec FLUX SE,ATX Mid Tower,Mixed/Other,,Tempered Glass,58.1,2,6089.42
Silverstone FARA H1M,MicroATX Mini Tower,Mixed/Other,,Tempered Glass,30.1,2,4949.72
BitFenix CETO300,ATX Mid Tower,Mixed/Other,,Tempered Glass,47.9,1,4582.0
GAMDIAS TALOS E3 MESH,ATX Mid Tower,Mixed/Other,,Tempered Glass,34.1,2,3479.42
Fractal Design Focus 2 RGB,ATX Mid Tower,Mixed/Other,,Tempered Glass,45.8,2,5219.42
Jonsbo D32 PRO MESH,MicroATX Desktop,Mixed/Other,,Mesh,25.7,2,4349.42
Cooler Master MasterBox NR400 (w/ODD),MicroATX Mid Tower,Mixed/Other,,Tempered Glass,35.5,4,4522.84
Jonsbo TK-3,ATX Mid Tower,Mixed/Other,,Tempered Glass,52.3,2,7243.04
Asus TUF Gaming GT502,ATX Mid Tower,Mixed/Other,,Tempered Glass,57.2,4,10076.34
Lian Li LANCOOL III RGB,ATX Mid Tower,Mixed/Other,,Tempered Glass,65.5,4,17427.260000000002
Corsair iCUE 7000X RGB,ATX Full Tower,Mixed/Other,,Tempered Glass,81.8,6,20879.420000000002
GameMax Defender MB,MicroATX Mini Tower,Mixed/Other,,Tempered Glass,43.6,2,3421.42
Asus GX601,ATX Full Tower,Mixed/Other,,Tempered Glass,83.5,2,13919.42
Cooler Master MasterBox MB520 ARGB,ATX Mid Tower,Mixed/Other,,Tempered Glass,,2,15551.539999999999
Fractal Design Era 2,Mini ITX Tower,Mixed/Other,,Mesh,19.0,0,12652.119999999999
Lian Li SUP01,ATX Mid Tower,Mixed/Other,,Tempered Glass,45.7,2,4639.42
NZXT H7 Elite (2023),ATX Mid Tower,Mixed/Other,,Tempered Glass,55.8,2,6379.42
Fractal Design Epoch,ATX Mid Tower,Mixed/Other,,,45.1,2,6379.42
Corsair iCUE 5000D RGB AIRFLOW,ATX Mid Tower,Mixed/Other,,Tempered Glass,66.2,2,12759.42
Antec FLUX PRO,ATX Full Tower,Mixed/Other,,Tempered Glass,70.8,4,10091.42
SAMA NEVIEW 4503,ATX Mid Tower,Mixed/Other,,Tempered Glass,54.7,0,6669.42
Corsair iCUE 5000T LX RGB,ATX Mid Tower,Mixed/Other,,Tempered Glass,74.5,2,20009.420000000002
Thermaltake Core W200,ATX Full Tower,Mixed/Other,,Acrylic,,4,31899.420000000002
Fractal Design Era 2,Mini ITX Tower,Mixed/Other,,Mesh,19.0,0,12759.42
NZXT H7 Flow (2022),ATX Mid Tower,Mixed/Other,,Tempered Glass,55.8,2,8118.839999999999
Jonsbo C6-ITX,Mini ITX Desktop,Mixed/Other,,Mesh,15.9,1,3596.0
Fractal Design Torrent Compact RGB,ATX Mid Tower,Mixed/Other,,Tinted Tempered Glass,46.7,1,10729.42
ENDORFY Arx 700 Air,ATX Mid Tower,Mixed/Other,,Tempered Glass,54.2,1,6612.0
Antec C3 ARGB,ATX Mid Tower,Mixed/Other,,Tempered Glass,47.9,1,5393.42
HYTE Y70,ATX Mid Tower,Mixed/Other,,Tempered Glass,70.7,2,12759.42
Fractal Design Meshify 2 Mini,MicroATX Mid Tower,Mixed/Other,,Tinted Tempered Glass,33.0,2,16804.34
APNX V1,ATX Mid Tower,Mixed/Other,,Tempered Glass,70.4,2,8699.42
Cooler Master TD300 Mesh,MicroATX Mini Tower,Mixed/Other,,Tempered Glass,,2,4697.42
Cooler Master Elite 302,MicroATX Mini Tower,Mixed/Other,,Tempered Glass,34.1,1,3768.84
Antec FLUX,ATX Mid Tower,Mixed/Other,,Tempered Glass,58.1,2,5799.42
Montech SKY TWO,ATX Mid Tower,Mixed/Other,,Tempered Glass,45.3,2,6339.9800000000005
Zalman P10,MicroATX Mini Tower,Mixed/Other,,Tempered Glass,,2,4057.68
Aerocool Trinity Mini V2,MicroATX Mini Tower,Mixed/Other,,Tempered Glass,28.1,2,5200.28
Thermaltake S100 Snow Edition,MicroATX Mini Tower,Mixed/Other,,Tempered Glass,,2,4348.84
Silverstone FARA H1M PRO,MicroATX Mini Tower,Mixed/Other,,Tempered Glass,30.1,2,5219.42
Apevia PRISM,MicroATX Mid Tower,Mixed/Other,,Tempered Glass,35.4,2,4638.84
HP OMEN 45L,ATX Mid Tower,Mixed/Other,,Tempered Glass,53.2,2,20299.420000000002
Jonsbo NV10,Mini ITX Desktop,Mixed/Other,,Mesh,4.5,0,4930.0
Phanteks NV9,ATX Full Tower,Mixed/Other,,Tempered Glass,99.0,3,15833.42
Jonsbo TK-3,ATX Mid Tower,Mixed/Other,,Tempered Glass,52.3,2,7598.0
Thermaltake View 270 Plus TG ARGB,ATX Mid Tower,Mixed/Other,,Tempered Glass,47.6,2,5219.42
Lian Li Lancool II Mesh C RGB,ATX Mid Tower,Mixed/Other,,Tempered Glass,54.1,3,13917.099999999999
Fractal Design Pop Air,ATX Mid Tower,Mixed/Other,,Tempered Glass,46.2,2,5799.42
Antec VSK4000E U3,ATX Mid Tower,Mixed/Other,,,,5,5724.0199999999995
Jonsbo D31 MESH,MicroATX Mini Tower,Mixed/Other,,Tempered Glass,31.3,1,5103.42
Montech HS02 Pro,ATX Mid Tower,Mixed/Other,,Tempered Glass,55.3,2,6954.200000000001
SAMA V40,ATX Mid Tower,Mixed/Other,,Tempered Glass,47.9,3,4639.42
Fractal Design Pop Air,ATX Mid Tower,Mixed/Other,,Tempered Glass,46.2,2,5799.42
Jonsbo C6 MAX,MicroATX Desktop,Mixed/Other,,Tempered Glass,20.8,1,5156.200000000001
Phanteks ECLIPSE G500A DRGB,ATX Mid Tower,Mixed/Other,,Tempered Glass,61.8,2,8235.42
Thermaltake View 380 XL TG ARGB,ATX Mid Tower,Mixed/Other,,Tempered Glass,63.6,1,5219.42
Fractal Design North XL RC,ATX Full Tower,Mixed/Other,,Tinted Tempered Glass,61.4,2,10439.42
darkFlash DY470,ATX Mid Tower,Mixed/Other,,Tempered Glass,70.1,2,5075.58
Thermaltake TR100,Mini ITX Desktop,Mixed/Other,,Mesh,20.6,0,8699.42
Gigabyte C301 GLASS,ATX Mid Tower,Mixed/Other,,Tempered Glass,50.6,2,5799.42
Cooler Master Cosmos C700M,ATX Full Tower,Mixed/Other,,Tempered Glass,,4,32363.420000000002
Thermaltake View 380 ARGB,ATX Mid Tower,Mixed/Other,,Tinted Tempered Glass,51.6,1,5799.42
Corsair 6500X,ATX Mid Tower,Mixed/Other,,Tempered Glass,78.3,2,11599.42
In Win CE685.FH300TB3,MicroATX Slim,Mixed/Other,300.0,,11.8,1,6693.200000000001
be quiet! Pure Base 500DX,ATX Mid Tower,Mixed/Other,,Tempered Glass,48.3,2,10555.42
Montech Heritage,MicroATX Mid Tower,Mixed/Other,,Tempered Glass,41.5,1,5214.200000000001
Fractal Design Pop Air,ATX Mid Tower,Mixed/Other,,Tempered Glass,46.2,2,5799.42
Fractal Design Torrent Nano RGB,Mini ITX Tower,Mixed/Other,,Tempered Glass,34.6,1,9002.76
Cooler Master MasterCase H500,ATX Mid Tower,Mixed/Other,,Tinted Tempered Glass,,2,14311.5
be quiet! Dark Base 701,ATX Mid Tower,Mixed/Other,,Tempered Glass,73.6,2,13334.2
Phanteks Enthoo Pro 2 Server Edition,ATX Full Tower,Mixed/Other,,,78.0,4,12874.84
Corsair 7000D AIRFLOW,ATX Full Tower,Mixed/Other,,Tempered Glass,81.8,6,16819.420000000002
HYTE Y40,ATX Mid Tower,Mixed/Other,,Tempered Glass,49.7,1,7539.42
MSI MEG PROSPECT 700R,ATX Mid Tower,Mixed/Other,,Tempered Glass,80.7,2,22039.420000000002
Thermaltake The Tower 300 Matcha,MicroATX Mini Tower,Mixed/Other,,Tempered Glass,53.0,3,6147.42
Zalman S2,ATX Mid Tower,Mixed/Other,,Tempered Glass,38.4,2,3420.8399999999997
Fractal Design Torrent,ATX Mid Tower,Mixed/Other,,Tempered Glass,69.8,2,11889.42
Phanteks NV7,ATX Full Tower,Mixed/Other,,Tempered Glass,78.9,2,11680.039999999999
GameMax M60,MicroATX Mid Tower,Mixed/Other,,Mesh,29.4,2,2956.8399999999997
Cooler Master MasterBox MB311L ARGB,MicroATX Mid Tower,Mixed/Other,,Tempered Glass,,2,8142.04
Fractal Design Epoch,ATX Mid Tower,Mixed/Other,,Tinted Tempered Glass,45.1,2,6379.42
MSI MAG PANO 100L PZ,ATX Mid Tower,Mixed/Other,,Tempered Glass,72.5,2,6785.42
Montech KING 95,ATX Mid Tower,Mixed/Other,,Tempered Glass,63.0,5,10656.34
Cougar MX330,ATX Mid Tower,Mixed/Other,,Acrylic,39.4,2,3479.42
Cooler Master NCORE 100 AIR,Mini ITX Tower,Mixed/Other,,Mesh,16.4,0,8119.42
Mars Gaming MC-S2,ATX Mid Tower,Mixed/Other,,Acrylic,19.5,1,3713.16
Cooler Master QUBE 500 Flatpack Macaron Edition,ATX Mid Tower,Mixed/Other,,Tempered Glass,38.9,4,5799.42
Geometric Future Model 5,ATX Mid Tower,Mixed/Other,,Tempered Glass,51.1,2,7824.200000000001
Thermaltake The Tower 600,ATX Mid Tower,Mixed/Other,,Tempered Glass,66.2,1,11019.42
APNX Creator C1,ATX Mid Tower,Mixed/Other,,Tempered Glass,53.6,3,5799.42
Corsair 2500X Bamboo,MicroATX Mini Tower,Mixed/Other,,Tempered Glass,54.8,2,9279.42
Cougar MX330-G,ATX Mid Tower,Mixed/Other,,Tempered Glass,39.4,2,3479.42
Lian Li SUP01,ATX Mid Tower,Mixed/Other,,Tempered Glass,45.7,2,4566.34
Jonsbo C6,MicroATX Mini Tower,Mixed/Other,,Mesh,15.9,1,3480.0
SAMA 3509,ATX Mid Tower,Mixed/Other,,Tempered Glass,41.4,2,3769.4199999999996
SSUPD Xhuttle,ATX Mid Tower,Mixed/Other,,Tempered Glass,50.2,2,6960.0
be quiet! Light Base 900 FX,ATX Full Tower,Mixed/Other,,Tempered Glass,84.2,1,15073.619999999999
Fractal Design Meshify 3,ATX Mid Tower,Mixed/Other,,Tempered Glass,50.3,2,8989.42
HYTE REVOLT 3,Mini ITX Tower,Mixed/Other,,Mesh,18.4,1,7539.42
Thermaltake View 200 TG ARGB,ATX Mid Tower,Mixed/Other,,Tempered Glass,38.2,2,4638.84
Antec C8 ARGB,ATX Full Tower,Mixed/Other,,Tempered Glass,66.9,2,8699.42
HYTE Y60,ATX Mid Tower,Mixed/Other,,Tempered Glass,60.0,2,10439.42
iBuypower Slate 8 Mesh Pro ARGB,ATX Mid Tower,Mixed/Other,,Tempered Glass,54.2,1,7829.42
Thermaltake AX700,ATX Full Tower,Mixed/Other,,Tempered Glass,141.4,18,23488.84
NZXT H7 Elite (2023),ATX Mid Tower,Mixed/Other,,Tempered Glass,55.8,2,11542.0
Jonsbo N4,MicroATX Desktop,Mixed/Other,,Mesh,19.6,6,6959.42
Rosewill FBM-X3,MicroATX Mid Tower,Mixed/Other,650.0,Mesh,37.0,2,5219.42
Thermaltake S200 TG ARGB,ATX Mid Tower,Mixed/Other,,Tempered Glass,38.2,2,7176.34
Corsair Crystal Series 680X RGB,ATX Mid Tower,Mixed/Other,,Tempered Glass,73.5,3,15630.42
Thermaltake The Tower 300,MicroATX Mini Tower,Mixed/Other,,Tempered Glass,53.0,3,5219.42
Cooler Master MasterBox K501L,ATX Mid Tower,Mixed/Other,,Tempered Glass,,2,9358.880000000001
Thermaltake View 270,ATX Mid Tower,Mixed/Other,,Tempered Glass,47.6,2,4052.46
Apevia PRISM,MicroATX Mid Tower,Mixed/Other,,Tempered Glass,35.4,2,4638.84
Thermaltake Level 20,ATX Full Tower,Mixed/Other,,Tempered Glass,141.0,8,58288.840000000004
GAMDIAS NESO P1,ATX Full Tower,Mixed/Other,,Tempered Glass,75.2,5,7249.42
Fractal Design Define 7 Dark,ATX Mid Tower,Mixed/Other,,Tinted Tempered Glass,62.4,6,11889.42
Thermaltake The Tower 600,ATX Mid Tower,Mixed/Other,,Tempered Glass,66.2,1,11019.42
Thermaltake The Tower 300 Bubble Pink,MicroATX Mini Tower,Mixed/Other,,Tempered Glass,53.0,3,9859.42
In Win CJ712,MicroATX Desktop,Mixed/Other,265.0,,8.0,1,5684.0
be quiet! Pure Base 501,ATX Mid Tower,Mixed/Other,,,48.1,2,6374.200000000001
Thermaltake The Tower 250,Mini ITX Tower,Mixed/Other,,Tempered Glass,42.7,1,8697.099999999999
Montech SKY TWO GX,ATX Mid Tower,Mixed/Other,,Tempered Glass,49.5,2,4582.0
Phanteks Enthoo Pro 2 Server Edition,ATX Full Tower,Mixed/Other,,Tempered Glass,78.0,4,13570.84
Vetroo AL900,ATX Mid Tower,Mixed/Other,,Tempered Glass,48.1,0,4638.84
BitFenix Nova Mesh SE,ATX Mid Tower,Mixed/Other,,Tempered Glass,36.1,2,4054.2000000000003
Asus TUF Gaming GT302 ARGB,ATX Mid Tower,Mixed/Other,,Tempered Glass,59.3,2,18136.6
iBuypower Scale Mesh ARGB,ATX Mid Tower,Mixed/Other,,Tempered Glass,50.9,1,6959.42
Silverstone GD11,HTPC,Mixed/Other,,,30.9,3,11508.94
Corsair 6500D Airflow,ATX Mid Tower,Mixed/Other,,Tempered Glass,78.3,2,8705.8
be quiet! Pure Base 501 LX,ATX Mid Tower,Mixed/Other,,Tempered Glass,48.1,2,8694.2
Montech HS02 Pro,ATX Mid Tower,Mixed/Other,,Tempered Glass,55.3,2,8114.200000000001
Gigabyte C500 PANORAMIC STEALTH,ATX Mid Tower,Mixed/Other,,Tempered Glass,50.6,2,15055.06
Cooler Master NR200P V3,Mini ITX Desktop,Mixed/Other,,Acrylic,20.4,1,8119.42
Thermaltake The Tower 600,ATX Mid Tower,Mixed/Other,,Tempered Glass,66.2,1,10729.42
Lian Li LANCOOL 216 RGB w/Controller,ATX Mid Tower,Mixed/Other,,Tinted Tempered Glass,55.6,2,7713.42
Azza Sanctum,ATX Desktop,Mixed/Other,,Tempered Glass,76.9,2,20299.420000000002
Segotep T3 Aeolus,ATX Mid Tower,Mixed/Other,,Tempered Glass,54.4,3,4145.84
GAMDIAS TALOS E3 WH,ATX Mid Tower,Mixed/Other,,Tempered Glass,,2,3479.42
Rosewill FBM-X2-400-HELIX,MicroATX Mini Tower,Mixed/Other,400.0,,25.3,1,3479.42
MSI MAG PANO 100L PZ,ATX Mid Tower,Mixed/Other,,Tempered Glass,72.5,2,7539.42
be quiet! Light Base 600 DX,ATX Mid Tower,Mixed/Other,,Tempered Glass,59.7,1,8865.3
MSI MAG VAMPIRIC 100R,ATX Mid Tower,Mixed/Other,,Tempered Glass,36.5,2,4999.6
Razer Tomahawk Mini-ITX,Mini ITX Tower,Mixed/Other,,Tinted Tempered Glass,,0,10439.42
Razer Tomahawk ATX,ATX Mid Tower,Mixed/Other,,Tinted Tempered Glass,,3,12758.84
Silverstone SG05-LITE,Mini ITX Desktop,Mixed/Other,,,10.7,1,4352.9
Rosewill Helium Flow,ATX Mid Tower,Mixed/Other,,,50.5,3,4638.84
Silverstone SETA D1,ATX Mid Tower,Mixed/Other,,,56.5,8,9842.599999999999
Fractal Design North XL RC,ATX Full Tower,Mixed/Other,,Tempered Glass,61.4,2,11309.42
Thermaltake Core P3 TG Pro,ATX Mid Tower,Mixed/Other,,Tempered Glass,71.7,4,8161.18
Silverstone SUGO 15,Mini ITX Desktop,Mixed/Other,,,19.1,0,10500.32
Apevia PRISM,MicroATX Mid Tower,Mixed/Other,,Tempered Glass,35.4,2,4638.84
Cooler Master Elite 500 ODD,ATX Mid Tower,Mixed/Other,,,43.1,2,7779.54
Thermaltake View 380 ARGB,ATX Mid Tower,Mixed/Other,,Tinted Tempered Glass,51.6,1,6669.42
SAMA V40,ATX Mid Tower,Mixed/Other,,Tempered Glass,47.9,3,4639.42
MSI MPG GUNGNIR 300R AIRFLOW,ATX Mid Tower,Mixed/Other,,Tempered Glass,60.5,2,9047.42
Cooler Master Elite 301,MicroATX Mid Tower,Mixed/Other,,Tempered Glass,34.1,1,4558.22
Cooler Master MasterBox 600,ATX Mid Tower,Mixed/Other,,Tempered Glass,52.4,2,5857.42
Fractal Design Meshify 2 Mini,MicroATX Mid Tower,Mixed/Other,,Tempered Glass,33.0,2,11832.0
Fractal Design Meshify 3 Ambience Pro RGB,ATX Mid Tower,Mixed/Other,,Tempered Glass,50.3,2,13919.42
GameMax F45,ATX Mid Tower,Mixed/Other,,Tempered Glass,40.6,2,3537.42
Antec Performance 1 M,Mini ITX Desktop,Mixed/Other,,Mesh,19.3,0,11309.42
Corsair iCUE 5000X RGB,ATX Mid Tower,Mixed/Other,,Tempered Glass,66.2,2,12469.42
MSI MPG Sekira 500G,ATX Mid Tower,Mixed/Other,,Tempered Glass,67.1,6,60900.0
HYTE Persona 3 Reload Y70,ATX Mid Tower,Mixed/Other,,Tempered Glass,70.7,2,15079.42
Fractal Design Meshify 3,ATX Mid Tower,Mixed/Other,,Tinted Tempered Glass,50.3,2,9279.42
SSUPD Xhuttle,ATX Mid Tower,Mixed/Other,,Tempered Glass,50.2,2,6960.0
be quiet! Dark Base Pro 901,ATX Full Tower,Mixed/Other,,Tempered Glass,94.5,2,17393.62
Thermaltake Ceres 330 ARGB,ATX Mid Tower,Mixed/Other,,Tempered Glass,53.9,1,4001.4199999999996
Lian Li LANCOOL 205 Mesh C,ATX Mid Tower,Mixed/Other,,Tempered Glass,41.3,2,6843.42
be quiet! Pure Base 600,ATX Mid Tower,Mixed/Other,,Tempered Glass,50.9,3,6954.200000000001
Montech KING 95 PRO,ATX Mid Tower,Mixed/Other,,Tempered Glass,63.0,5,9802.0
Cooler Master HAF 700,ATX Full Tower,Mixed/Other,,Tempered Glass,83.6,9,17399.420000000002
MSI MPG VELOX 100P AIRFLOW,ATX Mid Tower,Mixed/Other,,Tempered Glass,53.7,2,16955.14
Thermaltake The Tower 600,ATX Mid Tower,Mixed/Other,,Tempered Glass,66.2,1,11019.42
Asus TUF Gaming GT501,ATX Mid Tower,Mixed/Other,,Tempered Glass,75.5,4,9859.42
Cooler Master HAF 500,ATX Mid Tower,Mixed/Other,,Tempered Glass,,2,5688.64
be quiet! Light Base 900 DX,ATX Full Tower,Mixed/Other,,Tempered Glass,84.2,1,12464.2
Azza Spectra,ATX Mid Tower,Mixed/Other,,Tempered Glass,33.4,2,3479.42
Vetroo AL900,ATX Mid Tower,Mixed/Other,,Tempered Glass,48.1,0,4638.84
Silverstone FARA 515XR,ATX Mid Tower,Mixed/Other,,Tempered Glass,39.9,2,4616.22
RAIJINTEK OPHION EVO,Mini ITX Desktop,Mixed/Other,,Acrylic,,1,4054.2000000000003
Corsair iCUE 5000T RGB,ATX Mid Tower,Mixed/Other,,Tempered Glass,74.5,2,13919.42
Thermaltake The Tower 300,MicroATX Mini Tower,Mixed/Other,,Tempered Glass,53.0,3,7829.42
Aerocool Bolt,ATX Mid Tower,Mixed/Other,,Acrylic,35.3,2,4801.820000000001
Jonsbo TK-2 2.0,ATX Mid Tower,Mixed/Other,,Tempered Glass,53.2,1,9396.0
Thermaltake View 380 XL TG ARGB,ATX Mid Tower,Mixed/Other,,Tempered Glass,63.6,1,4582.0
APNX Creator C1,ATX Mid Tower,Mixed/Other,,Tempered Glass,53.6,3,5799.42
Thermaltake The Tower 600,ATX Mid Tower,Mixed/Other,,Tempered Glass,66.2,1,9859.42
Cooler Master MasterBox MB320L ARGB,MicroATX Mini Tower,Mixed/Other,,Tempered Glass,38.8,2,4929.42
Antec DF600 FLUX,ATX Mid Tower,Mixed/Other,,Tempered Glass,,3,6089.42
Thermaltake The Tower 300 Hydrangea,MicroATX Mini Tower,Mixed/Other,,Tempered Glass,53.0,3,8931.42
GAMDIAS ATLAS M1,ATX Mid Tower,Mixed/Other,,Tempered Glass,41.0,1,4929.42
Silverstone PS16B,MicroATX Mini Tower,Mixed/Other,,,,3,4358.700000000001
Cooler Master TD300 Mesh,MicroATX Mini Tower,Mixed/Other,,Tempered Glass,,2,4929.42
Cooler Master MasterCase H500M,ATX Mid Tower,Mixed/Other,,Tempered Glass,73.7,2,26824.420000000002
Antec DF700 FLUX,ATX Mid Tower,Mixed/Other,,Tempered Glass,49.9,3,8640.84
Antec C7 ARGB,ATX Mid Tower,Mixed/Other,,Tempered Glass,58.9,2,10062.42
Montech Heritage PRO,MicroATX Mid Tower,Mixed/Other,,Tempered Glass,41.5,1,6374.200000000001
Corsair 2500X Obsidian,MicroATX Mini Tower,Mixed/Other,,Tempered Glass,54.8,2,9279.42
Cougar MX330-G Pro,ATX Mid Tower,Mixed/Other,,Tempered Glass,49.1,2,3949.2200000000003
Apevia Destiny Flow,ATX Mid Tower,Mixed/Other,,Tempered Glass,,2,4406.84
Asus ProArt PA602 Wood Edition,ATX Mid Tower,Mixed/Other,,,81.4,4,29054.52
MSI MPG VELOX 100R,ATX Mid Tower,Mixed/Other,,Tempered Glass,53.7,2,8119.42
Montech HS01 PRO,ATX Mid Tower,Mixed/Other,,Tempered Glass,55.3,2,6664.200000000001
PC Cooler I100 PRO MESH,Mini ITX Desktop,Mixed/Other,,Mesh,7.5,1,5898.0199999999995
Silverstone MILO 11,MicroATX Desktop,Mixed/Other,,,10.3,1,5380.66
Silverstone SG13 V2,Mini ITX Tower,Mixed/Other,,,11.5,1,4299.54
Zalman Z7 NEO,ATX Mid Tower,Mixed/Other,,Tempered Glass,41.2,2,4058.84
iBuypower Slate 9 Mesh,ATX Mid Tower,Mixed/Other,,Tempered Glass,53.4,1,7249.42
ENDORFY Ventum 200,ATX Mid Tower,Mixed/Other,,,34.6,1,5436.92
Phanteks XT PRO,ATX Mid Tower,Mixed/Other,,,51.8,2,6958.84
Silverstone RM52,ATX Full Tower,Mixed/Other,,,58.6,2,30914.579999999998
be quiet! Pure Base 500,ATX Mid Tower,Mixed/Other,,Tempered Glass,46.0,2,5388.200000000001
GAMDIAS ATHENA M3,ATX Mid Tower,Mixed/Other,,Tempered Glass,45.1,2,4780.9400000000005
Fractal Design Torrent RGB,ATX Mid Tower,Mixed/Other,,Tempered Glass,69.8,2,13339.42
Thermaltake View 170 ARGB,MicroATX Mini Tower,Mixed/Other,,Tempered Glass,35.0,1,4928.84
Vetroo AL800,ATX Mid Tower,Mixed/Other,,Tempered Glass,46.4,2,3479.42
Corsair 3500X CALL OF DUTY BLACK OPS 6 EDITION,ATX Mid Tower,Black,,Tempered Glass,55.9,2,5799.42
Fractal Design Meshify 3 XL RGB,ATX Full Tower,Mixed/Other,,Tinted Tempered Glass,72.6,2,11019.42
Apevia Prism Elite,ATX Mid Tower,Mixed/Other,,Tempered Glass,47.9,2,6379.42
be quiet! Pure Base 501 DX,ATX Mid Tower,Mixed/Other,,Tempered Glass,48.1,2,7534.200000000001
Cougar Duoface Pro RGB,ATX Mid Tower,Mixed/Other,,Tempered Glass,55.4,2,7302.78
Silverstone FARA 515XR,ATX Mid Tower,Mixed/Other,,Tempered Glass,39.9,2,4058.84
Silverstone Sugo 16,Mini ITX Tower,Mixed/Other,,,13.0,1,5539.0
Montech KING 95 PRO,ATX Mid Tower,Mixed/Other,,Tempered Glass,63.0,5,9802.0
Thermaltake View 71 TG RGB,ATX Full Tower,Mixed/Other,,Acrylic,,4,12759.42
HYTE Gundam Wing Y70 Touch Infinite,ATX Mid Tower,Mixed/Other,,Tempered Glass,70.7,2,28999.420000000002
Fractal Design Epoch,ATX Mid Tower,Mixed/Other,,Tempered Glass,45.1,2,6379.42
Jonsbo BO400,ATX Mid Tower,Mixed/Other,,Tempered Glass,72.1,4,18270.0
Jonsbo N10,Mini ITX Tower,Mixed/Other,,Mesh,4.5,0,3595.42
Silverstone CS382,ATX Mid Tower,Mixed/Other,,,39.6,1,15057.380000000001
MSI MPG GUNGNIR 110R,ATX Mid Tower,Mixed/Other,,Tempered Glass,,2,6959.42
Thermaltake View 380 ARGB,ATX Mid Tower,Mixed/Other,,Tempered Glass,51.6,1,6669.42
ENDORFY ARX 500 ARGB,ATX Mid Tower,Mixed/Other,,Tempered Glass,47.5,1,6612.0
iBuypower Element 9 PRO,ATX Mid Tower,Mixed/Other,,Tempered Glass,49.2,2,7829.42
Fractal Design Meshify 3 XL Ambience Pro RGB,ATX Full Tower,Mixed/Other,,Tempered Glass,72.6,2,15949.42
Silverstone RM42-502,ATX Mid Tower,Mixed/Other,,,35.4,0,24659.280000000002
Thermaltake S200 TG ARGB,ATX Mid Tower,Mixed/Other,,Tempered Glass,38.2,2,7936.72
Corsair Crystal Series 680X RGB,ATX Mid Tower,Mixed/Other,,Tempered Glass,73.5,3,9569.42
Thermaltake The Tower 600,ATX Mid Tower,Mixed/Other,,Tempered Glass,66.2,1,10845.42
Silverstone SETA H2,ATX Full Tower,Mixed/Other,,Mesh,70.3,12,10681.859999999999
DIYPC Rainbow-Flash-F4,ATX Mid Tower,Mixed/Other,,Tempered Glass,33.2,2,3826.84
Geometric Future Model 5,ATX Mid Tower,Mixed/Other,,Tempered Glass,51.1,2,8694.2
Thermaltake Core P3,ATX Mid Tower,Mixed/Other,,Tempered Glass,80.1,2,8802.66
NZXT H7 Flow RGB (2023),ATX Mid Tower,Mixed/Other,,Tempered Glass,55.8,2,9801.42
Vetroo M05,MicroATX Mid Tower,Mixed/Other,,Tempered Glass,36.3,2,3768.84
Silverstone Crown 04,HTPC,Mixed/Other,,Mesh,48.2,2,31899.420000000002
be quiet! Pure Base 501 Airflow,ATX Mid Tower,Mixed/Other,,,48.1,2,5509.42
Silverstone PS15,MicroATX Mid Tower,Mixed/Other,,Tempered Glass,25.7,1,3479.42
GAMDIAS Talos M3 Mesh,ATX Mid Tower,Mixed/Other,,Tempered Glass,48.6,2,4929.42
Corsair iCUE 5000X RGB QL Edition,ATX Mid Tower,Mixed/Other,,Tempered Glass,66.2,2,12179.42
Silverstone GD08B,HTPC,Mixed/Other,,,33.4,8,14284.82
Fractal Design Epoch RGB,ATX Mid Tower,Mixed/Other,,Tinted Tempered Glass,45.1,2,7539.42
Asus TUF Gaming GT502 Horizon,ATX Mid Tower,Mixed/Other,,Tempered Glass,57.2,4,11304.78
Cooler Master Silencio S600,ATX Mid Tower,Mixed/Other,,,47.0,4,8327.06
Thermaltake The Tower 200,Mini ITX Tower,Mixed/Other,,Tempered Glass,45.1,2,6088.84
Thermaltake Divider 370 TG ARGB,ATX Mid Tower,Mixed/Other,,Tempered Glass,50.7,2,8757.42
Thermaltake View 71 TG Snow,ATX Full Tower,Mixed/Other,,Acrylic,,4,13048.84
Thermaltake CTE E550,ATX Mid Tower,Mixed/Other,,Tempered Glass,77.4,3,9857.099999999999
Montech SKY TWO,ATX Mid Tower,Mixed/Other,,Tempered Glass,45.3,2,7886.26
BGears b-Voguish,ATX Mid Tower,Mixed/Other,,Tempered Glass,,2,3421.42
Cooler Master MasterFrame 600,ATX Mid Tower,Mixed/Other,,Tempered Glass,61.2,2,10439.42
GameMax Vista A,ATX Mid Tower,Mixed/Other,,Tempered Glass,44.1,2,4639.42
GAMDIAS Talos M3 Mesh,ATX Mid Tower,Mixed/Other,,Tempered Glass,48.6,2,5745.4800000000005
be quiet! Silent Base 802,ATX Mid Tower,Mixed/Other,,Tempered Glass,83.8,3,11163.84
ENDORFY ARX 500 Air,ATX Mid Tower,Mixed/Other,,Tempered Glass,47.5,1,6003.0
Corsair Crystal 280X RGB,MicroATX Mid Tower,Mixed/Other,,Tempered Glass,,2,13919.42
Thermaltake CTE C750 ARGB,ATX Full Tower,Mixed/Other,,Tempered Glass,110.7,7,10728.84
Thermaltake AX700,ATX Full Tower,Mixed/Other,,Tempered Glass,141.4,18,23199.420000000002
Apex MI-008,Mini ITX Tower,Mixed/Other,250.0,,8.5,1,3966.62
NZXT H7 Flow RGB (2023),ATX Mid Tower,Mixed/Other,,Tempered Glass,55.8,2,9279.42
Thermaltake View 380 XL TG ARGB,ATX Mid Tower,Mixed/Other,,Tempered Glass,63.6,1,4929.42
Silverstone SG13,Mini ITX Tower,Mixed/Other,,,11.5,1,4396.9800000000005
GAMDIAS NESO P1,ATX Full Tower,Mixed/Other,,Tempered Glass,75.2,5,8757.42
Lian Li V3000 PLUS White GGF Edition,ATX Full Tower,White,,Tempered Glass,127.6,8,28709.420000000002
Apevia Genesis-BK,ATX Mid Tower,Mixed/Other,,Tempered Glass,,3,4348.84
Thermaltake Core P3 TG Pro Snow,ATX Mid Tower,Mixed/Other,,Tempered Glass,71.7,4,7539.42
Antec CX700 RGB ELITE,ATX Mid Tower,Mixed/Other,,Tempered Glass,44.5,2,5603.38
Montech HS02,ATX Mid Tower,Mixed/Other,,Tempered Glass,55.3,2,5562.200000000001
Thermaltake The Tower 300 Bumblebee,MicroATX Mini Tower,Mixed/Other,,Tempered Glass,53.0,3,6089.42
Anidees AI CRYSTAL XL PRO LITE,ATX Full Tower,Mixed/Other,,Tempered Glass,,0,17973.62
Corsair iCUE 4000D RGB Airflow QL Edition,ATX Mid Tower,Mixed/Other,,Tempered Glass,48.6,2,8699.42
darkFlash L280,ATX Mid Tower,Mixed/Other,,Tempered Glass,54.6,2,8306.76
HYTE Y70 Silver Wolf,ATX Mid Tower,Mixed/Other,,Tempered Glass,70.7,2,17399.420000000002
PC Cooler C3 T500 ARGB,ATX Mid Tower,Mixed/Other,,Tempered Glass,45.1,2,6959.42
Thermaltake S300 Tempered Glass Snow Edition,ATX Mid Tower,Mixed/Other,,Tempered Glass,,2,4871.42
Linkworld 920-01C2121U,HTPC,Mixed/Other,150.0,,5.3,0,2871.0
Silverstone CS351,MicroATX Desktop,Mixed/Other,,,22.8,2,11019.42
Thermaltake The Tower 200,Mini ITX Tower,Mixed/Other,,Tempered Glass,45.1,2,6088.84
Thermaltake Ceres 300 TG ARGB,ATX Mid Tower,Mixed/Other,,Tempered Glass,53.9,1,6958.84
Antec VSK 3000 Elite,MicroATX Mini Tower,Mixed/Other,,,27.5,4,6578.9400000000005
be quiet! Pure Base 500,ATX Mid Tower,Mixed/Other,,,46.0,2,5794.200000000001
Corsair iCUE 5000T LX RGB,ATX Mid Tower,Mixed/Other,,Tempered Glass,74.5,2,19719.420000000002
Thermaltake V250 TG ARGB,ATX Mid Tower,Mixed/Other,,Tempered Glass,,2,7827.68
ADATA XPG INVADER X,ATX Mid Tower,Mixed/Other,,Tempered Glass,52.1,3,9802.0
Antec P20C,ATX Mid Tower,Mixed/Other,,Tempered Glass,50.6,2,4639.42
Fractal Design Pop XL Silent,ATX Full Tower,Mixed/Other,,Tempered Glass,62.4,3,31130.34
Thermaltake The Tower 300,MicroATX Mini Tower,Mixed/Other,,Tempered Glass,53.0,3,9859.42
Lian Li LANCOOL 206,ATX Mid Tower,Mixed/Other,,Tempered Glass,49.6,3,9859.42
Thermaltake The Tower 250,Mini ITX Tower,Mixed/Other,,Tempered Glass,42.7,1,8699.42
Thermaltake CTE C700 Air,ATX Mid Tower,Mixed/Other,,Tempered Glass,93.8,7,7828.839999999999
ENDORFY Signum 300 Air,ATX Mid Tower,Mixed/Other,,Tempered Glass,39.9,2,7575.380000000001
Fractal Design Pop Air,ATX Mid Tower,Mixed/Other,,Tempered Glass,46.2,2,8967.960000000001
Chieftec Hunter,ATX Mid Tower,Mixed/Other,,Tempered Glass,39.8,2,6454.820000000001
Silverstone ML06B,HTPC,Mixed/Other,,,7.1,0,5367.320000000001
Corsair 4000D Airflow Teak,ATX Mid Tower,Mixed/Other,,Tempered Glass,48.6,2,6815.0
Silverstone ML03B,HTPC,Mixed/Other,,,15.5,2,5881.78
Silverstone ML07B,HTPC,Mixed/Other,,,13.9,1,6885.76
MSI MPG GUNGNIR 300P AIRFLOW,ATX Mid Tower,Mixed/Other,,Tempered Glass,60.5,2,20994.84
Thermaltake The Tower 250,Mini ITX Tower,Mixed/Other,,Tempered Glass,42.7,1,8697.099999999999
iBuypower Element 9,ATX Mid Tower,Mixed/Other,,Tempered Glass,49.2,2,6669.42
Antec C7 ARGB,ATX Mid Tower,Mixed/Other,,Tempered Glass,58.9,2,10555.42
Thermaltake Level 20 RS ARGB,ATX Mid Tower,Mixed/Other,,Tempered Glass,,3,5218.84
Jonsbo TK-2 2.0,ATX Mid Tower,Mixed/Other,,Tempered Glass,53.2,1,9396.0
Fractal Design Meshify 2 Compact Lite RGB,ATX Mid Tower,Mixed/Other,,Tinted Tempered Glass,42.3,2,18620.9
GAMDIAS ARGUS E4 ELITE,ATX Mid Tower,Mixed/Other,,Tempered Glass,,2,3565.2599999999998
Rosewill Helium Flow,ATX Mid Tower,Mixed/Other,,,50.5,3,4638.84
Vetroo AL800,ATX Mid Tower,Mixed/Other,,Tempered Glass,46.4,2,3768.84
Asus ProArt PA401 Wood Edition,ATX Mid Tower,Mixed/Other,,,46.6,2,15889.679999999998
Lian Li LANCOOL 205 Mesh,ATX Mid Tower,Mixed/Other,,Tempered Glass,41.3,2,11310.0
Apex DM-387,HTPC,Mixed/Other,275.0,,12.8,1,5103.42
Montech HS01,ATX Mid Tower,Mixed/Other,,Tempered Glass,55.3,2,5214.200000000001
GAMDIAS ATLAS E1,ATX Mid Tower,Mixed/Other,,Tempered Glass,36.3,1,4920.72
Phanteks Eclipse P600S,ATX Mid Tower,Mixed/Other,,Tempered Glass,,4,9220.84
Chieftec APEX,ATX Mid Tower,Mixed/Other,,Tempered Glass,52.9,2,10369.24
Silverstone FARA 313 Type-C,MicroATX Mid Tower,Mixed/Other,,,26.7,3,4558.22
Geometric Future Model 5,ATX Mid Tower,Mixed/Other,,Tempered Glass,51.1,2,8694.2
Asiahorse Perseus,ATX Mid Tower,Mixed/Other,,Tempered Glass,73.9,2,10439.42
HYTE Persona 3 Reload Y60,ATX Mid Tower,Mixed/Other,,Tempered Glass,60.0,2,13339.42
Silverstone FARA H1M,MicroATX Mini Tower,Mixed/Other,,,30.1,2,4637.1
Geometric Future Model 5 Fanless,ATX Mid Tower,Mixed/Other,,Tempered Glass,51.1,2,6374.200000000001
Thermaltake Ceres 300 TG ARGB,ATX Mid Tower,Mixed/Other,,Tempered Glass,53.9,1,5799.42
Thermaltake AX700,ATX Full Tower,Mixed/Other,,Mesh,141.4,18,23488.84
Thermaltake The Tower 200 Bumblebee,Mini ITX Tower,Mixed/Other,,Tempered Glass,45.1,2,6088.84
Antec CX600M Trio ARGB,MicroATX Mini Tower,Mixed/Other,,Tempered Glass,46.8,1,6486.72
Cooler Master MasterCase H500 ARGB,ATX Mid Tower,Mixed/Other,,Tempered Glass,,2,14311.5
Montech Heritage,MicroATX Mid Tower,Mixed/Other,,Tempered Glass,41.5,1,5214.200000000001
Antec CX600M Trio ARGB,MicroATX Mini Tower,Mixed/Other,,Tempered Glass,46.8,1,10772.34
Azza Aero,ATX Mid Tower,Mixed/Other,,Mesh,47.3,2,6379.42
ADATA XPG INVADER,ATX Mid Tower,Mixed/Other,,Tempered Glass,,2,4925.9400000000005
Thermaltake The Tower 600,ATX Mid Tower,Mixed/Other,,Tempered Glass,66.2,1,10787.42
Antec P20CE,ATX Mid Tower,Mixed/Other,,,50.6,2,10011.380000000001
Thermaltake View 200 TG ARGB,ATX Mid Tower,Mixed/Other,,Tempered Glass,38.2,2,4928.84
PC Cooler C3 T500 ARGB,ATX Mid Tower,Mixed/Other,,Tempered Glass,45.1,2,9776.48
Silverstone FARA 513 Type-C,ATX Mid Tower,Mixed/Other,,,44.6,2,5701.9800000000005
Silverstone SG13 V2,Mini ITX Tower,Mixed/Other,,,11.5,1,4367.4
Antec Performance 1 M,Mini ITX Desktop,Mixed/Other,,Mesh,19.3,0,12469.42
Thermaltake CTE T500 Air,ATX Full Tower,Mixed/Other,,Tempered Glass,87.3,4,7828.839999999999
Silverstone SUGO 17,MicroATX Desktop,Mixed/Other,,Mesh,26.1,1,12323.84
Thermaltake View 51 Snow ARGB Edition,ATX Full Tower,Mixed/Other,,Tempered Glass,91.0,2,12446.8
In Win BL040.300TB3LF,HTPC,Mixed/Other,300.0,,11.6,2,5949.64
Thermaltake The Tower 100,Mini ITX Tower,Mixed/Other,,Tempered Glass,32.7,2,7481.42
iBuypower Snowblind S,ATX Mid Tower,Mixed/Other,,Tempered Glass,43.0,2,11599.42
G.Skill LT1,MicroATX Mini Tower,Mixed/Other,,Tempered Glass,35.0,1,4058.84
Silverstone RVZ03,Mini ITX Desktop,Mixed/Other,,,,0,8180.32
Corsair 5000T,ATX Mid Tower,Mixed/Other,,Tempered Glass,74.5,2,14209.42
Thermaltake The Tower 300,MicroATX Mini Tower,Mixed/Other,,Tempered Glass,53.0,3,9859.42
MagniumGear NEO QUBE 2 Infinity Mirror,ATX Mid Tower,Mixed/Other,,Tempered Glass,55.9,2,6204.84
TRYX LUCA L70,ATX Mid Tower,Mixed/Other,,Tempered Glass,80.9,0,14499.42
Geometric Future Model 5,ATX Mid Tower,Mixed/Other,,Tempered Glass,51.1,2,7824.200000000001
ENDORFY Regnum 400 Air,ATX Mid Tower,Mixed/Other,,Tempered Glass,45.9,2,8774.24
Jonsbo MOD-3,ATX Mid Tower,Mixed/Other,,Tempered Glass,93.1,1,18867.98
In Win BK623.BH300TB3,MicroATX Mini Tower,Mixed/Other,300.0,,12.3,1,6266.9
BGears b-Optillusion,ATX Mid Tower,Mixed/Other,,Tempered Glass,38.7,1,3479.42
Thermaltake Ceres 350 MX,ATX Mid Tower,Mixed/Other,,Tempered Glass,52.5,1,7523.18
Thermaltake CTE T500,ATX Full Tower,Mixed/Other,,Tempered Glass,87.3,4,6408.42
Silverstone FARA 514X,ATX Mid Tower,Mixed/Other,,Tempered Glass,49.7,2,6304.0199999999995
Thermaltake The Tower 250,Mini ITX Tower,Mixed/Other,,Tempered Glass,42.7,1,8988.84
Thermaltake Ceres 330 ARGB,ATX Mid Tower,Mixed/Other,,Tempered Glass,53.9,1,3769.4199999999996
Silverstone Sugo SG11,MicroATX Mini Tower,Mixed/Other,,,,3,7633.96
Silverstone Milo 12,HTPC,Mixed/Other,,Mesh,15.6,0,11511.26
PrimoChill Praxis WetBench,ATX Test Bench,Mixed/Other,,,,4,13629.42
GAMDIAS ATLAS E1,ATX Mid Tower,Mixed/Other,,Tempered Glass,36.3,1,4920.72
Thermaltake CTE C700 TG ARGB,ATX Mid Tower,Mixed/Other,,Tempered Glass,93.8,7,8985.94
Cooler Master MasterBox MB600L V2,ATX Mid Tower,Mixed/Other,,,37.7,2,10788.0
Corsair Crystal 280X RGB,MicroATX Mid Tower,Mixed/Other,,Tempered Glass,,2,13919.42
FSP Group CUT593P,ATX Full Tower,Mixed/Other,,Tempered Glass,62.6,3,6379.42
Asiahorse Perseus,ATX Mid Tower,Mixed/Other,,Tempered Glass,73.9,2,10439.42
Thermaltake The Tower 300,MicroATX Mini Tower,Mixed/Other,,Tempered Glass,53.0,3,8931.42
In Win 101,ATX Mid Tower,Mixed/Other,,Tempered Glass,48.3,2,6913.6
ADATA XPG INVADER X,ATX Mid Tower,Mixed/Other,,Tempered Glass,52.1,3,9802.0
Apevia Prodigy,MicroATX Mini Tower,Mixed/Other,,Tempered Glass,32.5,2,4348.84
Thermaltake The Tower 600,ATX Mid Tower,Mixed/Other,,Tempered Glass,66.2,1,11019.42
Azza Spectra,ATX Mid Tower,Mixed/Other,,Tempered Glass,33.4,2,3768.84
Fractal Design Meshify 3 XL RGB,ATX Full Tower,Mixed/Other,,Tempered Glass,72.6,2,12179.42
Raidmax X921 MESHIAN,ATX Mid Tower,Mixed/Other,,Tempered Glass,36.8,2,4058.84
Thermaltake CTE E600,ATX Mid Tower,Mixed/Other,,Tempered Glass,77.4,2,8988.84
Azza Celesta 340F,ATX Mid Tower,Mixed/Other,,Tempered Glass,40.2,2,3942.84
Fractal Design Meshify 3,ATX Mid Tower,Mixed/Other,,Tempered Glass,50.3,2,9279.42
be quiet! Shadow Base 800 FX,ATX Mid Tower,Mixed/Other,,Tempered Glass,70.9,2,13913.619999999999
Antec P10C,ATX Mid Tower,Mixed/Other,,,51.0,3,6591.12
Zalman Z10 DUO,ATX Mid Tower,Mixed/Other,,Tempered Glass,51.6,2,5799.42
Silverstone ML05B,HTPC,Mixed/Other,,,,0,4349.42
GAMDIAS NESO P1,ATX Full Tower,Mixed/Other,,Tempered Glass,75.2,5,9627.42
SHARKOON Rebel C50,ATX Mid Tower,Mixed/Other,,Mesh,52.4,3,26644.62
Apevia Genesis Pro,ATX Mid Tower,Mixed/Other,,Tempered Glass,35.7,3,4638.84
Fractal Design Meshify 2 Compact RGB,ATX Mid Tower,Mixed/Other,,Tinted Tempered Glass,42.3,2,15870.539999999999
Thermaltake The Tower 200,Mini ITX Tower,Mixed/Other,,Tempered Glass,45.1,2,6088.84
darkFlash L280,ATX Mid Tower,Mixed/Other,,Tempered Glass,54.6,2,7307.42
Montech HS02,ATX Mid Tower,Mixed/Other,,Tempered Glass,55.3,2,5562.200000000001
Streacom DA2 V2,Mini ITX Desktop,Mixed/Other,,,17.5,0,15022.0
Silverstone SUGO 15,Mini ITX Desktop,Mixed/Other,,,19.1,0,9284.640000000001
Vetroo AL800,ATX Mid Tower,Mixed/Other,,Tempered Glass,46.4,2,3768.84
Silverstone ML04B,HTPC,Mixed/Other,,,16.0,2,6733.799999999999
Corsair iCUE 5000T RGB,ATX Mid Tower,Mixed/Other,,Tempered Glass,74.5,2,13919.42
Cooler Master MasterFrame 700,ATX Full Tower,Mixed/Other,,Tempered Glass,,4,11135.42
Corsair 2500X Satin,MicroATX Mini Tower,Mixed/Other,,Tempered Glass,54.8,2,9279.42
Vetroo M05,MicroATX Mid Tower,Mixed/Other,,Tempered Glass,36.3,2,3768.84
Thermaltake CTE E550,ATX Mid Tower,Mixed/Other,,Tempered Glass,77.4,3,9685.42
Silverstone ML09,HTPC,Mixed/Other,,,,0,6404.9400000000005
HYTE Y60 Ouro Kronii,ATX Mid Tower,Mixed/Other,,Tempered Glass,60.0,2,16240.0
Thermaltake CTE E550,ATX Mid Tower,Mixed/Other,,Tempered Glass,77.4,3,9857.099999999999
Chieftec CI-01B-OP,MicroATX Desktop,Mixed/Other,,,33.6,2,10723.039999999999
In Win A3,MicroATX Mini Tower,Mixed/Other,,Tempered Glass,29.9,2,4034.48
SHARKOON QB ONE,Mini ITX Desktop,Mixed/Other,,Mesh,14.9,2,9266.08
Antec Performance 1 FT,ATX Full Tower,Mixed/Other,,Tempered Glass,62.7,2,17740.46
Thermaltake Core P6,ATX Mid Tower,Mixed/Other,,Tempered Glass,76.4,4,10898.2
Fractal Design Meshify 2 Lite,ATX Mid Tower,Mixed/Other,,Tempered Glass,61.7,2,27036.699999999997
Fractal Design Epoch RGB,ATX Mid Tower,Mixed/Other,,Tempered Glass,45.1,2,7539.42
Corsair 6500X,ATX Mid Tower,Mixed/Other,,Tempered Glass,78.3,2,11599.42
Silverstone SETA A2,ATX Mid Tower,Mixed/Other,,Tempered Glass,68.7,11,11599.42
HYTE Watson Amelia Y40,ATX Mid Tower,Mixed/Other,,Tempered Glass,49.7,1,16239.42
NZXT H7 Elite (2022),ATX Mid Tower,Mixed/Other,,Tempered Glass,55.8,2,11599.42
Streacom DA6,Mini ITX Test Bench,Mixed/Other,,,19.9,4,8062.0
Montech HS01,ATX Mid Tower,Mixed/Other,,Tempered Glass,55.3,2,5214.200000000001
Azza Pyramid Mesh,ATX Mid Tower,Mixed/Other,,Mesh,140.5,1,24359.420000000002
HYTE Mori Calliope Y40,ATX Mid Tower,Mixed/Other,,Tempered Glass,49.7,1,20299.420000000002
Azza Legionaire 470,ATX Mid Tower,Mixed/Other,,Mesh,46.8,2,6379.42
In Win A5,ATX Mid Tower,Mixed/Other,,Tempered Glass,34.9,2,6090.0
ADATA XPG Battlecruiser II,ATX Mid Tower,Mixed/Other,,Tempered Glass,62.6,5,10439.42
Silverstone ML08,HTPC,Mixed/Other,,Acrylic,,0,7900.76
be quiet! Silent Base 601,ATX Mid Tower,Mixed/Other,,Tempered Glass,,3,10692.3
be quiet! Pure Base 501 Airflow,ATX Mid Tower,Mixed/Other,,Tempered Glass,48.1,2,6664.200000000001
GAMDIAS MARS E2,MicroATX Mid Tower,Mixed/Other,,Tempered Glass,,2,4639.42
Thermaltake Ceres 350 MX,ATX Mid Tower,Mixed/Other,,Tempered Glass,52.5,1,8408.84
Antec ISK 110 VESA U3,Mini ITX Desktop,Mixed/Other,90.0,,4.1,0,31157.600000000002
Cooler Master Silencio S400,MicroATX Mini Tower,Mixed/Other,,Tempered Glass,,4,20704.84
Aerocool Cipher,ATX Mid Tower,Mixed/Other,,,48.2,12,10788.0
Mars Gaming MC-CORE,MicroATX Mid Tower,Mixed/Other,,Tempered Glass,14.6,3,6020.4
Azza Elise,MicroATX Mid Tower,Mixed/Other,,Tempered Glass,34.4,2,4058.84
Thermaltake CTE T500,ATX Full Tower,Mixed/Other,,Tempered Glass,87.3,4,8988.84
Silverstone TJ08B-E,MicroATX Mini Tower,Mixed/Other,,,30.2,4,9046.26
Silverstone CS380,ATX Mid Tower,Mixed/Other,,,45.0,8,14685.599999999999
Silverstone FARA H1M,MicroATX Mini Tower,Mixed/Other,,Tempered Glass,30.1,2,4227.62
Montech HS01 PRO,ATX Mid Tower,Mixed/Other,,Tempered Glass,55.3,2,6664.200000000001
darkFlash J11,ATX Mid Tower,Mixed/Other,,Tempered Glass,38.7,2,4638.84
Gigabyte AORUS C400,ATX Mid Tower,Mixed/Other,,Tempered Glass,42.8,2,19083.16
be quiet! Shadow Base 800 DX,ATX Mid Tower,Mixed/Other,,Tempered Glass,70.9,2,8578.2
NZXT H710i,ATX Mid Tower,Mixed/Other,,Tempered Glass,58.6,4,11115.7
Lian Li LL01,ATX Mid Tower,Mixed/Other,,Tempered Glass,49.5,2,8989.42
Silverstone ML04 Type-C,HTPC,Mixed/Other,,Mesh,16.0,2,8169.299999999999
Thermaltake Versa H24,ATX Mid Tower,Mixed/Other,,,42.6,3,9338.0
Azza Cube 802 RGB,ATX Mid Tower,Mixed/Other,,Tempered Glass,,1,22039.420000000002
RAIJINTEK Metis Plus,Mini ITX Tower,Mixed/Other,,Acrylic,13.4,2,4344.200000000001
Silverstone DS380B,Mini ITX Tower,Mixed/Other,,,,0,12875.42
Silverstone FARA 512Z,ATX Mid Tower,Mixed/Other,,Tempered Glass,43.3,2,5478.679999999999
Thermaltake Ceres 350 MX,ATX Mid Tower,Mixed/Other,,Tempered Glass,52.5,1,8119.42
Silverstone FARA R1 PRO,ATX Mid Tower,Mixed/Other,,Tempered Glass,36.0,1,5335.42
Geometric Future Model 5 Vent,ATX Mid Tower,Mixed/Other,,Tempered Glass,53.8,2,8694.2
In Win F5,ATX Full Tower,Mixed/Other,,Tempered Glass,65.1,2,8642.0
Thermaltake View 71 TG,ATX Full Tower,Mixed/Other,,Acrylic,,4,11599.42
iBuypower Element 9 PRO,ATX Mid Tower,Mixed/Other,,Tempered Glass,49.2,2,7829.42
Aerocool Prism V1,ATX Mid Tower,Mixed/Other,,Tempered Glass,41.7,2,4365.08
Geometric Future Model 5 Vent,ATX Mid Tower,Mixed/Other,,Tempered Glass,53.8,2,8694.2
In Win ModFree Deluxe,ATX Full Tower,Mixed/Other,,Tempered Glass,84.5,1,15602.0
Apevia Prism Elite,ATX Mid Tower,Mixed/Other,,Tempered Glass,47.9,2,6147.42
Rosewill Helium Flow RGB,ATX Mid Tower,Mixed/Other,,Tempered Glass,50.5,3,5219.42
Cooler Master MasterBox MB400L with ODD,MicroATX Mini Tower,Mixed/Other,,,35.4,2,4121.4800000000005
Cooler Master Elite 302,MicroATX Mini Tower,Mixed/Other,,Tempered Glass,34.1,1,4699.74
Silverstone GD07B,HTPC,Mixed/Other,,,33.4,5,13344.06
Silverstone ALTA G1M,MicroATX Mid Tower,Mixed/Other,,,,4,9925.539999999999
ADATA XPG STARKER AIR,ATX Mid Tower,Mixed/Other,,Tempered Glass,40.0,2,5219.42
Apevia Prism Elite,ATX Mid Tower,Mixed/Other,,Tempered Glass,47.9,2,6147.42
Thermaltake CTE C750 ARGB,ATX Full Tower,Mixed/Other,,Tempered Glass,110.7,7,10728.84
be quiet! Dark Base 701,ATX Mid Tower,Mixed/Other,,Tempered Glass,73.6,2,13914.2
Chieftec BS-10B-300,MicroATX Mini Tower,Mixed/Other,300.0,,14.4,1,9687.16
Apevia Genesis Pro,ATX Mid Tower,Mixed/Other,,Tempered Glass,35.7,3,4638.84
G.Skill Z5i,Mini ITX Tower,Mixed/Other,,Tempered Glass,24.4,1,8119.42
Silverstone Precision PS15 RGB,MicroATX Mid Tower,Mixed/Other,,Tempered Glass,25.7,1,4242.700000000001
Silverstone CS381B,MicroATX Desktop,Mixed/Other,,,,0,26563.420000000002
Thermaltake H570 TG ARGB,ATX Mid Tower,Mixed/Other,,Tempered Glass,48.8,2,7248.84
Thermaltake The Tower 250,Mini ITX Tower,Mixed/Other,,Tempered Glass,42.7,1,7684.42
Cougar Gemini M,MicroATX Mini Tower,Mixed/Other,,Tempered Glass,35.7,2,9246.94
Azza Pyramid Mini 806,Mini ITX Tower,Mixed/Other,,Tempered Glass,,0,19719.420000000002
Aerocool Cronus,ATX Mid Tower,Mixed/Other,,Tempered Glass,54.0,3,6954.78
iBuypower Element 9,ATX Mid Tower,Mixed/Other,,Tempered Glass,49.2,2,6669.42
Silverstone FTZ01,Mini ITX Desktop,Mixed/Other,,,,1,10593.7
HYTE REVOLT 3,Mini ITX Tower,Mixed/Other,700.0,Mesh,18.4,1,14499.42
Silverstone RVZ02B,HTPC,Mixed/Other,,Acrylic,,1,6900.84
BGears b-Voguish RGB,ATX Mid Tower,Mixed/Other,,Tempered Glass,40.8,2,4871.42
Chieftec CN-01B-OP,Mini ITX Desktop,Mixed/Other,,Mesh,13.0,3,5460.700000000001
Cooler Master MasterCase H100,Mini ITX Desktop,Mixed/Other,,,,1,9918.0
Corsair 5000T,ATX Mid Tower,Mixed/Other,,Tempered Glass,74.5,2,14209.42
Thermaltake CTE C700 Air,ATX Mid Tower,Mixed/Other,,Tempered Glass,93.8,7,7828.839999999999
Silverstone SG13,Mini ITX Tower,Mixed/Other,,,11.5,1,4307.66
YEYIAN Mirage X,ATX Full Tower,Mixed/Other,,Tempered Glass,60.4,1,16266.099999999999
Rosewill Helium Flow RGB,ATX Mid Tower,Mixed/Other,,Tempered Glass,50.5,3,5219.42
be quiet! Pure Base 501 DX,ATX Mid Tower,Mixed/Other,,Tempered Glass,48.1,2,8114.200000000001
Streacom DA2,Mini ITX Desktop,Mixed/Other,,,,3,16753.88
Fractal Design Core 1000,MicroATX Mini Tower,Mixed/Other,,,26.1,2,4481.66
Thermaltake Ceres 500,ATX Mid Tower,Mixed/Other,,Tempered Glass,65.3,2,6360.28
Asus A23 PLUS,MicroATX Mid Tower,Mixed/Other,,Tempered Glass,47.4,2,7482.0
NZXT H510i All Might,ATX Mid Tower,Mixed/Other,,Tempered Glass,41.3,2,14499.42
ADATA XPG Battlecruiser,ATX Mid Tower,Mixed/Other,,Tempered Glass,55.2,2,9280.0
Geometric Future Model 6,ATX Mid Tower,Mixed/Other,,Tinted Tempered Glass,43.5,4,5794.200000000001
Thermaltake Divider 300 TG,ATX Mid Tower,Mixed/Other,,Tempered Glass,48.2,2,4638.84
ADATA XPG DEFENDER,ATX Mid Tower,Mixed/Other,,Tempered Glass,47.7,2,6196.72
TRYX LUCA L70,ATX Mid Tower,Mixed/Other,,Tempered Glass,80.9,0,14499.42
MSI MAG PANO 120R PZ,ATX Mid Tower,Mixed/Other,,Tempered Glass,70.2,2,13653.2
Silverstone ALTA G1M,MicroATX Mid Tower,Mixed/Other,,,,4,10655.18
Rosewill Zircon I,ATX Mid Tower,Mixed/Other,,Tempered Glass,43.4,2,11019.42
Antec GX700,ATX Mid Tower,Mixed/Other,,,44.9,5,12089.52
Antec P10 FLUX,ATX Mid Tower,Mixed/Other,,,,3,6205.42
Thermaltake CTE E660 MX,ATX Mid Tower,Mixed/Other,,Tempered Glass,77.4,3,10728.84
BGears ‎b-BlackWidow-RGB,ATX Mid Tower,Black,,Tinted Tempered Glass,41.2,2,4957.26
Chieftec UK-02B-OP,ATX Mid Tower,Mixed/Other,,,29.6,2,8995.22
Thermaltake Ceres 350 MX,ATX Mid Tower,Mixed/Other,,Tempered Glass,52.5,1,8408.84
Apevia Destiny Pro,ATX Mid Tower,Mixed/Other,,Tempered Glass,42.0,2,4755.42
Thermaltake Ceres 350 MX,ATX Mid Tower,Mixed/Other,,Tempered Glass,52.5,1,6959.42
Silverstone PS15,MicroATX Mid Tower,Mixed/Other,,Tempered Glass,25.7,1,4324.4800000000005
Silverstone FARA 511Z,ATX Mid Tower,Mixed/Other,,Tempered Glass,42.9,2,6031.42
Streacom DA2 V2,Mini ITX Desktop,Mixed/Other,,,17.5,0,15079.42
HYTE Y60 Hakos Baelz,ATX Mid Tower,Mixed/Other,,Tempered Glass,60.0,2,16240.0
Geometric Future Model 5 Vent Fanless,ATX Mid Tower,Mixed/Other,,Tempered Glass,53.8,2,6374.200000000001
ADATA XPG DEFENDER,ATX Mid Tower,Mixed/Other,,Tempered Glass,47.7,2,5610.92
Thermaltake Divider 200 TG Air Snow,MicroATX Mini Tower,Mixed/Other,,Tempered Glass,51.6,3,8697.68
Silverstone FARA H1M PRO,MicroATX Mini Tower,Mixed/Other,,Tempered Glass,30.1,2,5334.26
In Win IW-MS04,Mini ITX Desktop,Mixed/Other,,,,4,8633.880000000001
Silverstone PM02-G,ATX Mid Tower,Mixed/Other,,Tempered Glass,49.3,3,9205.18
Thermaltake CTE C700 TG ARGB,ATX Mid Tower,Mixed/Other,,Tempered Glass,93.8,7,6408.42
RAIJINTEK Ponos Ultra MS4,ATX Mid Tower,Mixed/Other,,Tempered Glass,46.3,2,4638.84
Silverstone SUGO 17,MicroATX Desktop,Mixed/Other,,Mesh,26.1,1,12549.460000000001
Thermaltake The Tower 300,MicroATX Mini Tower,Mixed/Other,,Tempered Glass,53.0,3,9279.42
Chieftec BT-02B-U3-250VS (230V),Mini ITX Tower,Mixed/Other,250.0,,9.6,1,9615.24
Silverstone PS15 PRO,MicroATX Mid Tower,Mixed/Other,,Tempered Glass,25.7,1,11164.42
Cougar MX330-F,ATX Mid Tower,Mixed/Other,,Acrylic,39.4,2,5036.72
Asus TUF Gaming GT301,ATX Mid Tower,Mixed/Other,,Tempered Glass,43.9,2,13339.42
SHARKOON Rebel C50 RGB,ATX Mid Tower,Mixed/Other,,Tempered Glass,52.4,3,27918.300000000003
Cougar Duoface RGB,ATX Mid Tower,Mixed/Other,,Tempered Glass,43.6,2,7076.0
Montech SKY ONE LITE,ATX Mid Tower,Mixed/Other,,Tempered Glass,44.8,2,6957.1
be quiet! Pure Base 501 LX,ATX Mid Tower,Mixed/Other,,Tempered Glass,48.1,2,8984.2
SHARKOON VS9 RGB,ATX Mid Tower,Mixed/Other,,Tempered Glass,42.1,2,19882.4
Aerocool Menace Saturn RGB,ATX Mid Tower,Mixed/Other,,Tempered Glass,36.7,2,5110.38
Thermaltake Versa H15,MicroATX Mid Tower,Mixed/Other,,Acrylic,,3,11136.0
RAIJINTEK METIS EVO TGS,Mini ITX Desktop,Mixed/Other,,Tempered Glass,22.3,2,4711.34
RAIJINTEK Ponos Ultra TG4,ATX Mid Tower,Mixed/Other,,Tempered Glass,46.3,2,5161.42
GameMax N80,ATX Mid Tower,Mixed/Other,,Tempered Glass,56.0,1,6785.42
Cooler Master MasterFrame 600,ATX Mid Tower,Mixed/Other,,Tempered Glass,61.2,2,16934.260000000002
Silverstone SETA A2,ATX Mid Tower,Mixed/Other,,Tempered Glass,68.7,11,11483.42
Silverstone Sugo 16,Mini ITX Tower,Mixed/Other,,,13.0,1,5805.799999999999
Geometric Future Model 5 Fanless,ATX Mid Tower,Mixed/Other,,Tempered Glass,51.1,2,6954.200000000001
Thermaltake View 300 MX,ATX Mid Tower,Mixed/Other,,Tempered Glass,58.8,2,13267.5
Silverstone GD10B,HTPC,Mixed/Other,,,27.4,2,9955.7
Cougar DarkBlader X5 RGB,ATX Mid Tower,Mixed/Other,,Tempered Glass,50.0,2,19368.52
Cougar Gemini S,ATX Mid Tower,Mixed/Other,,Tempered Glass,,2,6956.5199999999995
Chieftec BX-10B-M-OP,MicroATX Mid Tower,Mixed/Other,,Mesh,28.8,1,5465.92
Silverstone TJ04B-E,ATX Mid Tower,Mixed/Other,,,51.0,9,13982.06
Thermaltake CTE E550,ATX Mid Tower,Mixed/Other,,Tempered Glass,77.4,3,9857.099999999999
Silverstone KL07B-E,ATX Mid Tower,Mixed/Other,,,52.9,3,8588.640000000001
Silverstone RVZ03W-ARGB,Mini ITX Desktop,Mixed/Other,,,,0,8086.9400000000005
Silverstone FARA 312Z,MicroATX Mini Tower,Mixed/Other,,Tempered Glass,37.2,2,5153.88
Lian Li LANCOOL 205 Mesh,ATX Mid Tower,Mixed/Other,,Tempered Glass,41.3,2,13917.099999999999
GameMax Abyss TR,ATX Mid Tower,Mixed/Other,,Tempered Glass,57.1,3,6553.42
Thermaltake Ceres 350 MX,ATX Mid Tower,Mixed/Other,,Tempered Glass,52.5,1,8119.42
Apevia Destiny Pro,ATX Mid Tower,Mixed/Other,,Tempered Glass,42.0,2,4755.42
In Win F5,ATX Full Tower,Mixed/Other,,Tempered Glass,65.1,2,9802.0
Silverstone SETA H1,ATX Mid Tower,Mixed/Other,,Tempered Glass,55.0,2,11196.32
Azza Hive 450,ATX Mid Tower,Mixed/Other,,Tempered Glass,41.9,2,4638.84
SHARKOON Rebel C50 RGB,ATX Mid Tower,Mixed/Other,,Tempered Glass,52.4,3,27853.920000000002
Thermaltake Ceres 350 MX,ATX Mid Tower,Mixed/Other,,Tempered Glass,52.5,1,8119.42
RAIJINTEK OPHION M EVO TGS,MicroATX Mid Tower,Mixed/Other,,Tempered Glass,,3,4054.2000000000003
Chieftec UE-02B,MicroATX Mini Tower,Mixed/Other,,,12.9,1,6907.799999999999
Thermaltake CTE E600,ATX Mid Tower,Mixed/Other,,Tempered Glass,77.4,2,7539.42
Thermaltake CTE E660 MX,ATX Mid Tower,Mixed/Other,,Tempered Glass,77.4,3,10728.84
Silverstone Lucid LD03,Mini ITX Tower,Mixed/Other,,Tinted Tempered Glass,25.2,1,8688.98
Silverstone FARA R1 PRO,ATX Mid Tower,Mixed/Other,,Tempered Glass,36.0,1,5509.42
Geometric Future Model 5 Fanless,ATX Mid Tower,Mixed/Other,,Tempered Glass,51.1,2,6954.200000000001
Thermaltake H550 TG ARGB,ATX Mid Tower,Mixed/Other,,Tempered Glass,,2,13609.119999999999
Thermaltake Divider 300 TG Air Snow,ATX Mid Tower,Mixed/Other,,Tempered Glass,48.2,2,6959.42
Thermaltake CTE E600,ATX Mid Tower,Mixed/Other,,Tempered Glass,77.4,2,8464.52
Montech SKY ONE LITE,ATX Mid Tower,Mixed/Other,,Tempered Glass,44.8,2,7827.68
Supermicro SuperChassis 721TQ-350B2,Mini ITX Tower,Mixed/Other,350.0,,14.1,0,20992.52
Thermaltake Divider 300 ARGB Triangular,ATX Mid Tower,Mixed/Other,,Tempered Glass,48.2,2,8988.84
Geometric Future Model 2 The ARK,MicroATX Mini Tower,Mixed/Other,,Mesh,40.7,1,9854.2
Thermaltake H700 TG,ATX Mid Tower,Mixed/Other,,Tempered Glass,53.5,2,5508.84
Azza Regis,ATX Mid Tower,Mixed/Other,,Tempered Glass,,1,23199.420000000002
Silverstone Lucid LD03-AF,Mini ITX Tower,Mixed/Other,,Tempered Glass,25.2,1,9135.58
Silverstone SG12B-V2,MicroATX Mini Tower,Mixed/Other,,,,3,10702.74
SHARKOON VS8 RGB,ATX Mid Tower,Mixed/Other,,Tempered Glass,42.1,2,20050.02
Azza Eclipse 440,ATX Mid Tower,Mixed/Other,,Tempered Glass,45.5,2,4638.84
Chieftec CS-12B-300,MicroATX Mini Tower,Mixed/Other,300.0,,12.3,1,8517.880000000001
HYTE REVOLT 3,Mini ITX Tower,Mixed/Other,700.0,Mesh,18.4,1,14499.42
In Win 904,ATX Mid Tower,Mixed/Other,,Tempered Glass,,3,4058.84
Geometric Future Model 5 Vent Fanless,ATX Mid Tower,Mixed/Other,,Tempered Glass,53.8,2,6374.200000000001
Geometric Future Model 5 Fanless,ATX Mid Tower,Mixed/Other,,Tempered Glass,51.1,2,6374.200000000001
Silverstone ALTA F1,ATX Mid Tower,Mixed/Other,,Tempered Glass,56.8,2,17373.9
Azza Chroma 410,ATX Mid Tower,Mixed/Other,,Acrylic,,2,6960.0
Silverstone FTZ01,Mini ITX Desktop,Mixed/Other,,,,1,10555.42
ADATA XPG Battlecruiser II,ATX Mid Tower,Mixed/Other,,Tempered Glass,62.6,5,10439.42
In Win ModFree Base,ATX Full Tower,Mixed/Other,,Tempered Glass,57.2,1,10382.0
GAMDIAS NESO P1,ATX Full Tower,Mixed/Other,,Tempered Glass,75.2,5,8699.42
Azza Octane A,ATX Mid Tower,Mixed/Other,,Tempered Glass,44.8,2,5799.42
Silverstone FTZ01-E,Mini ITX Desktop,Mixed/Other,,,,0,11640.02
RAIJINTEK OPHION M EVO ALS,MicroATX Mid Tower,Mixed/Other,,,,3,4054.2000000000003
Geometric Future Model 2 The ARK,MicroATX Mini Tower,Mixed/Other,,Tempered Glass,40.7,1,5794.200000000001
iStarUSA S-917,Mini ITX Tower,Mixed/Other,,,28.2,0,12293.68
Silverstone FARA R1 PRO,ATX Mid Tower,Mixed/Other,,Tempered Glass,36.0,1,6313.88
Cougar DarkBlader X5,ATX Mid Tower,Mixed/Other,,Tempered Glass,50.0,2,10310.08
Silverstone SETA A1,ATX Mid Tower,Mixed/Other,,Tempered Glass,45.7,2,8379.26
Geometric Future Model 5 Vent,ATX Mid Tower,Mixed/Other,,Tempered Glass,53.8,2,9274.2
Thermaltake View 300 MX Snow TG ARGB,ATX Mid Tower,Mixed/Other,,Tempered Glass,58.8,2,8408.84
Cougar DarkBlader X5,ATX Mid Tower,Mixed/Other,,Tempered Glass,50.0,2,10310.08
Silverstone RV05B,ATX Mid Tower,Mixed/Other,,,63.8,2,6748.299999999999
Antec VSK10,MicroATX Mid Tower,Mixed/Other,,,,2,17154.66
Silverstone SETA A1,ATX Mid Tower,Mixed/Other,,Tempered Glass,45.7,2,8088.68
Thermaltake Divider 500 TG ARGB Air Snow,ATX Mid Tower,Mixed/Other,,Tempered Glass,56.8,2,9279.42
Thermaltake Divider 500 TG ARGB,ATX Mid Tower,Mixed/Other,,Tempered Glass,56.8,2,9568.84
Geometric Future Model 5 Vent Fanless,ATX Mid Tower,Mixed/Other,,Tempered Glass,53.8,2,6374.200000000001
Silverstone ALTA F1,ATX Mid Tower,Mixed/Other,,Tempered Glass,56.8,2,16871.04
Silverstone PM02-G,ATX Mid Tower,Mixed/Other,,Tempered Glass,49.3,3,9071.78
Thermaltake Divider 300 TG Air,ATX Mid Tower,Mixed/Other,,Tempered Glass,48.2,2,7248.84
RAIJINTEK STYX,MicroATX Mini Tower,Mixed/Other,,,,3,5219.42
Asus A23 PLUS,MicroATX Mid Tower,Mixed/Other,,Tempered Glass,47.4,2,7482.0
RAIJINTEK Silenos Pro,ATX Mid Tower,Mixed/Other,,Tempered Glass,39.8,2,12051.24
Silverstone CS383,ATX Full Tower,Mixed/Other,,,77.0,1,22039.420000000002
Aerocool Menace Saturn FRGB,ATX Mid Tower,Mixed/Other,,Tempered Glass,36.7,2,8410.0
In Win EFS712,MicroATX Mini Tower,Mixed/Other,,,25.5,3,6379.42
Geometric Future Model 8,ATX Mid Tower,Mixed/Other,,Tinted Tempered Glass,57.5,3,8809.039999999999
Silverstone SG04B-F,MicroATX Mini Tower,Mixed/Other,,,24.7,2,9019.58
Thermaltake Divider 500 TG ARGB Air,ATX Mid Tower,Mixed/Other,,Tempered Glass,56.8,2,9568.84
Chieftec BT-04B-U3-250VS (230V),Mini ITX Tower,Mixed/Other,250.0,,10.5,1,15196.0
GameMax Vega,ATX Mid Tower,Mixed/Other,,Tempered Glass,53.2,3,5683.42
Silverstone CS01-HS,Mini ITX Tower,Mixed/Other,,,,0,10468.42
In Win EM048,MicroATX Mini Tower,Mixed/Other,,,,1,20371.920000000002
Thermaltake Commander C34 TG Snow ARGB,ATX Mid Tower,Mixed/Other,,Tempered Glass,,3,4347.679999999999
BitFenix Colossus Micro,MicroATX Mid Tower,Mixed/Other,,,30.6,4,13340.0
Thermaltake Divider 550 TG Ultra,ATX Mid Tower,Mixed/Other,,Tempered Glass,56.8,2,11888.84
Thermaltake Divider 500 TG ARGB Snow,ATX Mid Tower,Mixed/Other,,Tempered Glass,56.8,2,10147.68
Silverstone CS01,Mini ITX Tower,Mixed/Other,,,,2,8625.76
Cougar MX660-T RGB,ATX Mid Tower,Mixed/Other,,Tempered Glass,50.0,2,13934.5
