name,core_count,core_clock,boost_clock,microarchitecture,tdp,graphics,brand,socket,performance_score,price
AMD Ryzen 7 9800X3D,8,4.7,5.2,Zen 5,120,Radeon,AMD,AM5,106.0,26187.0
AMD Ryzen 7 7800X3D,8,4.2,5.0,Zen 4,120,Radeon,AMD,AM5,105.0,19722.9
AMD Ryzen 5 7600X,6,4.7,5.3,Zen 4,105,Radeon,AMD,AM5,86.5,9888.42
AMD Ryzen 5 9600X,6,3.9,5.4,Zen 5,65,Radeon,AMD,AM5,87.0,11889.42
AMD Ryzen 7 7700X,8,4.5,5.4,Zen 4,105,Radeon,AMD,AM5,107.0,14092.84
AMD Ryzen 9 9950X3D,16,4.3,5.7,Zen 5,170,Radeon,AMD,AM5,188.5,37699.42
AMD Ryzen 5 5500,6,3.6,4.2,Zen 3,65,,AMD,AM5,81.0,4304.76
AMD Ryzen 7 9700X,8,3.8,5.5,Zen 5,65,Radeon,AMD,AM5,107.5,17741.62
AMD Ryzen 5 5600X,6,3.7,4.6,Zen 3,65,,AMD,AM5,83.0,9221.42
AMD Ryzen 5 5600,6,3.5,4.4,Zen 3,65,,AMD,AM5,82.0,7285.38
AMD Ryzen 7 5800X,8,3.8,4.7,Zen 3,105,,AMD,AM5,103.5,10437.099999999999
Intel Core i7-14700K,20,3.4,5.6,Raptor Lake Refresh,125,Intel UHD Graphics 770,Intel,LGA1700,228.0,17235.86
Intel Core i9-14900K,24,3.2,6.0,Raptor Lake Refresh,125,Intel UHD Graphics 770,Intel,LGA1700,270.0,25462.0
Intel Core i5-12400F,6,2.5,4.4,Alder Lake,65,,Intel,LGA1700,82.0,6321.42
AMD Ryzen 5 3600,6,3.6,4.2,Zen 2,65,,AMD,AM5,81.0,4625.5
AMD Ryzen 5 7600,6,3.8,5.1,Zen 4,65,Radeon,AMD,AM5,85.5,11424.26
AMD Ryzen 7 5700X,8,3.4,4.6,Zen 3,65,,AMD,AM5,103.0,8989.42
AMD Ryzen 9 7900X,12,4.7,5.6,Zen 4,170,Radeon,AMD,AM5,148.0,18218.38
AMD Ryzen 9 9900X,12,4.4,5.6,Zen 5,120,Radeon,AMD,AM5,148.0,20822.0
Intel Core i5-14600K,14,3.5,5.3,Raptor Lake Refresh,125,Intel UHD Graphics 770,Intel,LGA1700,166.5,11019.42
Intel Core Ultra 7 265K,20,3.9,5.5,Arrow Lake,125,Intel Xe,Intel,LGA1700,227.5,15659.42
AMD Ryzen 7 5700X3D,8,3.0,4.1,Zen 3,105,,AMD,AM5,100.5,18171.4
Intel Core i5-14400F,10,2.5,4.7,Raptor Lake Refresh,65,,Intel,LGA1700,123.5,7307.42
AMD Ryzen 9 9950X,16,4.3,5.7,Zen 5,170,Radeon,AMD,AM5,188.5,30962.140000000003
AMD Ryzen 7 5800XT,8,3.8,4.8,Zen 3,105,,AMD,AM5,104.0,8120.0
Intel Core Ultra 9 285K,24,3.7,5.7,Arrow Lake,125,Intel Xe,Intel,LGA1700,268.5,32479.420000000002
Intel Core i7-12700K,12,3.6,5.0,Alder Lake,125,Intel UHD Graphics 770,Intel,LGA1700,145.0,12420.7
AMD Ryzen 5 7600X3D,6,4.1,4.7,Zen 4,65,Radeon,AMD,AM5,83.5,25143.0
AMD Ryzen 5 5600G,6,3.9,4.4,Zen 3,65,Radeon Vega 7,AMD,AM5,82.0,7829.42
AMD Ryzen 7 7700,8,3.6,5.3,Zen 4,65,Radeon,AMD,AM5,106.5,17050.260000000002
Intel Core i5-13400F,10,2.5,4.6,Raptor Lake,65,,Intel,LGA1700,123.0,8785.26
Intel Core i7-12700KF,12,3.6,5.0,Alder Lake,125,,Intel,LGA1700,145.0,10149.42
AMD Ryzen 9 5900X,12,3.7,4.8,Zen 3,105,,AMD,AM5,144.0,14789.42
AMD Ryzen 7 3700X,8,3.6,4.4,Zen 2,65,,AMD,AM5,102.0,8290.52
Intel Core i5-12600KF,10,3.7,4.9,Alder Lake,125,,Intel,LGA1700,124.5,7539.42
AMD Ryzen 5 8400F,6,4.2,4.7,Zen 4,65,,AMD,AM5,83.5,7979.0599999999995
AMD Ryzen 5 8500G,6,4.1,5.0,Zen 4,65,Radeon 740M,AMD,AM5,85.0,8845.0
AMD Threadripper 3990X,64,2.9,4.3,Zen 2,280,,AMD,Unknown,661.5,156599.41999999998
Intel Core i5-12600K,10,3.7,4.9,Alder Lake,125,Intel UHD Graphics 770,Intel,LGA1700,124.5,8595.02
AMD Ryzen 7 5700G,8,3.8,4.6,Zen 3,65,Radeon Vega 8,AMD,AM5,103.0,10148.26
AMD Ryzen 9 5950X,16,3.4,4.9,Zen 3,105,,AMD,AM5,184.5,15949.42
AMD Ryzen 7 5800X3D,8,3.4,4.5,Zen 3,105,,AMD,AM5,102.5,40881.88
Intel Core i3-12100F,4,3.3,4.3,Alder Lake,58,,Intel,LGA1700,61.5,4608.1
AMD Ryzen 9 7950X,16,4.5,5.7,Zen 4,170,Radeon,AMD,AM5,188.5,26097.68
Intel Core i5-14600KF,14,3.5,5.3,Raptor Lake Refresh,125,,Intel,LGA1700,166.5,11482.84
AMD Ryzen 5 4500,6,3.6,4.1,Zen 2,65,,AMD,AM5,80.5,4546.04
AMD Ryzen 5 8600G,6,4.3,5.0,Zen 4,65,Radeon 760M,AMD,AM5,85.0,13040.140000000001
AMD Ryzen 7 5700,8,3.7,4.6,Zen 3,65,,AMD,AM5,103.0,7827.68
Intel Core i7-14700KF,20,3.4,5.6,Raptor Lake Refresh,125,,Intel,LGA1700,228.0,18209.1
Intel Core i9-12900K,16,3.2,5.2,Alder Lake,125,Intel UHD Graphics 770,Intel,LGA1700,186.0,16587.420000000002
Intel Core Ultra 7 265KF,20,3.9,5.5,Arrow Lake,125,,Intel,LGA1700,227.5,16091.52
AMD Ryzen 9 9900X3D,12,4.4,5.5,Zen 5,120,Radeon,AMD,AM5,147.5,31318.84
AMD Ryzen 9 7950X3D,16,4.2,5.7,Zen 4,120,Radeon,AMD,AM5,188.5,44617.659999999996
AMD Ryzen 7 8700G,8,4.2,5.1,Zen 4,65,Radeon 780M,AMD,AM5,105.5,16182.0
Intel Core i9-14900KF,24,3.2,6.0,Raptor Lake Refresh,125,,Intel,LGA1700,270.0,24358.260000000002
Intel Core i7-13700K,16,3.4,5.4,Raptor Lake,125,Intel UHD Graphics 770,Intel,LGA1700,187.0,22639.14
Intel Core i5-10400F,6,2.9,4.3,Comet Lake,65,,Intel,LGA1700,81.5,7971.5199999999995
AMD Ryzen 7 8700F,8,4.1,5.0,Zen 4,65,,AMD,AM5,105.0,13919.42
AMD Ryzen 5 2600,6,3.4,3.9,Zen+,65,,AMD,AM5,79.5,8699.42
Intel Core i9-14900KS,24,3.2,6.2,Raptor Lake Refresh,150,Intel UHD Graphics 770,Intel,LGA1700,271.0,37118.26
AMD Ryzen 5 5600GT,6,3.6,4.6,Zen 3,65,Radeon Vega 7,AMD,AM5,83.0,7830.0
Intel Core i5-13600KF,14,3.5,5.1,Raptor Lake,125,,Intel,LGA1700,165.5,11362.2
AMD Ryzen 9 5900XT,16,3.3,4.8,Zen 3,105,,AMD,AM5,184.0,14499.42
Intel Core i7-14700F,20,2.1,5.4,Raptor Lake Refresh,65,,Intel,LGA1700,227.0,17085.64
AMD Ryzen 9 7900,12,3.7,5.4,Zen 4,65,Radeon,AMD,AM5,147.0,19890.52
Intel Core i7-9700K,8,3.6,4.9,Coffee Lake Refresh,95,Intel UHD Graphics 630,Intel,LGA1700,104.5,13886.94
Intel Core i7-8700K,6,3.7,4.7,Coffee Lake,95,Intel UHD Graphics 630,Intel,LGA1700,83.5,10382.0
AMD Ryzen 3 3200G,4,3.6,4.0,Zen+,65,Radeon Vega 8,AMD,Unknown,60.0,4260.1
AMD Ryzen 5 3400G,4,3.7,4.2,Zen+,65,Radeon Vega 11,AMD,AM5,61.0,4934.64
Intel Core i9-13900K,24,3.0,5.8,Raptor Lake,125,Intel UHD Graphics 770,Intel,LGA1700,269.0,25172.0
Intel Core i5-12400,6,2.5,4.4,Alder Lake,65,Intel UHD Graphics 730,Intel,LGA1700,82.0,8325.900000000001
AMD Ryzen 5 3600X,6,3.8,4.4,Zen 2,95,,AMD,AM5,82.0,9974.26
Intel Core i9-9900K,8,3.6,5.0,Coffee Lake Refresh,95,Intel UHD Graphics 630,Intel,LGA1700,105.0,23142.0
AMD Ryzen 7 2700X,8,3.7,4.3,Zen+,105,,AMD,AM5,101.5,9917.42
Intel Core i3-14100F,4,3.5,4.7,Raptor Lake Refresh,58,,Intel,LGA1700,63.5,5222.9
Intel Core i9-12900KF,16,3.2,5.2,Alder Lake,125,,Intel,LGA1700,186.0,15409.44
AMD Ryzen 5 5600XT,6,3.7,4.7,Zen 3,65,,AMD,AM5,83.5,8409.42
Intel Core i5-13600K,14,3.5,5.1,Raptor Lake,125,Intel UHD Graphics 770,Intel,LGA1700,165.5,17399.420000000002
Intel Core i7-7700K,4,4.2,4.5,Kaby Lake,91,Intel HD Graphics 630,Intel,LGA1700,62.5,8798.02
AMD Ryzen 3 4100,4,3.8,4.0,Zen 2,65,,AMD,Unknown,60.0,4366.820000000001
Intel Core Ultra 5 245K,14,4.2,5.2,Arrow Lake,125,Intel Xe,Intel,LGA1700,166.0,15079.42
AMD Ryzen 3 3100,4,3.6,3.9,Zen 2,65,,AMD,Unknown,59.5,5592.9400000000005
Intel Core i5-9400F,6,2.9,4.1,Coffee Lake Refresh,65,,Intel,LGA1700,80.5,5394.0
Intel Core i7-13700KF,16,3.4,5.4,Raptor Lake,125,,Intel,LGA1700,187.0,17342.0
Intel Core i7-10700K,8,3.8,5.1,Comet Lake,125,Intel UHD Graphics 630,Intel,LGA1700,105.5,20242.0
Intel Core i5-14400,10,2.5,4.7,Raptor Lake Refresh,65,Intel UHD Graphics 730,Intel,LGA1700,123.5,10206.84
AMD Ryzen 7 7700,8,3.6,5.3,Zen 4,65,Radeon,AMD,AM5,106.5,22798.64
Intel Core i7-6700K,4,4.0,4.2,Skylake,91,Intel HD Graphics 530,Intel,LGA1700,61.0,13279.68
AMD Ryzen 7 7800X3D,8,4.2,5.0,Zen 4,120,Radeon,AMD,AM5,105.0,25036.280000000002
Intel Core i5-11400F,6,2.6,4.4,Rocket Lake,65,,Intel,LGA1700,82.0,11136.0
AMD Threadripper 3970X,32,3.7,4.5,Zen 2,280,,AMD,Unknown,342.5,99469.42
AMD Ryzen 7 3800X,8,3.9,4.5,Zen 2,105,,AMD,AM5,102.5,15648.400000000001
AMD Ryzen 5 2600X,6,3.6,4.2,Zen+,95,,AMD,AM5,81.0,6670.0
Intel Core i7-12700F,12,2.1,4.9,Alder Lake,65,,Intel,LGA1700,144.5,14326.0
Intel Core i5-9600K,6,3.7,4.6,Coffee Lake Refresh,95,Intel UHD Graphics 630,Intel,LGA1700,83.0,9628.0
Intel Core Ultra 5 225F,10,3.3,4.9,Arrow Lake,65,,Intel,LGA1700,124.5,11068.140000000001
Intel Core i7-11700K,8,3.6,5.0,Rocket Lake,125,Intel UHD Graphics 750,Intel,LGA1700,105.0,17051.420000000002
Intel Core i3-12100,4,3.3,4.3,Alder Lake,60,Intel UHD Graphics 730,Intel,LGA1700,61.5,6587.64
Intel Core i5-10400,6,2.9,4.3,Comet Lake,65,Intel UHD Graphics 630,Intel,LGA1700,81.5,8119.42
Intel Core i7-8700,6,3.2,4.6,Coffee Lake,65,Intel UHD Graphics 630,Intel,LGA1700,83.0,10931.26
Intel Core i3-14100,4,3.5,4.7,Raptor Lake Refresh,60,Intel UHD Graphics 730,Intel,LGA1700,63.5,6957.1
Intel Core i3-13100F,4,3.4,4.5,Raptor Lake,58,,Intel,LGA1700,62.5,4949.72
Intel Pentium E5700,2,3.0,,Wolfdale,65,,Intel,LGA1700,,869.42
Intel Core i9-10900K,10,3.7,5.3,Comet Lake,125,Intel UHD Graphics 630,Intel,LGA1700,126.5,31841.420000000002
Intel Core i5-13400,10,2.5,4.6,Raptor Lake,65,Intel UHD Graphics 730,Intel,LGA1700,123.0,9514.900000000001
Intel Core i7-7700,4,3.6,4.2,Kaby Lake,65,Intel HD Graphics 630,Intel,LGA1700,61.0,5945.0
Intel Core i7-13700F,16,2.1,5.2,Raptor Lake,65,,Intel,LGA1700,186.0,14790.0
Intel Core i5-6500,4,3.2,3.6,Skylake,65,Intel HD Graphics 530,Intel,LGA1700,58.0,5053.54
AMD Ryzen 5 5500GT,6,3.6,4.4,Zen 3,65,Radeon Vega 7,AMD,AM5,82.0,8231.359999999999
Intel Core i9-13900KF,24,3.0,5.8,Raptor Lake,125,,Intel,LGA1700,269.0,25230.0
AMD Ryzen 5 9600,6,3.8,5.2,Zen 5,65,Radeon,AMD,AM5,86.0,27117.9
Intel Core Ultra 5 235,14,3.4,5.0,Arrow Lake,65,Intel Xe,Intel,LGA1700,165.0,15369.42
Intel Core i5-8400,6,2.8,4.0,Coffee Lake,65,Intel UHD Graphics 630,Intel,LGA1700,80.0,10375.619999999999
Intel Core i7-6700,4,3.4,4.0,Skylake,65,Intel HD Graphics 530,Intel,LGA1700,60.0,7134.0
Intel Core Ultra 5 225,10,3.3,4.9,Arrow Lake,65,Intel Xe,Intel,LGA1700,124.5,12354.58
Intel Core i7-14700,20,2.1,5.4,Raptor Lake Refresh,65,Intel UHD Graphics 770,Intel,LGA1700,227.0,17779.9
AMD Ryzen 5 1600 (14nm),6,3.2,3.6,Zen,65,,AMD,AM5,78.0,6670.0
Intel Core i9-11900K,8,3.5,5.3,Rocket Lake,125,Intel UHD Graphics 750,Intel,LGA1700,106.5,26042.0
Intel Core i7-10700F,8,2.9,4.8,Comet Lake,65,,Intel,LGA1700,104.0,18865.079999999998
Intel Core i3-10100F,4,3.6,4.3,Comet Lake,65,,Intel,LGA1700,61.5,5800.0
Intel Core i7-11700F,8,2.5,4.9,Rocket Lake,65,,Intel,LGA1700,104.5,13339.42
Intel Core i5-13500,14,2.5,4.8,Raptor Lake,65,Intel UHD Graphics 770,Intel,LGA1700,164.0,13629.42
Intel Pentium E2220,2,2.4,,Core,65,,Intel,LGA1700,,753.42
Intel Core i7-12700,12,2.1,4.9,Alder Lake,65,Intel UHD Graphics 770,Intel,LGA1700,144.5,16818.260000000002
Intel Core i5-10600K,6,4.1,4.8,Comet Lake,125,Intel UHD Graphics 630,Intel,LGA1700,84.0,10149.42
Intel Core i5-6600K,4,3.5,3.9,Skylake,91,Intel HD Graphics 530,Intel,LGA1700,59.5,5219.42
Intel Core Ultra 9 285,24,2.5,5.6,Arrow Lake,65,Intel Xe,Intel,LGA1700,268.0,33639.42
Intel Core i7-4770K,4,3.5,3.9,Haswell,84,Intel HD Graphics 4600,Intel,LGA1700,59.5,5742.0
Intel Core i7-3770,4,3.4,,Ivy Bridge,77,Intel HD Graphics 4000,Intel,LGA1700,,5724.0199999999995
Intel Core i7-10700,8,2.9,4.8,Comet Lake,65,Intel UHD Graphics 630,Intel,LGA1700,104.0,23182.02
AMD Ryzen 9 3950X,16,3.5,4.7,Zen 2,105,,AMD,AM5,183.5,26445.1
Intel Core i3-6100,2,3.7,,Skylake,51,Intel HD Graphics 530,Intel,LGA1700,,1739.4199999999998
AMD Threadripper 3960X,24,3.8,4.5,Zen 2,280,,AMD,Unknown,262.5,73486.0
AMD Ryzen 7 2700,8,3.2,4.1,Zen+,65,,AMD,AM5,100.5,9378.02
Intel Core i5-7500,4,3.4,3.8,Kaby Lake,65,Intel HD Graphics 630,Intel,LGA1700,59.0,3654.0
Intel Core i5-14500,14,2.6,5.0,Raptor Lake Refresh,65,Intel UHD Graphics 770,Intel,LGA1700,165.0,13809.22
Intel Core i7-9700,8,3.0,4.7,Coffee Lake Refresh,65,Intel HD Graphics 630,Intel,LGA1700,103.5,17323.44
Intel Core Ultra 7 265,20,2.4,5.3,Arrow Lake,65,Intel Xe,Intel,LGA1700,226.5,21749.420000000002
Intel Core i5-11400,6,2.6,4.4,Rocket Lake,65,Intel UHD Graphics 730,Intel,LGA1700,82.0,9279.42
Intel Core i9-13900KS,24,3.0,6.0,Raptor Lake,150,Intel UHD Graphics 770,Intel,LGA1700,270.0,24882.0
Intel Core Ultra 7 265F,20,2.4,5.3,Arrow Lake,65,,Intel,LGA1700,226.5,15659.42
Intel Core i3-8100,4,3.6,,Coffee Lake,65,Intel UHD Graphics 630,Intel,LGA1700,,3525.2400000000002
Intel Core i7-4790,4,3.6,4.0,Haswell Refresh,84,Intel HD Graphics 4600,Intel,LGA1700,60.0,8696.52
Intel Xeon E5-2699 V4,22,2.2,3.6,Broadwell,145,,Intel,LGA1700,238.0,19297.760000000002
Intel Core i5-4690K,4,3.5,3.9,Haswell Refresh,88,Intel HD Graphics 4600,Intel,LGA1700,59.5,3132.0
Intel Xeon E5-2680 V4,14,2.4,3.3,Broadwell,120,,Intel,LGA1700,156.5,114550.0
Intel Core i9-12900KS,16,3.4,5.5,Alder Lake,150,Intel UHD Graphics 770,Intel,LGA1700,187.5,22039.420000000002
AMD Ryzen 7 1700,8,3.0,3.7,Zen,65,,AMD,AM5,98.5,9570.0
Intel Core i5-8600K,6,3.6,4.3,Coffee Lake,95,Intel UHD Graphics 630,Intel,LGA1700,81.5,18979.34
Intel Core i3-10100,4,3.6,4.3,Comet Lake,65,Intel UHD Graphics 630,Intel,LGA1700,61.5,5799.42
Intel Pentium G640,2,2.8,,Sandy Bridge,65,Intel HD Graphics,Intel,LGA1700,,1102.0
Intel Core i9-9900KF,8,3.6,5.0,Coffee Lake Refresh,95,,Intel,LGA1700,105.0,19082.0
Intel Core i7-9700F,8,3.0,4.7,Coffee Lake Refresh,65,,Intel,LGA1700,103.5,15022.0
AMD EPYC 4564P,16,4.5,5.7,Zen 4,170,Radeon,AMD,Unknown,188.5,40599.42
AMD Ryzen 5 2400G,4,3.6,3.9,Zen,65,Radeon Vega 11,AMD,AM5,59.5,6670.0
Intel Core i5-12500,6,3.0,4.6,Alder Lake,65,Intel UHD Graphics 770,Intel,LGA1700,83.0,10435.359999999999
Intel Core i3-9100F,4,3.6,4.2,Coffee Lake Refresh,65,,Intel,LGA1700,61.0,4350.0
Intel Core i5-8500,6,3.0,4.1,Coffee Lake,65,Intel UHD Graphics 630,Intel,LGA1700,80.5,9860.0
Intel Core i5-7500T,4,2.7,3.3,Kaby Lake,35,Intel HD Graphics 630,Intel,LGA1700,56.5,3190.0
AMD Ryzen 5 1600 (12nm),6,3.2,3.6,Zen+,65,,AMD,AM5,78.0,5742.0
AMD Athlon 3000G (14nm),2,3.5,,Zen,35,Radeon Vega 3,AMD,Unknown,,5729.820000000001
Intel Core i7-10700KF,8,3.8,5.1,Comet Lake,125,,Intel,LGA1700,105.5,14210.0
Intel Core i3-10105F,4,3.7,4.4,Comet Lake,65,,Intel,LGA1700,62.0,8324.74
Intel Core i5-7600,4,3.5,4.1,Kaby Lake,65,Intel HD Graphics 630,Intel,LGA1700,60.5,3236.3999999999996
Intel Core i7-9700KF,8,3.6,4.9,Coffee Lake Refresh,95,,Intel,LGA1700,104.5,22911.16
Intel Core i7-4770,4,3.4,3.9,Haswell,84,Intel HD Graphics 4600,Intel,LGA1700,59.5,10266.0
Intel Core i5-3470,4,3.2,,Ivy Bridge,77,Intel HD Graphics 2500,Intel,LGA1700,,5536.679999999999
AMD Ryzen 5 1600X,6,3.6,4.0,Zen,95,,AMD,AM5,80.0,5742.0
Intel Core i7-11700KF,8,3.6,5.0,Rocket Lake,125,,Intel,LGA1700,105.0,20565.06
Intel Core i3-4150,2,3.5,,Haswell Refresh,54,Intel HD Graphics 4400,Intel,LGA1700,,2030.0
Intel Core i7-11700,8,2.5,4.9,Rocket Lake,65,Intel UHD Graphics 750,Intel,LGA1700,104.5,21923.420000000002
Intel Core Ultra 5 245KF,14,4.2,5.2,Arrow Lake,125,,Intel,LGA1700,166.0,16529.420000000002
Intel Core i5-7600K,4,3.8,4.2,Kaby Lake,91,Intel HD Graphics 630,Intel,LGA1700,61.0,10607.619999999999
Intel Core i3-13100,4,3.4,4.5,Raptor Lake,60,Intel UHD Graphics 730,Intel,LGA1700,62.5,7264.5
Intel Core i9-11900KF,8,3.5,5.3,Rocket Lake,125,,Intel,LGA1700,106.5,23142.0
AMD Ryzen 7 1700X,8,3.4,3.8,Zen,95,,AMD,AM5,99.0,24875.04
Intel Core i7-13700,16,2.1,5.2,Raptor Lake,65,Intel UHD Graphics 770,Intel,LGA1700,186.0,18555.94
AMD Ryzen 3 3300X,4,3.8,4.3,Zen 2,65,,AMD,Unknown,61.5,6437.42
Intel Core i9-14900F,24,2.0,5.8,Raptor Lake Refresh,65,,Intel,LGA1700,269.0,28942.0
AMD Ryzen 7 1800X,8,3.6,4.0,Zen,95,,AMD,AM5,100.0,7830.0
AMD Ryzen 5 3600XT,6,3.8,4.5,Zen 2,95,,AMD,AM5,82.5,35374.2
Intel Core i5-4570,4,3.2,,Haswell,84,Intel HD Graphics 4600,Intel,LGA1700,,5684.0
Intel Core i5-11600KF,6,3.9,4.9,Rocket Lake,125,,Intel,LGA1700,84.5,9853.619999999999
Intel Core i5-2400,4,3.1,,Sandy Bridge,95,Intel HD Graphics 2000,Intel,LGA1700,,2899.42
Intel Core i5-9600KF,6,3.7,4.6,Coffee Lake Refresh,95,,Intel,LGA1700,83.0,9842.02
Intel Core i5-9400,6,2.9,4.1,Coffee Lake Refresh,65,Intel UHD Graphics 630,Intel,LGA1700,80.5,8696.52
Intel Core i3-10105,4,3.7,4.4,Comet Lake,65,Intel UHD Graphics 630,Intel,LGA1700,62.0,5742.0
Intel Core i5-4460,4,3.2,3.4,Haswell Refresh,84,Intel HD Graphics 4600,Intel,LGA1700,57.0,3976.48
AMD Ryzen 3 1200 (14nm),4,3.1,3.4,Zen,65,,AMD,Unknown,57.0,4060.0
Intel Core i5-10600KF,6,4.1,4.8,Comet Lake,125,,Intel,LGA1700,84.0,13741.359999999999
AMD Ryzen 5 1400,4,3.2,3.4,Zen,65,,AMD,AM5,57.0,4638.84
Intel Core i7-6800K,6,3.4,3.6,Broadwell,140,,Intel,LGA1700,78.0,4232.84
Intel Core i5-4570T,2,2.9,,Haswell,35,Intel HD Graphics 4600,Intel,LGA1700,,2842.0
AMD Ryzen 5 5600T,6,3.5,4.5,Zen 3,65,,AMD,AM5,82.5,9291.02
Intel Core i7-8700K,6,3.7,4.7,Coffee Lake,95,Intel UHD Graphics 630,Intel,LGA1700,83.5,14792.32
AMD Threadripper 2920X,12,3.5,4.3,Zen+,180,,AMD,Unknown,141.5,11547.8
Intel Core i3-9100,4,3.6,4.2,Coffee Lake Refresh,65,Intel UHD Graphics 630,Intel,LGA1700,61.0,6315.62
Intel Core i3-7100,2,3.9,,Kaby Lake,51,Intel HD Graphics 630,Intel,LGA1700,,2145.42
Intel Xeon E5-2687W V4,12,3.0,3.5,Broadwell,160,,Intel,LGA1700,137.5,132356.58000000002
Intel Core i9-14900,24,2.0,5.8,Raptor Lake Refresh,65,Intel UHD Graphics 770,Intel,LGA1700,269.0,33167.88
Intel Core i9-9900KS,8,4.0,5.0,Coffee Lake Refresh,127,Intel UHD Graphics 630,Intel,LGA1700,105.0,80562.0
Intel Core i5-9500,6,3.0,4.4,Coffee Lake Refresh,65,Intel UHD Graphics 630,Intel,LGA1700,82.0,11524.02
Intel Core i7-2600,4,3.4,,Sandy Bridge,95,Intel HD Graphics 2000,Intel,LGA1700,,11002.02
AMD Ryzen 5 1500X,4,3.5,3.7,Zen,65,,AMD,AM5,58.5,8699.42
Intel Core i5-10500,6,3.1,4.5,Comet Lake,65,Intel UHD Graphics 630,Intel,LGA1700,82.5,13337.099999999999
Intel Core i9-10980XE,18,3.0,4.8,Cascade Lake,165,,Intel,LGA1700,204.0,58234.32
Intel Core i9-7900X,10,3.3,4.5,Skylake,140,,Intel,LGA1700,122.5,15369.42
Intel Core i5-3570K,4,3.4,,Ivy Bridge,77,Intel HD Graphics 4000,Intel,LGA1700,,7481.42
Intel Core i7-4790K,4,4.0,4.4,Haswell Refresh,88,Intel HD Graphics 4600,Intel,LGA1700,62.0,7569.58
Intel Core i3-4130,2,3.4,,Haswell,54,Intel HD Graphics 4400,Intel,LGA1700,,2378.0
Intel Core i5-4690,4,3.5,3.9,Haswell Refresh,84,Intel HD Graphics 4600,Intel,LGA1700,59.5,3016.0
Intel Core i5-8400,6,2.8,4.0,Coffee Lake,65,Intel UHD Graphics 630,Intel,LGA1700,80.0,11539.099999999999
AMD Threadripper 1950X,16,3.4,4.0,Zen,180,,AMD,Unknown,180.0,49300.0
Intel Celeron G6900,2,3.4,,Alder Lake,46,Intel UHD Graphics 710,Intel,LGA1700,,5435.179999999999
AMD EPYC 4244P,6,3.8,5.1,Zen 4,65,Radeon,AMD,Unknown,85.5,10981.140000000001
Intel Core i9-13900,24,2.0,5.6,Raptor Lake,65,Intel UHD Graphics 770,Intel,LGA1700,268.0,24069.420000000002
Intel Pentium Gold G7400,2,3.7,,Alder Lake,46,Intel UHD Graphics 710,Intel,LGA1700,,5220.0
Intel Core i9-9940X,14,3.3,4.4,Skylake,165,,Intel,LGA1700,162.0,113100.0
AMD Athlon 200GE,2,3.2,,Zen,35,Radeon Vega 3,AMD,Unknown,,4058.84
Intel Core i5-2500K,4,3.3,,Sandy Bridge,95,Intel HD Graphics 3000,Intel,LGA1700,,5800.0
AMD Threadripper 1920X,12,3.5,4.0,Zen,180,,AMD,Unknown,140.0,11310.0
Intel Core i5-8500T,6,2.1,3.5,Coffee Lake,35,Intel UHD Graphics 630,Intel,LGA1700,77.5,7250.0
Intel Core 2 Duo E8400,2,3.0,,Wolfdale,65,,Intel,LGA1700,,1597.9
Intel Xeon E3-1220 V6,4,3.0,3.5,Kaby Lake,72,,Intel,LGA1700,57.5,1450.0
Intel Pentium Gold G5420,2,3.8,,Coffee Lake,54,Intel UHD Graphics 610,Intel,LGA1700,,1682.0
Intel Pentium G4400,2,3.3,,Skylake,54,Intel HD Graphics 510,Intel,LGA1700,,2900.0
Intel Core i5-12600,6,3.3,4.8,Alder Lake,65,Intel UHD Graphics 770,Intel,LGA1700,84.0,14499.42
Intel Celeron 420,1,1.6,,Core,35,,Intel,LGA1700,,4057.1000000000004
Intel Core i9-10900,10,2.8,5.2,Comet Lake,65,Intel UHD Graphics 630,Intel,LGA1700,126.0,22664.66
Intel Celeron G5900,2,3.4,,Comet Lake,58,Intel UHD Graphics 610,Intel,LGA1700,,2621.6000000000004
Intel Core i9-10900X,10,3.7,4.7,Cascade Lake,165,,Intel,LGA1700,123.5,27839.420000000002
Intel Core i5-4670K,4,3.4,,Haswell,84,Intel HD Graphics 4600,Intel,LGA1700,,6139.88
Intel Core i5-6500,4,3.2,3.6,Skylake,65,Intel HD Graphics 530,Intel,LGA1700,58.0,8696.52
Intel Core i9-9900K,8,3.6,5.0,Coffee Lake Refresh,95,Intel UHD Graphics 630,Intel,LGA1700,105.0,55378.979999999996
AMD Threadripper 2970WX,24,3.0,4.2,Zen+,250,,AMD,Unknown,261.0,52135.04
Intel Core i9-13900F,24,2.0,5.6,Raptor Lake,65,,Intel,LGA1700,268.0,29952.94
Intel Xeon E5-1650 V4,6,3.6,4.0,Broadwell,140,,Intel,LGA1700,80.0,6666.5199999999995
Intel Core i5-11600,6,2.8,4.8,Rocket Lake,65,Intel UHD Graphics 750,Intel,LGA1700,84.0,8120.0
Intel Core i7-8086K,6,4.0,5.0,Coffee Lake,95,Intel UHD Graphics 630,Intel,LGA1700,85.0,19900.96
AMD EPYC 4464P,12,3.7,5.4,Zen 4,65,Radeon,AMD,Unknown,147.0,24939.420000000002
Intel Core i7-2600K,4,3.4,,Sandy Bridge,95,Intel HD Graphics 3000,Intel,LGA1700,,14821.900000000001
Intel Core i5-11500,6,2.7,4.6,Rocket Lake,65,Intel UHD Graphics 750,Intel,LGA1700,83.0,9280.0
Intel Core i9-9900,8,3.1,5.0,Coffee Lake Refresh,65,Intel UHD Graphics 630,Intel,LGA1700,105.0,24342.02
Intel Core i9-11900F,8,2.5,5.2,Rocket Lake,65,,Intel,LGA1700,106.0,19082.0
Intel Core i7-6850K,6,3.6,3.8,Broadwell,140,,Intel,LGA1700,79.0,4930.0
AMD FX-9590,8,4.7,5.0,Piledriver,220,,AMD,Unknown,105.0,16969.64
Intel Core i9-12900F,16,2.4,5.1,Alder Lake,65,,Intel,LGA1700,185.5,20873.62
Intel Celeron G5905,2,3.5,,Comet Lake,58,Intel UHD Graphics 610,Intel,LGA1700,,3003.82
Intel Core i9-12900,16,2.4,5.1,Alder Lake,65,Intel UHD Graphics 770,Intel,LGA1700,185.5,22701.199999999997
Intel Core i7-4770S,4,3.1,,Haswell,65,Intel HD Graphics 4600,Intel,LGA1700,,5742.0
Intel Core i7-4930K,6,3.4,3.9,Ivy Bridge,130,,Intel,LGA1700,79.5,5684.0
Intel Core i5-8600,6,3.1,4.3,Coffee Lake,65,Intel UHD Graphics 630,Intel,LGA1700,81.5,10962.0
Intel Core i5-4440,4,3.1,3.3,Haswell,84,Intel HD Graphics 4600,Intel,LGA1700,56.5,5800.0
Intel Celeron G3930,2,2.9,,Kaby Lake,51,Intel HD Graphics 610,Intel,LGA1700,,1653.0
Intel Pentium G4560,2,3.5,,Kaby Lake,54,Intel HD Graphics 610,Intel,LGA1700,,3422.0
Intel Core i3-530,2,2.93,,Westmere,73,Intel HD Graphics,Intel,LGA1700,,2610.0
Intel Core i5-9600,6,3.1,4.6,Coffee Lake Refresh,65,Intel UHD Graphics 630,Intel,LGA1700,83.0,12394.02
Intel Core i7-7700,4,3.6,4.2,Kaby Lake,65,Intel HD Graphics 630,Intel,LGA1700,61.0,8120.0
Intel Core i5-10600,6,3.3,4.8,Comet Lake,65,Intel UHD Graphics 630,Intel,LGA1700,84.0,30737.100000000002
Intel Pentium Gold G6600,2,4.2,,Comet Lake,58,Intel UHD Graphics 630,Intel,LGA1700,,10799.02
AMD Athlon II X2 240,2,2.8,,K10,65,,AMD,Unknown,,1709.84
Intel Core i9-10920X,12,3.5,4.8,Cascade Lake,165,,Intel,LGA1700,144.0,44652.46
Intel Core i7-2700K,4,3.5,,Sandy Bridge,95,Intel HD Graphics 3000,Intel,LGA1700,,11359.880000000001
Intel Core i3-7100T,2,3.4,,Kaby Lake,35,Intel HD Graphics 630,Intel,LGA1700,,1682.0
Intel Core i9-9900K (Standard Folding Box),8,3.6,5.0,Coffee Lake Refresh,95,Intel UHD Graphics 630,Intel,LGA1700,105.0,32770.0
Intel Core i7-7820X,8,3.6,4.5,Skylake,140,,Intel,LGA1700,102.5,71015.78
Intel Xeon E5-2630 V4,10,2.2,3.1,Broadwell,85,,Intel,LGA1700,115.5,14793.48
AMD FX-8300,8,3.3,,Piledriver,95,,AMD,Unknown,,6459.46
AMD A4-6300,2,3.7,3.9,Piledriver,65,Radeon HD 8370D,AMD,Unknown,39.5,2713.82
Intel Core i7-7800X,6,3.5,4.0,Skylake,140,,Intel,LGA1700,80.0,28999.420000000002
Intel Core i9-11900,8,2.5,5.2,Rocket Lake,65,Intel UHD Graphics 750,Intel,LGA1700,106.0,22677.420000000002
Intel Pentium Gold G6400,2,4.0,,Comet Lake,58,Intel UHD Graphics 610,Intel,LGA1700,,3883.1000000000004
Intel Xeon E5-2667 V3,8,3.2,3.6,Haswell,135,,Intel,LGA1700,98.0,17339.1
Intel 300,2,3.9,,Raptor Lake Refresh,46,Intel UHD Graphics 710,Intel,LGA1700,,6110.88
Intel Xeon E5-4620,8,2.2,2.6,Sandy Bridge,95,,Intel,LGA1700,93.0,3408.6600000000003
Intel Core i3-2100,2,3.1,,Sandy Bridge,65,Intel HD Graphics 2000,Intel,LGA1700,,2842.0
Intel Celeron E3400,2,2.6,,Wolfdale,65,,Intel,LGA1700,,1100.84
Intel Core i7-6700,4,3.4,4.0,Skylake,65,Intel HD Graphics 530,Intel,LGA1700,60.0,22912.9
Intel Core i3-2120,2,3.3,,Sandy Bridge,65,Intel HD Graphics 2000,Intel,LGA1700,,9860.0
AMD EPYC 4344P,8,3.8,5.3,Zen 4,65,Radeon,AMD,Unknown,106.5,20067.420000000002
Intel Core i9-7920X,12,2.9,4.4,Skylake,140,,Intel,LGA1700,142.0,9898.28
Intel Xeon E5-2620,6,2.0,,Sandy Bridge,95,,Intel,LGA1700,,2131.5
Intel Core i9-9980XE,18,3.0,4.4,Skylake,165,,Intel,LGA1700,202.0,86939.1
AMD Ryzen 3 1200 (12nm),4,3.1,3.4,Zen+,65,,AMD,Unknown,57.0,4060.0
Intel Core i5-4430,4,3.0,,Haswell,84,Intel HD Graphics 4600,Intel,LGA1700,,4814.0
Intel Core i7-920,4,2.66,,Nehalem,130,,Intel,LGA1700,,4640.0
Intel Core i7-4960X Extreme Edition,6,3.6,4.0,Ivy Bridge,130,,Intel,LGA1700,80.0,44952.32
Intel Core i5-4670,4,3.4,,Haswell,84,Intel HD Graphics 4600,Intel,LGA1700,,6953.04
AMD Threadripper 1900X,8,3.8,4.0,Zen,180,,AMD,Unknown,100.0,13920.0
Intel Xeon E5-2630 V3,8,2.4,3.2,Haswell,85,,Intel,LGA1700,96.0,9857.099999999999
Intel Core i7-6950X,10,3.0,3.5,Broadwell,140,,Intel,LGA1700,117.5,19035.02
AMD FX-6100,6,3.3,,Bulldozer,95,,AMD,Unknown,,4222.4
Intel Core i5-750,4,2.66,,Nehalem,95,,Intel,LGA1700,,4002.0
AMD Athlon II X4 640,4,3.0,,K10,95,,AMD,Unknown,,3074.58
Intel Core i3-8350K,4,4.0,,Coffee Lake,91,Intel UHD Graphics 630,Intel,LGA1700,,7830.0
Intel Core i7-3930K,6,3.2,,Sandy Bridge,130,,Intel,LGA1700,,17340.84
AMD FX-4350,4,4.2,,Piledriver,125,,AMD,Unknown,,4811.679999999999
Intel Core i7-6900K,8,3.2,3.7,Broadwell,140,,Intel,LGA1700,98.5,16182.0
Intel Xeon E5-2683 V4,16,2.1,3.0,Broadwell,120,,Intel,LGA1700,175.0,19137.1
AMD EPYC 4364P,8,4.5,5.4,Zen 4,105,Radeon,AMD,Unknown,107.0,22619.420000000002
Intel Core i9-10940X,14,3.3,4.8,Cascade Lake,165,,Intel,LGA1700,164.0,40599.42
AMD FX-8370,8,4.0,4.3,Piledriver,125,,AMD,Unknown,101.5,14906.58
Intel Core i7-8700T,6,2.4,4.0,Coffee Lake,35,Intel UHD Graphics 630,Intel,LGA1700,80.0,16237.099999999999
AMD A8-7600,4,3.1,3.8,Steamroller,65,Radeon R7 (on-die),AMD,Unknown,59.0,4575.62
Intel Celeron G5925,2,3.6,,Comet Lake,58,Intel UHD Graphics 610,Intel,LGA1700,,3479.42
Intel Core i7-860,4,2.8,,Nehalem,95,,Intel,LGA1700,,2900.0
Intel Core i7-9700,8,3.0,4.7,Coffee Lake Refresh,65,Intel HD Graphics 630,Intel,LGA1700,103.5,19430.579999999998
Intel Pentium Gold G5400,2,3.7,,Coffee Lake,58,Intel UHD Graphics 610,Intel,LGA1700,,6710.0199999999995
Intel Core i9-9980XE,18,3.0,4.4,Skylake,165,,Intel,LGA1700,202.0,105268.84
Intel Core i5-7400T,4,2.4,3.0,Kaby Lake,35,Intel HD Graphics 630,Intel,LGA1700,55.0,3744.48
Intel Core i7-7740X,4,4.3,4.5,Kaby Lake,112,,Intel,LGA1700,62.5,21975.04
Intel Core i7-9700F,8,3.0,4.7,Coffee Lake Refresh,65,,Intel,LGA1700,103.5,16182.0
Intel Core i9-7980XE,18,2.6,4.4,Skylake,165,,Intel,LGA1700,202.0,72497.1
Intel Core i5-3450,4,3.1,,Ivy Bridge,77,Intel HD Graphics 2500,Intel,LGA1700,,5510.0
Intel Xeon E5-2650,8,2.0,2.8,Sandy Bridge,95,,Intel,LGA1700,94.0,4056.52
AMD FX-4350,4,4.2,,Piledriver,125,,AMD,Unknown,,3192.8999999999996
Intel Xeon E5-1630 V4,4,3.7,4.0,Broadwell,140,,Intel,LGA1700,60.0,17339.1
Intel Core 2 Quad Q9300,4,2.5,,Yorkfield,95,,Intel,LGA1700,,2470.8
Intel Xeon E5-2683 V4,16,2.1,3.0,Broadwell,120,,Intel,LGA1700,175.0,115939.1
Intel Core i3-3240,2,3.4,,Ivy Bridge,55,Intel HD Graphics 2500,Intel,LGA1700,,11542.0
AMD A10-7700K,4,3.4,3.8,Steamroller,95,Radeon R7 (on-die),AMD,Unknown,59.0,7425.160000000001
Intel Core i5-9600KF,6,3.7,4.6,Coffee Lake Refresh,95,,Intel,LGA1700,83.0,15949.42
AMD Phenom II X6 1090T Black,6,3.2,,K10,125,,AMD,Unknown,,16934.84
Intel Xeon E5-1620 V3,4,3.5,3.6,Haswell,140,,Intel,LGA1700,58.0,6438.0
Intel Core i7-4820K,4,3.7,3.9,Ivy Bridge,130,,Intel,LGA1700,59.5,11484.0
Intel Xeon E5-2660 V3,10,2.6,3.3,Haswell,105,,Intel,LGA1700,116.5,8696.52
Intel Core i9-7960X,16,2.8,4.4,Skylake,165,,Intel,LGA1700,182.0,26805.280000000002
AMD FX-6120,6,3.5,4.1,Bulldozer,95,,AMD,Unknown,80.5,3394.7400000000002
Intel Xeon E3-1230 V2,4,3.3,,Ivy Bridge,69,,Intel,LGA1700,,15892.0
Intel Core i5-9500F,6,3.0,4.4,Coffee Lake Refresh,65,,Intel,LGA1700,82.0,9396.0
Intel Core i5-8400T,6,1.7,3.3,Coffee Lake,35,Intel UHD Graphics 630,Intel,LGA1700,76.5,6575.46
Intel Xeon E5-2680,8,2.7,3.5,Sandy Bridge,130,,Intel,LGA1700,97.5,6380.0
Intel Core i7-7700T,4,2.9,3.8,Kaby Lake,35,Intel HD Graphics 630,Intel,LGA1700,59.0,28939.1
AMD FX-8350,8,4.0,,Piledriver,125,,AMD,Unknown,,11164.42
AMD A8-6600K,4,3.9,,Piledriver,100,Radeon HD 8570D,AMD,Unknown,,5385.88
Intel Pentium G3258,2,3.2,,Haswell Refresh,53,Intel HD Graphics,Intel,LGA1700,,7249.42
AMD A10-7850K,4,3.7,4.0,Steamroller,95,Radeon R7 (on-die),AMD,Unknown,60.0,8110.72
Intel Celeron G3900,2,2.8,,Skylake,51,Intel HD Graphics 510,Intel,LGA1700,,2816.48
AMD FX-8320,8,3.5,,Piledriver,125,,AMD,Unknown,,6179.9
Intel Core i7-4770K,4,3.5,3.9,Haswell,84,Intel HD Graphics 4600,Intel,LGA1700,59.5,17400.0
Intel Xeon E3-1270 V3,4,3.5,3.9,Haswell,80,,Intel,LGA1700,59.5,23780.0
Intel Core i5-6402P,4,2.8,3.4,Skylake,65,Intel HD Graphics 510,Intel,LGA1700,57.0,6882.28
Intel Core 2 Quad Q9550,4,2.83,,Yorkfield,95,,Intel,LGA1700,,3047.8999999999996
Intel Core 2 Duo E7500,2,2.93,,Wolfdale,65,,Intel,LGA1700,,8642.0
AMD FX-6300,6,3.5,,Piledriver,95,,AMD,Unknown,,3625.58
Intel Core i7-950,4,3.06,,Nehalem,130,,Intel,LGA1700,,4880.700000000001
Intel Core i7-3970X Extreme Edition,6,3.5,,Sandy Bridge,150,,Intel,LGA1700,,10150.0
Intel Core i3-8100,4,3.6,,Coffee Lake,65,Intel UHD Graphics 630,Intel,LGA1700,,6978.5599999999995
AMD A10-9700,4,3.5,3.8,Excavator,65,Radeon R7 (on-die),AMD,Unknown,59.0,7407.179999999999
Intel Core i9-9900X,10,3.5,4.4,Skylake,165,,Intel,LGA1700,122.0,33639.42
AMD Phenom II X4 820,4,2.8,,K10,95,,AMD,Unknown,,3053.12
Intel Core i7-5820K,6,3.3,3.6,Haswell,140,,Intel,LGA1700,78.0,24937.1
Intel Core i5-7400,4,3.0,3.5,Kaby Lake,65,Intel HD Graphics 630,Intel,LGA1700,57.5,10706.8
Intel Core i5-6500T,4,2.5,3.1,Skylake,35,Intel HD Graphics 530,Intel,LGA1700,55.5,13337.099999999999
Intel Core i3-6300,2,3.8,,Skylake,51,Intel HD Graphics 530,Intel,LGA1700,,5799.42
Intel Core i7-3960X Extreme Edition,6,3.3,,Sandy Bridge,130,,Intel,LGA1700,,18560.0
Intel Core i7-10700K Avengers Collector's Edition,8,3.8,5.1,Comet Lake,125,Intel UHD Graphics 630,Intel,LGA1700,105.5,42978.0
Intel Core i5-3550,4,3.3,,Ivy Bridge,77,Intel HD Graphics 2500,Intel,LGA1700,,17342.0
Intel Core i3-7350K,2,4.2,,Kaby Lake,60,Intel HD Graphics 630,Intel,LGA1700,,6670.0
Intel Xeon E5-2630,6,2.3,,Sandy Bridge,95,,Intel,LGA1700,,2764.2799999999997
Intel Core i7-7740X,4,4.3,4.5,Kaby Lake,112,,Intel,LGA1700,62.5,12177.099999999999
Intel Pentium Gold G6405,2,4.1,,Comet Lake,58,Intel UHD Graphics 610,Intel,LGA1700,,5509.42
Intel Core i3-7100,2,3.9,,Kaby Lake,51,Intel HD Graphics 630,Intel,LGA1700,,4452.66
Intel Pentium G645,2,2.9,,Sandy Bridge,65,Intel HD Graphics 2500,Intel,LGA1700,,2377.42
Intel Xeon E3-1240 V2,4,3.4,,Ivy Bridge,69,,Intel,LGA1700,,23200.0
Intel Core i3-7320,2,4.1,,Kaby Lake,51,Intel HD Graphics 630,Intel,LGA1700,,3422.0
Intel Xeon E5-1620 V4,4,3.5,3.8,Broadwell,140,,Intel,LGA1700,59.0,13462.960000000001
Intel Core i3-10320,4,3.8,4.6,Comet Lake,65,Intel UHD Graphics 630,Intel,LGA1700,63.0,6960.0
Intel Xeon E3-1245 V6,4,3.7,4.1,Kaby Lake,73,Intel HD Graphics P630,Intel,LGA1700,60.5,6960.0
Intel Xeon E5-1660 V3,8,3.0,3.5,Haswell,140,,Intel,LGA1700,97.5,11857.52
Intel Celeron G3930,2,2.9,,Kaby Lake,51,Intel HD Graphics 610,Intel,LGA1700,,1682.0
Intel Core i3-2120T,2,2.6,,Sandy Bridge,35,Intel HD Graphics 2000,Intel,LGA1700,,2320.0
Intel Celeron G4900,2,3.1,,Coffee Lake,65,Intel UHD Graphics 610,Intel,LGA1700,,2818.2200000000003
Intel Xeon E-2286G,6,4.0,4.9,Coffee Lake Refresh,95,Intel HD Graphics P630,Intel,LGA1700,84.5,36401.38
Intel Core i7-960,4,3.2,,Nehalem,130,,Intel,LGA1700,,8700.0
Intel Xeon E3-1230 V3,4,3.3,3.7,Haswell,80,,Intel,LGA1700,58.5,17922.0
Intel Xeon E3-1241 V3,4,3.5,3.9,Haswell Refresh,80,,Intel,LGA1700,59.5,17284.0
Intel Core i9-9960X,16,3.1,4.4,Skylake,165,,Intel,LGA1700,182.0,57999.42
AMD Phenom II X6 1055T,6,2.8,,K10,125,,AMD,Unknown,,11599.42
AMD A6-7400K,2,3.5,3.9,Steamroller,65,Radeon R5 (on die),AMD,Unknown,39.5,5218.84
Intel Core i7-2600S,4,2.8,,Sandy Bridge,65,Intel HD Graphics 2000,Intel,LGA1700,,5799.42
Intel Celeron 440,1,2.0,,Core,35,,Intel,LGA1700,,2899.42
Intel Core i3-3250,2,3.5,,Ivy Bridge,55,Intel HD Graphics 2500,Intel,LGA1700,,5220.0
Intel Xeon E5-2620 V3,6,2.4,3.2,Haswell,85,,Intel,LGA1700,76.0,7422.84
Intel Xeon E5-2630 V2,6,2.6,3.1,Ivy Bridge,80,,Intel,LGA1700,75.5,28355.04
Intel Xeon E5-2660 V4,14,2.0,3.2,Broadwell,105,,Intel,LGA1700,156.0,23142.0
Intel Pentium G2020,2,2.9,,Ivy Bridge,55,Intel HD Graphics,Intel,LGA1700,,2029.42
Intel Core 2 Extreme QX9775,4,3.2,,Yorkfield,150,,Intel,LGA1700,,75284.0
AMD A10-6700,4,3.7,,Piledriver,65,Radeon HD 8670D,AMD,Unknown,,5960.08
Intel Core i3-9350KF,4,4.0,4.6,Coffee Lake Refresh,91,,Intel,LGA1700,63.0,7891.4800000000005
Intel Core i7-7800X,6,3.5,4.0,Skylake,140,,Intel,LGA1700,80.0,22617.1
Intel Core i9-7900X,10,3.3,4.5,Skylake,140,,Intel,LGA1700,122.5,26097.1
Intel Core i5-2400S,4,2.5,,Sandy Bridge,65,Intel HD Graphics 2000,Intel,LGA1700,,12456.08
Intel Core i5-7640X,4,4.0,4.2,Kaby Lake,112,,Intel,LGA1700,61.0,10955.039999999999
Intel Core 2 Quad Q9550,4,2.83,,Yorkfield,95,,Intel,LGA1700,,9599.58
Intel Xeon E5-1680 V3,8,3.2,3.8,Haswell,140,,Intel,LGA1700,99.0,23437.219999999998
AMD A12-9800E,4,3.1,3.8,Excavator,35,Radeon R7 (on-die),AMD,Unknown,59.0,8283.56
Intel Core i3-9300,4,3.7,4.3,Coffee Lake Refresh,62,Intel UHD Graphics 630,Intel,LGA1700,61.5,13927.539999999999
Intel Core i3-540,2,3.06,,Westmere,73,Intel HD Graphics,Intel,LGA1700,,5739.1
Intel Pentium G630,2,2.7,,Sandy Bridge,65,Intel HD Graphics,Intel,LGA1700,,1782.9199999999998
Intel Xeon E5-2650L,8,1.8,2.3,Sandy Bridge,70,,Intel,LGA1700,91.5,7536.5199999999995
Intel Core i7-5930K,6,3.5,3.7,Haswell,140,,Intel,LGA1700,78.5,30737.100000000002
AMD Athlon II X4 640,4,3.0,,K10,95,,AMD,Unknown,,4337.820000000001
AMD FX-9370,8,4.4,4.7,Piledriver,220,,AMD,Unknown,103.5,12562.22
Intel Xeon E-2236,6,3.4,4.8,Coffee Lake Refresh,80,,Intel,LGA1700,84.0,26217.16
Intel Core i7-4790T,4,2.7,3.9,Haswell Refresh,45,,Intel,LGA1700,59.5,8693.039999999999
Intel Core 2 Quad Q8400,4,2.66,,Yorkfield,95,,Intel,LGA1700,,4927.1
Intel Celeron G3900,2,2.8,,Skylake,51,Intel HD Graphics 510,Intel,LGA1700,,2262.0
Intel Celeron 430,1,1.8,,Core,35,,Intel,LGA1700,,3477.1000000000004
Intel Xeon E5-1650 V2,6,3.5,3.9,Ivy Bridge,130,,Intel,LGA1700,79.5,13631.74
Intel Core i5-3340,4,3.1,3.3,Ivy Bridge,77,Intel HD Graphics 2500,Intel,LGA1700,56.5,16125.16
Intel Pentium Gold G5400T,2,3.1,,Coffee Lake,35,Intel UHD Graphics 610,Intel,LGA1700,,5220.0
Intel Core 2 Duo E4300,2,1.8,,Core,65,,Intel,LGA1700,,4350.0
Intel Core i3-6100T,2,3.2,,Skylake,35,Intel HD Graphics 530,Intel,LGA1700,,8696.52
Intel Xeon E3-1220 V3,4,3.1,3.5,Haswell,80,,Intel,LGA1700,57.5,8696.52
AMD Athlon II X4 635,4,2.9,,K10,95,,AMD,Unknown,,3365.1600000000003
Intel Core i7-980,6,3.333,,Westmere,130,,Intel,LGA1700,,20649.16
AMD FX-8370,8,4.0,4.3,Piledriver,125,,AMD,Unknown,101.5,18405.14
Intel Core i7-6800K,6,3.4,3.6,Broadwell,140,,Intel,LGA1700,78.0,11017.099999999999
Intel Pentium E2160,2,1.8,,Core,65,,Intel,LGA1700,,2842.0
Intel Core i5-3450S,4,2.8,,Ivy Bridge,65,Intel HD Graphics 2500,Intel,LGA1700,,4930.0
Intel Xeon E3-1245 V6,4,3.7,4.1,Kaby Lake,73,Intel HD Graphics P630,Intel,LGA1700,60.5,25239.280000000002
Intel Pentium E5300,2,2.6,,Wolfdale,65,,Intel,LGA1700,,5001.92
Intel Core i7-930,4,2.8,,Nehalem,130,,Intel,LGA1700,,8625.76
Intel Core 2 Quad Q9300,4,2.5,,Yorkfield,95,,Intel,LGA1700,,12702.0
Intel Core i7-875K,4,2.93,,Nehalem,95,,Intel,LGA1700,,10440.0
Intel Core i3-3210,2,3.2,,Ivy Bridge,55,Intel HD Graphics 2500,Intel,LGA1700,,9222.0
Intel Core i5-7400T,4,2.4,3.0,Kaby Lake,35,Intel HD Graphics 630,Intel,LGA1700,55.0,4525.16
AMD A10-5800K,4,3.8,,Piledriver,100,Radeon HD 7660D,AMD,Unknown,,4525.16
Intel Core i7-870,4,2.93,,Nehalem,95,,Intel,LGA1700,,11311.16
Intel Core 2 Quad Q9550S,4,2.83,,Yorkfield,65,,Intel,LGA1700,,15059.119999999999
Intel Core i3-2100T,2,2.5,,Sandy Bridge,35,Intel HD Graphics 2000,Intel,LGA1700,,3748.54
Intel Xeon E5-2603 V3,6,1.6,,Haswell,85,,Intel,LGA1700,,7830.0
Intel Core 2 Quad Q6600,4,2.4,,Core,100,,Intel,LGA1700,,5508.26
Intel Core i3-550,2,3.2,,Westmere,73,Intel HD Graphics,Intel,LGA1700,,7536.5199999999995
Intel Core i3-2130,2,3.4,,Sandy Bridge,65,Intel HD Graphics 2000,Intel,LGA1700,,5336.0
Intel Core i3-6098P,2,3.6,,Skylake,54,Intel HD Graphics 510,Intel,LGA1700,,3422.0
Intel Xeon E3-1285 V6,4,4.1,4.5,Kaby Lake,79,Intel HD Graphics 630,Intel,LGA1700,62.5,57417.100000000006
Intel Core i9-9940X,14,3.3,4.4,Skylake,165,,Intel,LGA1700,162.0,57939.100000000006
Intel Celeron G4900,2,3.1,,Coffee Lake,65,Intel UHD Graphics 610,Intel,LGA1700,,4234.0
AMD Athlon II X4 620,4,2.6,,K10,95,,AMD,Unknown,,3105.8999999999996
Intel Xeon E3-1245 V2,4,3.4,,Ivy Bridge,77,Intel HD Graphics P4000,Intel,LGA1700,,18270.0
Intel Pentium E2140,2,1.6,,Core,65,,Intel,LGA1700,,5742.0
Intel Core 2 Duo E8400,2,3.0,,Wolfdale,65,,Intel,LGA1700,,5739.1
Intel Core i5-6600T,4,2.7,3.5,Skylake,35,Intel HD Graphics 530,Intel,LGA1700,57.5,10437.099999999999
Intel Xeon E-2176G,6,3.7,4.7,Coffee Lake,80,Intel HD Graphics P630,Intel,LGA1700,83.5,33830.82
Intel Core 2 Duo E6400,2,2.13,,Core,65,,Intel,LGA1700,,4344.200000000001
Intel Core i7-940,4,2.93,,Nehalem,130,,Intel,LGA1700,,8696.52
AMD Athlon II X4 630,4,2.8,,K10,95,,AMD,Unknown,,3050.8
Intel Celeron G530,2,2.4,,Sandy Bridge,65,Intel HD Graphics,Intel,LGA1700,,2081.04
Intel Celeron G1610,2,2.6,,Ivy Bridge,55,Intel HD Graphics,Intel,LGA1700,,2842.0
Intel Celeron G4930,2,3.2,,Coffee Lake,54,Intel UHD Graphics 610,Intel,LGA1700,,7522.0199999999995
Intel Pentium G640T,2,2.4,,Sandy Bridge,35,Intel HD Graphics,Intel,LGA1700,,5162.0
AMD A10-6700,4,3.7,,Piledriver,65,Radeon HD 8670D,AMD,Unknown,,4826.76
AMD A10-5700,4,3.4,,Piledriver,65,Radeon HD 7660D,AMD,Unknown,,4205.58
Intel Core i3-6100,2,3.7,,Skylake,51,Intel HD Graphics 530,Intel,LGA1700,,5739.1
Intel Celeron G4920,2,3.2,,Coffee Lake,65,Intel UHD Graphics 610,Intel,LGA1700,,4234.0
Intel Pentium G3420,2,3.2,,Haswell,54,Intel HD Graphics,Intel,LGA1700,,4160.34
Intel Core i7-7820X,8,3.6,4.5,Skylake,140,,Intel,LGA1700,102.5,28711.739999999998
Intel Xeon E-2136,6,3.3,4.5,Coffee Lake,80,,Intel,LGA1700,82.5,42456.0
Intel Celeron G3920,2,2.6,,Skylake,35,Intel HD Graphics 510,Intel,LGA1700,,28417.1
Intel Core i5-8600,6,3.1,4.3,Coffee Lake,65,Intel UHD Graphics 630,Intel,LGA1700,81.5,15657.099999999999
Intel Core i3-3245,2,3.4,,Ivy Bridge,55,Intel HD Graphics 4000,Intel,LGA1700,,6322.0
Intel Xeon E5-2630L V3,8,1.8,2.9,Haswell,55,,Intel,LGA1700,94.5,22732.52
Intel Xeon E3-1230 V6,4,3.5,3.9,Kaby Lake,72,,Intel,LGA1700,59.5,26418.420000000002
AMD A10-9700E,4,3.0,3.5,Excavator,35,Radeon R7 (on-die),AMD,Unknown,57.5,7697.18
Intel Xeon E-2274G,4,4.0,4.9,Coffee Lake Refresh,83,Intel HD Graphics P630,Intel,LGA1700,64.5,63739.100000000006
Intel Core 2 Duo E8400,2,3.0,,Wolfdale,65,,Intel,LGA1700,,5766.9400000000005
Intel Pentium G2120,2,3.1,,Ivy Bridge,55,Intel HD Graphics,Intel,LGA1700,,2030.0
Intel Xeon E3-1265L V3,4,2.5,3.7,Haswell,45,Intel HD Graphics,Intel,LGA1700,58.5,23139.1
Intel Xeon E3-1280 V6,4,3.9,4.2,Kaby Lake,72,,Intel,LGA1700,61.0,32596.0
Intel Core i5-3330S,4,2.7,3.2,Ivy Bridge,65,Intel HD Graphics 2500,Intel,LGA1700,56.0,8696.52
Intel Core i3-4340,2,3.6,,Haswell,54,Intel HD Graphics 4600,Intel,LGA1700,,5356.299999999999
Intel Celeron G3930T,2,2.7,,Kaby Lake,35,Intel HD Graphics 610,Intel,LGA1700,,2672.06
Intel Core 2 Duo E6700,2,2.66,,Core,65,,Intel,LGA1700,,6029.1
Intel Core 2 Duo E7200,2,2.53,,Wolfdale,65,,Intel,LGA1700,,9857.099999999999
Intel Xeon E5-2643 V3,6,3.4,3.7,Haswell,135,,Intel,LGA1700,78.5,13337.099999999999
AMD Opteron 6320,8,2.8,3.3,Piledriver,115,,AMD,Unknown,96.5,15602.0
Intel Xeon E5-2603 V4,6,1.7,,Broadwell,85,,Intel,LGA1700,,26097.1
Intel Xeon E5-2643 V4,6,3.4,3.7,Broadwell,135,,Intel,LGA1700,78.5,53937.100000000006
Intel Pentium Gold G5600,2,3.9,,Coffee Lake,54,Intel UHD Graphics 630,Intel,LGA1700,,13322.02
Intel Core i7-6900K,8,3.2,3.7,Broadwell,140,,Intel,LGA1700,98.5,16766.64
Intel Core i5-7500T,4,2.7,3.3,Kaby Lake,35,Intel HD Graphics 630,Intel,LGA1700,56.5,11597.099999999999
Intel Pentium G6950,2,2.8,,Westmere,73,Intel HD Graphics,Intel,LGA1700,,2199.94
AMD A4-3300,2,2.5,,Lynx,65,Radeon HD 6410D,AMD,Unknown,,5217.1
Intel Xeon E5-2695 V3,14,2.3,3.3,Haswell,120,,Intel,LGA1700,156.5,28939.1
Intel Pentium G3470,2,3.6,,Haswell Refresh,53,Intel HD Graphics,Intel,LGA1700,,8879.8
Intel Xeon E3-1220 V5,4,3.0,3.5,Skylake,80,,Intel,LGA1700,57.5,20297.1
Intel Xeon E3-1270 V6,4,3.8,4.2,Kaby Lake,72,,Intel,LGA1700,61.0,41757.100000000006
Intel Xeon E-2174G,4,3.8,4.7,Coffee Lake,71,Intel HD Graphics P630,Intel,LGA1700,63.5,37697.100000000006
AMD Phenom II X4 830,4,2.8,,K10,95,,AMD,Unknown,,3192.8999999999996
AMD Phenom II X4 975,4,3.6,,K10,125,,AMD,Unknown,,9745.16
Intel Pentium G870,2,3.1,,Sandy Bridge,65,Intel HD Graphics,Intel,LGA1700,,3923.12
AMD A4-6300B,2,3.7,3.9,Piledriver,65,Radeon HD 8370D,AMD,Unknown,39.5,2897.1000000000004
Intel Core i3-6300T,2,3.3,,Skylake,35,Intel HD Graphics 530,Intel,LGA1700,,6959.42
Intel Core 2 Duo E6320,2,1.86,,Core,65,,Intel,LGA1700,,5217.1
Intel Core 2 Duo E6550,2,2.33,,Core,65,,Intel,LGA1700,,5562.78
Intel Xeon E3-1275,4,3.4,,Sandy Bridge,95,Intel HD Graphics,Intel,LGA1700,,21865.420000000002
Intel Xeon E3-1225 V2,4,3.2,,Ivy Bridge,77,Intel HD Graphics P4000,Intel,LGA1700,,12441.0
AMD Opteron 6320,8,2.8,3.3,Piledriver,115,,AMD,Unknown,96.5,14058.619999999999
Intel Xeon E-2124G,4,3.4,4.5,Coffee Lake,71,Intel HD Graphics P630,Intel,LGA1700,62.5,15717.42
Intel Xeon E5-2623 V3,4,3.0,3.5,Haswell,105,,Intel,LGA1700,57.5,13626.52
Intel Core i3-560,2,3.333,,Westmere,73,Intel HD Graphics,Intel,LGA1700,,5217.1
Intel Xeon E5-2640 V3,8,2.6,3.4,Haswell,90,,Intel,LGA1700,97.0,11017.099999999999
Intel Pentium E6500,2,2.93,,Wolfdale,65,,Intel,LGA1700,,5219.42
Intel Core 2 Duo E6750,2,2.66,,Core,65,,Intel,LGA1700,,5217.1
Intel Core 2 Duo E7600,2,3.06,,Wolfdale,65,,Intel,LGA1700,,5739.1
Intel Celeron G540,2,2.5,,Sandy Bridge,65,Intel HD Graphics,Intel,LGA1700,,4058.84
Intel Core i3-2125,2,3.3,,Sandy Bridge,65,Intel HD Graphics 3000,Intel,LGA1700,,8816.0
Intel Xeon E5-2643 V2,6,3.5,3.8,Ivy Bridge,130,,Intel,LGA1700,79.0,23139.1
Intel Core i5-7600T,4,2.8,3.7,Kaby Lake,35,Intel HD Graphics 630,Intel,LGA1700,58.5,13337.099999999999
Intel Core i5-7640X,4,4.0,4.2,Kaby Lake,112,,Intel,LGA1700,61.0,12609.2
Intel Xeon E3-1275 V6,4,3.8,4.2,Kaby Lake,73,Intel HD Graphics P630,Intel,LGA1700,61.0,29257.52
Intel Xeon E5-2620,6,2.0,,Sandy Bridge,95,,Intel,LGA1700,,4466.0
Intel Celeron E3300,2,2.5,,Wolfdale,65,,Intel,LGA1700,,3583.82
Intel Core 2 Duo E6400,2,2.13,,Core,65,,Intel,LGA1700,,5217.1
Intel Core 2 Duo E6420,2,2.13,,Core,65,,Intel,LGA1700,,4057.1000000000004
Intel Core i5-660,2,3.33,,Westmere,73,Intel HD Graphics,Intel,LGA1700,,8696.52
Intel Core i5-670,2,3.46,,Westmere,73,Intel HD Graphics,Intel,LGA1700,,6326.64
Intel Xeon E5-2665,8,2.4,3.1,Sandy Bridge,115,,Intel,LGA1700,95.5,8696.52
AMD Pro A10-7850B,4,3.7,4.0,Steamroller,95,Radeon R7 (on-die),AMD,Unknown,60.0,8585.16
Intel Xeon E5-2620 V3,6,2.4,3.2,Haswell,85,,Intel,LGA1700,76.0,8696.52
Intel Pentium G4620,2,3.7,,Kaby Lake,51,Intel HD Graphics 630,Intel,LGA1700,,12998.960000000001
Intel Xeon E3-1240 V6,4,3.7,4.1,Kaby Lake,72,,Intel,LGA1700,60.5,24937.1
Intel Xeon E3-1220 V6,4,3.0,3.5,Kaby Lake,72,,Intel,LGA1700,57.5,14497.099999999999
Intel Xeon E3-1225 V6,4,3.3,3.7,Kaby Lake,73,Intel HD Graphics P630,Intel,LGA1700,58.5,20606.82
Intel Xeon E3-1225 V6,4,3.3,3.7,Kaby Lake,73,Intel HD Graphics P630,Intel,LGA1700,58.5,21431.579999999998
Intel Xeon E5-2620,6,2.0,,Sandy Bridge,95,,Intel,LGA1700,,8116.5199999999995
Intel Pentium E5300,2,2.6,,Wolfdale,65,,Intel,LGA1700,,4605.200000000001
Intel Core 2 Duo E6850,2,3.0,,Core,65,,Intel,LGA1700,,5217.1
Intel Core 2 Duo E8300,2,2.83,,Wolfdale,65,,Intel,LGA1700,,5797.1
Intel Core i5-661,2,3.33,,Westmere,87,Intel HD Graphics,Intel,LGA1700,,4640.0
Intel Core i7-860,4,2.8,,Nehalem,95,,Intel,LGA1700,,11017.099999999999
Intel Xeon E3-1230,4,3.2,,Sandy Bridge,80,,Intel,LGA1700,,53295.62
Intel Xeon E5-2603,4,1.8,,Sandy Bridge,80,,Intel,LGA1700,,5739.1
Intel Xeon E5-2609,4,2.4,,Sandy Bridge,80,,Intel,LGA1700,,5217.1
Intel Xeon E3-1230 V2,4,3.3,,Ivy Bridge,69,,Intel,LGA1700,,11017.099999999999
Intel Xeon E3-1275 V2,4,3.5,,Ivy Bridge,77,Intel HD Graphics P4000,Intel,LGA1700,,21692.0
Intel Pentium G4600,2,3.6,,Kaby Lake,51,Intel HD Graphics 630,Intel,LGA1700,,9857.099999999999
Intel Celeron G3950,2,3.0,,Kaby Lake,51,Intel HD Graphics 610,Intel,LGA1700,,3768.2599999999998
Intel Core 2 Duo E4600,2,2.4,,Core,65,,Intel,LGA1700,,5739.1
Intel Pentium G3460,2,3.5,,Haswell Refresh,53,Intel HD Graphics,Intel,LGA1700,,7250.0
Intel Xeon E3-1275 V6,4,3.8,4.2,Kaby Lake,73,Intel HD Graphics P630,Intel,LGA1700,61.0,28733.199999999997
