name,rpm,noise_level,color,size,brand,price
Thermalright Peerless Assassin 120 SE,1550,25.6,Black / Silver,,Other,2024.1999999999998
ARCTIC Liquid Freezer III Pro 360,"600,3000",,Black,360.0,Other,4929.42
Cooler Master Hyper 212 Black Edition,"650,2000","6.5,26",Black,,Other,1507.4199999999998
Thermalright Phantom Spirit 120 SE ARGB,1500,25.6,Black / Silver,,Other,2198.2
Thermalright Aqua Elite V3,1500,25.6,Black,360.0,Other,3184.2
Noctua NH-D15 chromax.black,"300,1500","19.2,24.6",Black,,Other,8116.5199999999995
NZXT Kraken 360,"500,1800","17.9,30.6",Black,360.0,Other,10439.42
Corsair NAUTILUS 360 RS ARGB,2100,34,Black,360.0,Other,7539.42
ARCTIC Liquid Freezer III 360 A-RGB,"200,2000",,Black,360.0,Other,9279.42
Thermalright Assassin X 120 Refined SE,1550,25.6,Black / Silver,,Other,1037.6200000000001
Cooler Master MasterLiquid 360L Core ARGB,"350,1750",27.2,Black,360.0,Other,4348.84
ARCTIC Liquid Freezer III Pro A-RGB 360,"600,3000",,Black,360.0,Other,5451.42
Thermalright Phantom Spirit 120 SE,1500,25.6,Black / Silver,,Other,2082.2
ID-COOLING SE-214-XT ARGB,"500,1500","13.8,30.5",Black,,Other,1042.84
NZXT Kraken 240,"500,1800","17.9,30.6",Black,240.0,Other,5799.42
Thermalright Aqua Elite V3,1500,25.6,Black,240.0,Other,2604.2
Thermalright Peerless Assassin 120 SE ARGB,1550,25.6,Black,,Other,2140.2
ARCTIC Liquid Freezer III 360 A-RGB,"200,2000",,White,360.0,Other,8699.42
AMD Wraith Prism,2800,42,,,AMD,3616.3
ARCTIC Freezer 36,"200,1800",,Black,,Other,2563.02
Corsair NAUTILUS 360 RS ARGB,2100,34,White,360.0,Other,7539.42
ARCTIC Liquid Freezer III Pro A-RGB 360,"600,3000",,White,360.0,Other,5828.42
Thermalright Phantom Spirit EVO,2150,27,Black,,Other,3479.42
Noctua NH-D15,"300,1500","19.2,24.6",,,Other,7536.5199999999995
be quiet! Dark Rock Pro 5,"1300,2000","8.9,23.3",Black,,Other,5794.200000000001
NZXT Kraken 360 RGB,"500,1800","17.9,30.6",White,360.0,Other,12759.42
Asus ROG STRIX LC 360 RGB GUNDAM,"800,2500",37.6,White,360.0,Other,94018.0
Thermalright Frozen Notte ARGB,2000,27.7,Black,360.0,Other,3212.62
Thermalright Peerless Assassin 120 SE WHITE ARGB,1550,25.6,White,,Other,2140.2
ARCTIC Liquid Freezer III Pro,"600,3000",,Black,240.0,Other,4116.84
Corsair iCUE LINK TITAN 360 RX LCD,"300,2100","10,36",Black,360.0,Other,11309.42
ID-COOLING FROZN A620 PRO SE,"300,2000",27.2,Black,,Other,1739.4199999999998
Noctua NH-L9x65 chromax.black,"600,2500","14.8,23.6",Black,,Other,4637.1
Thermalright Assassin King SE ARGB,1550,25.6,White,,Other,1107.22
Lian Li Galahad II Trinity SL-INF,2100,29,Black,360.0,Other,9801.42
NZXT Kraken 360 RGB,"500,1800","17.9,30.6",Black,360.0,Other,11599.42
Noctua NH-L9A-AM5,"600,2500","14.8,23.6",Brown / Silver,,Other,2897.1000000000004
Thermalright Assassin X SE,2200,23.85,Black / Silver,,Other,979.62
Asus ROG Ryujin III 360 ARGB Extreme,"1,2800",36,Black,360.0,Other,21749.420000000002
Thermalright Aqua Elite V3,1500,25.6,White,360.0,Other,3166.2200000000003
Cooler Master MasterLiquid 240L Core ARGB,"350,1750",27.2,Black,240.0,Other,4929.42
Thermalright AQUA ELITE ARGB V4,1550,25.6,Black,360.0,Other,3532.2
Lian Li Hydroshift LCD 360S,"200,2500",29.8,White,360.0,Other,10439.42
ID-COOLING SE-903-XT,"500,2200",25.8,Black,,Other,869.42
Cooler Master Hyper 212 (2023),"690,2500",32.8,Black,,Other,1507.4199999999998
Lian Li Hydroshift LCD 360S,"200,2500",29.8,Black,360.0,Other,10120.42
Cooler Master Hyper 212 Spectrum V3,"650,1750",27.2,Black / Silver,,Other,984.84
Noctua NH-L9A-AM5 CHROMAX.BLACK,"600,2500","14.8,23.6",Black,,Other,3477.1000000000004
NZXT Kraken 240 RGB,"500,1800","17.9,30.6",White,240.0,Other,6669.42
Corsair NAUTILUS 240 RS ARGB,2100,34,Black,240.0,Other,5799.42
NZXT Kraken Elite 360 RGB (2024),"500,2400",30,White,360.0,Other,16819.420000000002
Thermalright AXP90-X47,2700,22.4,Black,,Other,1298.6200000000001
MSI MAG CORELIQUID A13,,,Black,360.0,Other,6379.42
Corsair iCUE LINK TITAN 360 RX RGB,"300,2100",,Black,360.0,Other,11597.099999999999
Thermalright Assassin Spirit 120 EVO,2000,28.2,Black,,Other,1472.6200000000001
Noctua NH-U12A chromax.black,"450,2000","18.8,22.6",Black,,Other,8116.5199999999995
TRYX PANORAMA SE ARGB,"500,1850",,Black,360.0,Other,16239.42
Thermalright Assassin Spirit 120 EVO DARK,1850,27,Black,,Other,1502.1999999999998
NZXT Kraken Elite 360 RGB,"500,1800","17.9,30.6",Black,360.0,Other,17399.420000000002
Thermalright Peerless Assassin 120 Black,1550,25.6,Black,,Other,2824.02
Corsair iCUE LINK TITAN 360 RX LCD,"300,2100","10,36",White,360.0,Other,12759.42
Noctua NH-U12S chromax.black,"300,1500","18.6,22.4",Black,,Other,5797.1
Thermalright Assassin X 120 R Digital ARGB,2000,29.8,Black,,Other,1444.1999999999998
Thermalright Peerless Assassin 120 White,1550,25.6,White,,Other,2760.2200000000003
Lian Li Galahad II Trinity SL-INF,2100,29,White,360.0,Other,10439.42
TRYX PANORAMA SE ARGB,"500,1850",,White,360.0,Other,16239.42
Noctua NH-D15 G2,1500,24.8,Brown / Silver,,Other,10437.099999999999
Corsair NAUTILUS 360 RS,2100,34,Black,360.0,Other,6089.42
ID-COOLING FROZN A410 BLACK,"500,2000",29.85,Black,,Other,1565.4199999999998
be quiet! Dark Rock 5,2100,"11.9,29.8",Black,,Other,4228.200000000001
NZXT Kraken Elite 360 (2024),"500,2000",30,Black,360.0,Other,15659.42
be quiet! Pure Rock 3,2000,"12.4,31.2",Black,,Other,2024.1999999999998
ARCTIC Liquid Freezer III 280,"200,1700",,Black,280.0,Other,7539.42
Intel E97379-001,"1200,2800",22,Silver / Black,,Intel,1158.84
Noctua NH-D9L,"400,2000","16.3,22.8",,,Other,4927.1
ARCTIC Liquid Freezer III 240 A-RGB,"200,2000",,Black,240.0,Other,6954.78
Noctua NH-L12S,"450,1850","16.8,23.9",,,Other,4347.1
Thermalright Assassin X Refined SE RGB V2,1550,25.6,Black / Silver,,Other,1002.8199999999999
ID-COOLING SE-214-XT ARGB,"500,1500","13.8,30.5",White,,Other,1042.84
ARCTIC Liquid Freezer III 420 A-RGB,"200,1900",,Black,420.0,Other,9279.42
NZXT Kraken 240 RGB,"500,1800","17.9,30.6",Black,240.0,Other,6959.42
Montech HyperFlow ARGB 360,2200,29.1,Black,360.0,Other,5683.42
Lian Li Galahad II LCD SL-INF,,29,Black,360.0,Other,15079.42
Noctua NH-D15S chromax.black,"300,1500","19.2,24.6",Black,,Other,7536.5199999999995
Thermalright AQUA ELITE ARGB V4,1550,25.6,White,360.0,Other,3027.02
Thermalright Peerless Assassin 120 SE V3,2000,29.8,Black / Silver,,Other,2024.1999999999998
NZXT Kraken Elite RGB (2025),"500,2000",34.5,Black,420.0,Other,19429.420000000002
Cooler Master Hyper 212 RGB Black Edition,"650,2000","8,30",Black,,Other,1617.04
Thermalright Frozen Notte ARGB,2000,27.7,White,240.0,Other,2836.2
Thermalright Assassin X 120 R Digital ARGB,2000,29.8,White,,Other,1444.1999999999998
ARCTIC Liquid Freezer III 360,"200,1800",,Black,360.0,Other,11600.0
Thermalright AXP90-X47,2700,22.4,Orange / Brown,,Other,2372.2
be quiet! Pure Rock Pro 3,2000,"14,34.8",Black,,Other,3184.2
TRYX PANORAMA ARGB (2025),"500,1850",28.87,Black,360.0,Other,20789.52
be quiet! Silent Loop 3,2500,"19.8,38.8",Black,360.0,Other,8986.52
Thermalright Assassin X Refined SE PLUS,1550,25.6,Black / Silver,,Other,1147.82
ARCTIC Alpine 23,"100,2000",,White / Black,,Other,689.62
ID-COOLING FX360 PRO,"500,1800",35.2,Black,360.0,Other,3479.42
Thermalright Frozen Notte ARGB,2000,27.7,Black,240.0,Other,2742.82
Thermalright Frozen Warframe ARGB,2000,22.1,Black,360.0,Other,4703.22
Cooler Master MASTERLIQUID ML240L RGB V2,"650,1800","6,27",Black,240.0,Other,5023.96
Corsair iCUE LINK H100i RGB,"480,2400",,Black,240.0,Other,6959.42
Thermalright Frozen Infinity 360 ARGB,2000,28.2,White,360.0,Other,3050.2200000000003
Thermalright Peerless Assassin 120 SE,1550,25.6,Black,,Other,2122.2200000000003
NZXT Kraken Elite 360 RGB (2024),"500,2400",30,Black,360.0,Other,16819.420000000002
Thermalright Phantom Spirit,1500,25.6,Black / Silver,,Other,2198.2
Noctua NH-U12S redux,"450,1700",25.1,Gray / Silver,,Other,3187.1000000000004
Thermalright AXP90-X53 FULL,2700,22.4,Copper / Orange,,Other,2082.2
Corsair NAUTILUS 240 RS,2100,34,Black,240.0,Other,5219.42
Thermalright Aqua Elite V3,1500,25.6,White,240.0,Other,2604.2
be quiet! Pure Rock Slim 2,,"13.1,25.4",Black / Silver,,Other,2132.6600000000003
Thermalright Peerless Assassin 120 Digital ARGB,1850,25.6,Black,,Other,2662.2
Vetroo V5,"800,1700",30.8,Black,,Other,1739.4199999999998
Noctua NH-D15 G2 LBC,1500,24.8,Brown / Silver,,Other,10437.099999999999
Noctua NH-U9S chromax.black,"400,2000","16.3,22.8",Black,,Other,4347.1
Thermalright Assassin X Refined SE,1550,25.6,White / Silver,,Other,1037.6200000000001
ARCTIC Freezer 36 A-RGB,"200,2000",,Black,,Other,2805.46
TRYX PANORAMA ARGB (2025),"500,1850",28.87,White,360.0,Other,20877.1
Asus ROG Ryujin III ARGB Extreme,"1,2800",36,White,360.0,Other,22619.420000000002
ARCTIC Liquid Freezer III 420,"200,1700",,Black,420.0,Other,11020.0
Thermalright AXP90-X47,2700,22.4,White,,Other,1270.1999999999998
Thermalright Peerless Assassin 140,1500,25.6,White,,Other,2510.82
Thermalright AQUA ELITE ARGB V4,1550,25.6,White,240.0,Other,2551.42
Cooler Master Hyper 212 Halo,"650,2050",27,Black,,Other,1681.4199999999998
Corsair iCUE H150i ELITE CAPELLIX XT,"550,2100",,White,360.0,Other,21344.0
Noctua NH-L9a-AM4,"600,2500","14.8,23.6",Brown,,Other,2897.1000000000004
be quiet! Pure Rock 2 Black,1500,"19.1,26.8",Black,,Other,2894.2
Lian Li Galahad II LCD SL-INF,,29,White,360.0,Other,14499.42
Noctua NH-U12A,"450,2000","18.8,22.6",Brown,,Other,7534.200000000001
Thermalright Peerless Assassin MINI,1500,25.6,Black,,Other,2168.62
Thermalright Frozen Prism ARGB,1850,27,White,360.0,Other,3038.62
MSI MAG CORELIQUID A13,,,Black,240.0,Other,4639.42
NZXT Kraken 280,"500,1500","19.4,32.1",Black,280.0,Other,8119.42
Thermalright Frozen Prism,1850,27,Black,360.0,Other,3299.62
Thermalright Frozen Warframe ARGB,2000,22.1,White,360.0,Other,4703.22
Thermalright AXP120-X67,1800,26.1,Gray,,Other,1734.1999999999998
Iceberg Thermal IceFLOE T95,"1000,2200",32.3,Teal / Silver,,Other,579.42
Thermalright Aqua Elite V3,1500,25.6,Black,120.0,Other,2006.2200000000003
ID-COOLING FX240 PRO,"500,1800",35.2,Black,240.0,Other,3189.42
Asus ProArt LC 420,"800,2000",31.5,Black,420.0,Other,20299.420000000002
ARCTIC Freezer 36,"200,1800",,Black / Silver,,Other,2187.18
Thermalright Phantom Spirit SE,1500,25.6,Black,,Other,2198.2
Thermalright Burst Assassin 120 SE ARGB,1550,25.6,Black / Silver,,Other,1356.6200000000001
Noctua NH-L9i chromax.black,"600,2500","14.8,23.6",Black,,Other,3477.1000000000004
ID-COOLING FX360 INF,"300,2000",27.2,Black,360.0,Other,4058.84
Vetroo V240,"800,1800",30.8,Black,240.0,Other,2893.04
Corsair iCUE LINK TITAN 360 RX RGB,"300,2100",,White,360.0,Other,10439.42
Thermalright Peerless Assassin 90 SE,2200,23.85,Black,,Other,1356.6200000000001
Thermalright Frozen Edge,2150,28.1,Black,240.0,Other,2604.2
be quiet! Pure Rock 2,1500,"19.1,26.8",Silver / Black,,Other,2493.42
Noctua NH-L9i-17xx chromax.black,"600,2500","14.8,23.6",Black,,Other,3477.1000000000004
Cooler Master Hyper 212 Pro,"690,2500",32.8,Black,,Other,1617.04
Asus ROG Ryujin III ARGB,"600,2200",36.45,Black,360.0,Other,51852.0
ID-COOLING FROZN A620 BLACK,"500,2000",29.85,Black,,Other,2319.42
Thermalright AXP90-X53,2700,22.4,Gray,,Other,1240.6200000000001
Cooler Master MasterLiquid 360L Core ARGB,"350,1750",27.2,White,360.0,Other,4640.58
ARCTIC Freezer 36 A-RGB,"200,2000",,White,,Other,2853.02
MSI MEG CORELIQUID S360,,22.7,Black,360.0,Other,17400.0
ID-COOLING FROZN A410 SE,"300,1800",24.8,Black,,Other,1449.4199999999998
Thermalright AXP90-X36,2700,22.4,Gray,,Other,1270.1999999999998
Thermalright Peerless Assassin 140,1500,25.6,Black,,Other,2632.62
Lian Li Galahad II Lite RGB,"300,2500",34.8,Black,360.0,Other,5799.42
Thermalright Assassin X 90 SE ARGB,2200,23.85,Black / Silver,,Other,1095.6200000000001
Phanteks Glacier One 360M25 G2,"350,2000",35.13,Black,360.0,Other,5799.42
be quiet! Silent Loop 3,1900,"19.4,34.3",Black,420.0,Other,9164.0
MSI MAG CORELIQUID A13,,,White,360.0,Other,6263.42
Thermalright Burst Assassin 120 SE,1550,25.6,Black / Silver,,Other,1258.02
NZXT Kraken 120,"500,2000","21,36",Black,120.0,Other,5167.22
Gigabyte AORUS WATERFORCE II 360 ICE,"800,2300","12.8,36.9",White,360.0,Other,7539.42
NZXT Kraken Elite RGB (2025),"500,2000",34.5,White,420.0,Other,19429.420000000002
Asus ROG Ryujin III,"450,2000",29.7,Black,360.0,Other,17399.420000000002
ARCTIC Liquid Freezer III 240 A-RGB,"200,2000",,White,240.0,Other,6901.42
Cooler Master Hyper 212 EVO,"600,2000","9,36",,,Other,7001.76
Thermalright Frozen Prism ARGB,1850,27,Black,360.0,Other,3300.2
ID-COOLING SE-214-XT PLUS,"700,1800",35.2,Black / Silver,,Other,1158.84
Thermalright AQUA ELITE ARGB V4,1550,25.6,Black,240.0,Other,2638.42
Thermalright Assassin Spirit 120 EVO WHITE ARGB,1850,27,White,,Other,1328.1999999999998
Thermaltake Gravity i2,1800,21.3,,,Other,741.24
Thermalright Frozen Edge,2150,28.1,Black,360.0,Other,3456.2200000000003
be quiet! Pure Loop 2 FX,,"8,34",Black,360.0,Other,8699.42
ID-COOLING FROSTFLOW X,"800,1600","16.8,32.6",Black / Silver,280.0,Other,3131.42
Thermalright Mjolnir Vision 360 ARGB,2150,27,White,360.0,Other,6182.22
ARCTIC Liquid Freezer III 280 A-RGB,"200,1900",,Black,280.0,Other,8061.42
Noctua NH-L9i,"600,2500","14.8,23.6",Brown,,Other,2897.1000000000004
ID-COOLING FROZN A720 BLACK,"500,2000",33.5,Black,,Other,4058.84
NZXT T120 RGB,"500,1800","17.2,27.5",Black,,Other,1913.42
Thermalright Royal Knight 120,2150,29.4,Black,,Other,2024.1999999999998
Noctua NH-D12L CHROMAX.BLACK,"450,2000","18.8,22.6",Black,,Other,6377.1
Noctua NH-U9S,"400,2000","16.3,22.8",,,Other,4057.1000000000004
Asus ROG RYUO III 360 ARGB,2200,36.45,Black,360.0,Other,10991.0
Corsair NAUTILUS 240 RS ARGB,2100,34,White,240.0,Other,5799.42
Thermalright Grand Vision ARGB,2150,29.4,Black,360.0,Other,7406.0199999999995
Thermalright Peerless Assassin 90 SE,2200,23.85,White / Silver,,Other,1350.82
NZXT Kraken X53,"500,2000","21,36",Black,240.0,Other,13339.42
ARCTIC Liquid Freezer III Pro A-RGB,"600,3000",,Black,240.0,Other,4551.84
Noctua NH-U12S,"300,1500","18.6,22.4",,,Other,4927.1
Noctua NH-L9x65,"600,2500","14.8,23.6",,,Other,4057.1000000000004
NZXT Kraken Elite 240 (2024),"500,2000",30,Black,240.0,Other,9859.42
Thermalright Royal Pretor 130 BLACK,1750,28.3,Black,,Other,2882.02
be quiet! Light Loop,"1500,2900","17.2,36.8",Black,360.0,Other,9573.48
Montech HyperFlow ARGB 360,2200,29.1,White,360.0,Other,5794.200000000001
Asus Prime LC 360 ARGB,"600,2200",,Black,360.0,Other,6089.42
Thermalright Assassin X Refined SE RGB,1550,25.6,Black / Silver,,Other,1095.6200000000001
Cooler Master MasterLiquid 240 Atmos,"690,2500",27.2,Black,240.0,Other,5686.320000000001
Noctua NH-L9a-AM4 chromax.black,"600,2500","14.8,23.6",Black,,Other,4058.84
Cooler Master MasterLiquid 120L Core,"650,1750",27.2,Black,120.0,Other,3479.42
MSI MAG CORELIQUID 240R V2,"500,2000","14.3,34.3",Black,240.0,Other,6379.42
Vetroo V360,"800,1800",30.8,White / Gray,360.0,Other,2899.42
ID-COOLING FROSTFLOW X,"700,1800","18,35.2",,240.0,Other,2870.42
Corsair iCUE LINK H150i RGB,"480,2400",,Black,360.0,Other,13919.42
Thermalright AXP120-X67,1800,26.1,Black,,Other,1658.22
Thermaltake UX200 SE ARGB,"800,1800",25,Black,,Other,1739.4199999999998
ARCTIC Freezer 34 eSports DUO,"200,2100",24.4,White / Black,,Other,5220.0
be quiet! Pure Rock LP,2500,,Black,,Other,3474.2
ARCTIC Liquid Freezer III Pro,"400,2500",,Black,420.0,Other,5712.42
Thermalright Mjolnir Vision 360 ARGB,2150,27,Black,360.0,Other,6182.22
Asus TUF Gaming LC II ARGB,"800,2000",29,Black,360.0,Other,11542.0
Cooler Master Hyper 212 Halo,"650,2050",27,White,,Other,1914.0
Thermalright Frozen Infinity 240 ARGB,2000,28.2,Black,240.0,Other,2778.2
Thermalright Frozen Warframe PRO,2000,29.8,Black,360.0,Other,4344.200000000001
NZXT Kraken X63,"500,2000","21,38",Black,280.0,Other,7538.839999999999
MSI MAG CORELIQUID E360,,,Black,360.0,Other,7713.42
ARCTIC Liquid Freezer III 420 A-RGB,"200,1900",,White,420.0,Other,9933.66
NZXT T120 RGB,"500,1800","17.2,27.5",White,,Other,2029.42
MSI MPG CORELIQUID D360,,,Black,360.0,Other,53700.46
be quiet! Dark Rock Elite,"1500,2000","11,25.8",Black,,Other,6374.200000000001
Corsair iCUE H100i ELITE CAPELLIX XT,"550,2100","5,34.1",Black,240.0,Other,10439.42
Noctua NH-D12L,"450,2000","18.8,22.6",Beige / Brown,,Other,5797.1
Noctua NH-L12Sx77,"450,1850","16.8,23.9",Silver / Beige,,Other,4637.1
Noctua NH-L9i-17xx,"600,2500","14.8,23.6",Brown / Beige,,Other,2897.1000000000004
Thermalright Frozen Edge,2150,28.1,White,360.0,Other,3184.2
Thermaltake TH360 V2 ARGB Sync,"500,2000",25.8,Black,360.0,Other,7539.42
Cooler Master I30,2600,28,Black / Silver,,Other,753.42
Corsair iCUE LINK H115i RGB,"400,2000",,Black,280.0,Other,6959.42
NZXT Kraken Elite 240 RGB (2024),"500,2400",30,Black,240.0,Other,11599.42
ARCTIC Liquid Freezer III 280 A-RGB,"200,1900",,White,280.0,Other,7536.5199999999995
Thermalright AXP90-X47,2700,22.4,Gray,,Other,1270.1999999999998
be quiet! Pure Rock 2 FX,,"7.9,24.4",Black,,Other,5667.179999999999
Montech HyperFlow Silent 360,"800,2200",24.8,Black,360.0,Other,5214.200000000001
Thermalright Core Vision ARGB,2000,27.7,White,360.0,Other,5504.200000000001
Scythe Fuma 3,"200,1500","4,28.6",Black / Silver,,Other,3189.42
Thermalright Peerless Assassin 120 Digital,1850,25.6,Black,,Other,2470.2200000000003
MSI MAG CORELIQUID A15,"500,2050",28.7,Black,360.0,Other,6379.42
Corsair iCUE LINK H150i LCD,"480,2400",,White,360.0,Other,19139.420000000002
Corsair iCUE LINK TITAN 240 RX RGB,"300,2100",,Black,240.0,Other,9279.42
Thermalright Frozen Warframe ULTRA ARGB,2000,22.1,White,360.0,Other,5446.200000000001
Lian Li HydroShift LCD 360R RGB,"300,2400",30,Black,360.0,Other,11594.2
Noctua NH-D15S,"300,1500","19.2,24.6",,,Other,6957.1
SAMA SM360 LCD,"800,1800",35.5,White,360.0,Other,6379.42
Thermalright AXP120-X67,1800,26.1,White,,Other,1792.1999999999998
NZXT Kraken X73,"500,2000","21,36",Black,360.0,Other,16819.420000000002
ID-COOLING IS-67-XT,"500,2200",35.2,Black,,Other,2319.42
ARCTIC Alpine 17 CO,"250,2700",,Black,,Other,753.42
ID-COOLING FROZN A620 PRO SE ARGB,"300,2000",27.2,Black,,Other,2319.42
Corsair iCUE LINK H100i RGB,"480,2400",,White,240.0,Other,6959.42
Thermalright Core Vision ARGB,2000,27.7,Black,360.0,Other,5504.200000000001
Thermalright Peerless Assassin 120 White ARGB,1550,25.6,White,,Other,2632.62
Lian Li Galahad II Trinity,2450,35.4,White,360.0,Other,8699.42
Phanteks Glacier One 360M25 G2,"350,2000",35.13,White,360.0,Other,5799.42
NZXT Kraken Elite 240 RGB (2024),"500,2400",30,White,240.0,Other,11019.42
Asus ROG STRIX LC III ARGB LCD,"800,2200",36,Black,360.0,Other,17399.420000000002
ARCTIC Freezer 7 X,"300,2000",22.5,Black / White,,Other,1507.4199999999998
Gigabyte AORUS WATERFORCE X II 360,"800,2400","12,37.5",Black,360.0,Other,12759.42
Scythe Mugen 6 Dual Fan,"300,2000","3,26.88",Black,,Other,3305.42
MSI MAG CORELIQUID I360,,,Black,360.0,Other,8697.099999999999
NZXT Kraken Z63,"500,1800","21,38",Black,280.0,Other,14700.099999999999
ID-COOLING FX360 INF,2900,25,Pink,360.0,Other,4638.84
be quiet! Pure Loop 2 FX,,"8,32.3",Black,240.0,Other,6872.42
ID-COOLING IS-47-XT,"800,2800",32.5,Black,,Other,1739.4199999999998
ENDORFY Fera 5,"250,1800",,Black / Silver,,Other,1595.0
Thermalright Core Vision ARGB,2000,27.7,Black,360.0,Other,4604.62
be quiet! Light Loop,"1500,2900","17.2,36.8",White,360.0,Other,10398.24
Noctua NH-U14S,"300,1500","19.2,24.6",,,Other,5217.1
Cooler Master MasterLiquid 240L Core ARGB,"350,1750",27.2,White,240.0,Other,4929.42
Noctua NH-P1,,0,Silver,,Other,6957.1
Thermaltake UX200 SE ARGB,"800,1800",25,White,,Other,1855.4199999999998
Thermalright RK120 SE,1500,25.6,Black / Silver,,Other,1756.82
MSI MAG CORELIQUID 360R V2,"500,2000","14.3,34.3",Black,360.0,Other,8119.42
Cooler Master MasterLiquid 360 Atmos,"690,2500",27.2,Black,360.0,Other,6959.42
Lian Li Galahad II Lite Performance,"200,2500",29.8,Black,360.0,Other,6089.42
Vetroo V240,"800,1800",30.8,White / Gray,240.0,Other,2893.04
Noctua NH-D9L chromax.black,"400,2000","16.3,22.8",Black,,Other,4927.1
NZXT Kraken Z73,"500,1800","21,36",Black,360.0,Other,12760.0
Thermalright Peerless Assassin 120 SE V2,1850,29.5,Black / Silver,,Other,2140.2
ID-COOLING FX360 INF,"300,2000",27.2,White,360.0,Other,4181.22
NZXT Kraken Plus,"500,2000",30,Black,360.0,Other,10439.42
ARCTIC Liquid Freezer II 280 A-RGB,"200,1900",22.5,Black,280.0,Other,5799.42
Thermalright Peerless Assassin,1550,25.6,Gray,,Other,2198.2
ARCTIC Alpine 17,"100,2000",,Black / White,,Other,695.42
ARCTIC Freezer 36 CO,"200,1800",,Black / Silver,,Other,2282.3
Thermalright Assassin X Refined SE RGB,1550,25.6,White / Silver,,Other,1118.82
Cooler Master Hyper 212 EVO V2,"650,1800","8,27",Black / Silver,,Other,4058.84
Cooler Master Hyper 620S,"350,1750",27.2,Black / Silver,,Other,3131.42
Thermalright Burst Assassin 120 EVO DARK,1500,25.6,Black,,Other,1704.6200000000001
Thermalright Frozen Prism ARGB,1850,27,Black,240.0,Other,2778.2
NZXT Kraken Elite 360,"500,1800","17.9,30.6",Black,360.0,Other,22279.54
ENDORFY Spartan 5,"250,1500",,Black / Silver,,Other,957.0
be quiet! Pure Rock Pro 3 LX,2000,"14,34.8",Black,,Other,3474.2
ARCTIC Liquid Freezer II 420 A-RGB,"200,1900",22.5,Black,420.0,Other,6902.0
Asus ROG STRIX LC II ARGB,"800,2500",37.6,White / Black,360.0,Other,8989.42
Asus ROG RYUJIN II ARGB,,,Black,360.0,Other,28947.800000000003
NZXT T120,"500,1800","17.9,30.6",Black,,Other,2029.42
ID-COOLING FROZN A410 DK,"500,2000",29.85,Black,,Other,1826.4199999999998
be quiet! Dark Rock Slim,1500,"11,23.6",Black,,Other,4031.5800000000004
ARCTIC Alpine 23 CO,"100,2000",,Black,,Other,1042.84
NZXT Kraken Elite 280,"500,1500","19.4,32.1",Black,280.0,Other,13281.42
NZXT Kraken Elite 240 RGB,"500,1800","17.9,30.6",White,240.0,Other,20099.32
Thermaltake TH240 V2 ARGB Sync,"500,2000",25.8,Black,240.0,Other,4638.84
Thermalright Frozen Warframe ARGB,2000,22.1,Black,240.0,Other,3978.2200000000003
Thermalright Assassin King SE ARGB,1550,25.6,Silver / Gray,,Other,1078.22
be quiet! Silent Loop 3,2500,"18.7,36.9",Black,240.0,Other,7276.1
Montech HyperFlow Silent 360,"800,2200",24.8,White,360.0,Other,5214.200000000001
Corsair iCUE LINK H100i LCD,"480,2400",,Black,240.0,Other,11019.42
Thermalright Peerless Assassin 90 SE,2200,23.85,Black / Silver,,Other,1386.1999999999998
NZXT Kraken 280 RGB,"500,1500",34.48,White,280.0,Other,11599.42
Thermalright Silver Soul 110,2500,23,Black,,Other,1734.1999999999998
MSI MAG CORELIQUID I360,,,White,360.0,Other,8696.52
Thermaltake Contact 9 SE,"800,2000",24.5,Black / Silver,,Other,1158.84
Asus Prime LC 240 ARGB,"600,2200",,Black,240.0,Other,4929.42
Jonsbo CR-1400 EVO Color White,"800,2200","22.3,33.8",White,,Other,1653.0
Asus ROG RYUO III 360 ARGB WHITE EDITION,2200,36.45,White,360.0,Other,11309.42
Fractal Design Lumen S24 RGB V2,"500,2000","10,33.2",Black,240.0,Other,6379.42
Cooler Master MasterLiquid 240 Core II,"600,1750",30,Black,240.0,Other,3963.7200000000003
Thermalright Frozen Infinity 240 ARGB,2000,28.2,White,240.0,Other,2720.2
MSI MAG CORELIQUID A13,,,White,240.0,Other,4349.42
Evercool HPH-9525CU,1800,20,,,Other,696.0
Thermaltake TH360 V2 ARGB Sync,"500,2000",25.8,White,360.0,Other,7017.42
ID-COOLING SE-224-XTS BLACK,"600,1500",28.9,Black,,Other,1565.4199999999998
Razer Hanbo Chroma,,,Black,360.0,Other,4638.84
HYTE THICC Q60,,"10,47.3",White / Black,240.0,Other,14442.0
Vetroo V5,"800,1700",30.8,Pink,,Other,1739.4199999999998
MSI MAG CORELIQUID M360,"500,2000","14.3,34.3",Black,360.0,Other,8503.380000000001
Thermalright Grand Vision ARGB,2150,29.4,White,360.0,Other,7650.200000000001
Lian Li Galahad II Trinity,2450,35.4,Black,240.0,Other,10962.0
ARCTIC Alpine AM4,"100,2000",,Black / White,,Other,584.64
Thermalright Frozen Warframe ULTRA ARGB,2000,22.1,Black,360.0,Other,5446.200000000001
NZXT T120,"500,1800","17.9,30.6",White,,Other,2029.42
ID-COOLING FX240 INF,2900,25,Pink,240.0,Other,3711.42
Scythe SHURIKEN 3,"300,2500","1.8,31.78",Black,,Other,2319.42
Lian Li Galahad II Trinity Performance,"2300,3000","32.1,39.9",White,360.0,Other,15930.28
Phanteks Glacier One D30 X2,"250,2000",35.13,Black,360.0,Other,10382.0
Vetroo V360,"800,1800",30.8,Black,360.0,Other,3361.1000000000004
Corsair iCUE H150i RGB PRO XT,2400,37,Black / White,360.0,Other,7886.839999999999
ARCTIC Freezer 8A,"200,2300",,Black / Silver,,Other,2804.88
Gigabyte AORUS WATERFORCE II 360,"800,2300","12.8,36.9",Black,360.0,Other,11381.92
be quiet! Pure Rock Pro 3,2000,"14,34.8",Silver / Black,,Other,2894.2
Cooler Master MasterLiquid 360 Core II,"600,1750",30,Black,360.0,Other,5799.42
Cooler Master MasterLiquid 240 ATMOS Stealth,"1,2400",30,Black,240.0,Other,6379.42
ENDORFY Fera 5 Dual Fan,"250,1800",,Black / Silver,,Other,1885.0
iBuypower AW4,"700,2000",38,Black,240.0,Other,4639.42
SAMA SM360 LCD,"800,1800",35.5,Black,360.0,Other,7075.42
ID-COOLING FROZN A400 BLACK,"500,2200",25.8,Black,,Other,1449.4199999999998
Vetroo V5,"800,1700",30.8,White,,Other,1449.4199999999998
NZXT Kraken 280 RGB,"500,1500",34.48,Black,280.0,Other,8699.42
MSI MAG CORELIQUID M240,"500,2000","14.3,34.3",Black,240.0,Other,7769.099999999999
Thermalright Assassin Spirit 120 Vision ARGB,1500,25.6,Black,,Other,1792.1999999999998
Cooler Master Hyper 612 APEX,,30,Black,,Other,3768.2599999999998
ENDORFY Navis F360 ARGB,"250,1800",,Black,360.0,Other,8731.32
Razer Hanbo Chroma,,,Black,240.0,Other,3479.42
Asus ProArt LC 360,,"0,39.5",Black,360.0,Other,14209.42
Cooler Master I70C,"650,1800",28,Black / Silver,,Other,1038.78
Fractal Design Lumen S28 RGB V2,"500,1700","10,35.5",Black,280.0,Other,6959.42
Lian Li Galahad II Trinity,2450,35.4,Black,360.0,Other,9279.42
NZXT Kraken Plus RGB,"500,2400",31.9,Black,360.0,Other,12759.42
be quiet! Pure Rock 3 LX,2000,"14,34.8",Black,,Other,2314.2
MSI MAG CORELIQUID E360 WHITE,,,White,360.0,Other,6959.42
Scythe Mugen 6,"300,2000","3,26.88",Black,,Other,2725.42
Asus ROG STRIX LC 360 RGB White Edition,"800,2500",37.6,White,360.0,Other,23838.0
be quiet! Pure Loop 2,,"17.2,36.8",Black,360.0,Other,7534.200000000001
Corsair iCUE LINK TITAN 240 RX LCD,"300,2100","10,36",Black,240.0,Other,11599.42
GAMDIAS AURA GL360,"800,2000","11,29",Black,360.0,AMD,3479.42
Asus TUF Gaming LC II ARGB,"800,2000",29,Black,240.0,Other,6959.42
Cooler Master MasterLiquid 240L Core,"650,1750",27.2,Black,240.0,Other,13746.0
NZXT Kraken Elite 280 RGB,"500,1500",34.48,White,280.0,Other,22895.5
Asus ROG STRIX LC II ARGB,"800,2500",37.6,White / Black,240.0,Other,4639.42
Gelid Solutions Liquid 360,"750,1800",29.6,Black,360.0,Other,5451.42
Noctua NH-L9x65 SE-AM4,"600,2500","14.8,23.6",,,Other,3477.1000000000004
Lian Li Galahad II Lite Performance,"200,2500",29.8,Black,240.0,Other,4929.42
Cooler Master MasterLiquid ML360R RGB,"650,2000","6,34",Black,360.0,Other,4348.84
ID-COOLING FX240 PRO,"500,1800",35.2,White,240.0,Other,2899.42
Corsair iCUE LINK TITAN 280 RX RGB,"300,1700",,Black,280.0,Other,10439.42
Corsair H115i RGB PLATINUM,2000,37,Black / Silver,280.0,Other,21840.48
APNX AP1-V,"600,1800","16.1,32.8",Black,,Other,1739.4199999999998
Thermalright Hyper Vision UB ARGB,2150,27,Black,360.0,Other,7012.200000000001
NZXT Kraken Elite 240,"500,1800","17.9,30.6",Black,240.0,Other,20548.82
ENDORFY Spartan 5 ARGB,"250,1500",,Black / Silver,,Other,1044.0
be quiet! Pure Loop 2,,"15.4,34.9",Black,240.0,Other,5794.200000000001
Xilence A250PWM,"1000,2800","17.8,32",Red / Black,,Other,1037.6200000000001
Jonsbo CR-1000 EVO ARGB Black,"600,1500","22,32",Black,,Other,1711.0
Noctua NH-L12 Ghost S1,"300,1600","13.1,17.6",Silver / Beige,,Other,4347.1
ENDORFY Spartan 5 MAX ARGB,"250,1500",,Black / Silver,,Other,1392.0
ID-COOLING IS-55 ARGB,"500,2000",31.2,Black,,Other,2029.42
Thermaltake TH360 V2 Ultra ARGB Sync,"500,1800",25.8,Black,360.0,Other,8699.42
Geometric Future Eskimo Pro 42,2400,34.2,Black,420.0,Other,6374.200000000001
Gigabyte AORUS WATERFORCE II 240,"800,2300","12.8,36.9",Black,240.0,Other,8872.26
Thermalright Hyper Vision UB ARGB,2150,27,White,360.0,Other,7012.200000000001
Thermalright Frozen Edge,2150,28.1,White,240.0,Other,2748.62
NZXT Kraken Plus,"500,2000",30,Black,240.0,Other,7539.42
EK EK-Nucleus AIO CR240 Lux D-RGB,"550,2300",36,Black,240.0,Other,7423.42
ID-COOLING FROZN A620 ARGB WHITE,"500,2000",29.9,White,,Other,3479.42
MSI MAG CORELIQUID E240,,,Black,240.0,Other,6089.42
Fractal Design Lumen S36 RGB V2,"500,2000","10,33.2",Black,360.0,Other,7539.42
Asus ROG RYUO III 240 ARGB,2200,36.45,Black,240.0,Other,8699.42
Thermalright Silver Soul 110,2500,23,White,,Other,1676.1999999999998
Thermalright Royal Pretor 130,1750,28.3,Black / Silver,,Other,2655.82
Deepcool THETA 20 PWM,"900,2400","17.8,32.5",Black / Silver,,Other,955.84
NZXT Kraken M22,"500,2000","21,36",Black,120.0,Other,5219.42
Thermalright SI-100,2000,27.7,Black,,Other,1560.1999999999998
be quiet! Pure Loop 2,,"15.4,33.8",Black,280.0,Other,6374.200000000001
ARCTIC Liquid Freezer III Pro,"400,2500",,Black,280.0,Other,4609.84
ID-COOLING FX240 INF,"300,2000",27.2,Black,240.0,Other,3653.42
Thermalright Burst Assassin ARGB,1550,25.6,Black / Silver,,Other,1328.1999999999998
Asus ROG Ryujin III,"450,2000",29.7,Black,240.0,Other,11019.42
APNX AP1-V,"600,1800","16.1,32.8",White,,Other,1739.4199999999998
NZXT Kraken X73 RGB,"500,1500","22,33",White / Black,360.0,Other,38833.899999999994
Lian Li Galahad II LCD,"300,2450",30,Black,360.0,Other,13049.42
Gigabyte AORUS WATERFORCE X,"800,2500","7.9,37.6",Black,360.0,Other,13919.42
Thermalright Assassin King SE,1550,25.6,Silver / Gray,,Other,1100.84
Montech HyperFlow Silent 240,"800,2200",24.8,Black,240.0,Other,4345.36
Gigabyte AORUS WATERFORCE X II 360 ICE,"800,2400","12,37.5",White,360.0,Other,12759.42
Thermalright Frozen Prism ARGB,1850,27,White,240.0,Other,2778.2
HYTE THICC Q80 Trio,"1,3000","10,47.3",Black,360.0,Other,20299.420000000002
Cooler Master Hyper 622 Halo,"650,2050",27,White,,Other,3768.84
Lian Li Galahad II Trinity SL-INF,2100,29,White,240.0,Other,9279.42
NZXT Kraken Z53,"500,2000","21,36",Black,240.0,Other,10902.84
ARCTIC Freezer 7 X CO,"300,2000",,Black / Silver,,Other,1332.26
be quiet! Shadow Rock LP,1500,"14.8,25.5",,,Other,2594.3399999999997
Corsair iCUE LINK TITAN 240 RX LCD,"300,2100","10,36",White,240.0,Other,11599.42
Cooler Master Hyper 212 Black X Duo,"690,2500",32.8,Black,,Other,6275.6
Lian Li Galahad II LCD,"300,2450",30,White,360.0,Other,15079.42
Thermalright Frost Commander 140 BLACK,1800,30.2,Black,,Other,3300.2
Cooler Master MasterLiquid 360 Core II,"600,1750",30,White,360.0,Other,4929.42
Thermaltake TH280 V2 ARGB Sync,"500,1800",34.7,White,280.0,Other,6379.42
ID-COOLING FROZN A410 ARGB,"500,2000",29.9,Black,,Other,2029.42
Thermalright Frozen Prism,1850,27,Black,240.0,Other,2778.2
Inter-Tech ALSEYE W90,3000,36.7,White / Black,,Other,2261.42
Noctua NH-U14S TR4-SP3,"300,1500","19.2,24.6",,,Other,6377.1
Asus ROG Ryujin III ARGB,"600,2200",36.45,Black,240.0,Other,11019.42
Noctua NH-D15 G2 HBC,1500,24.8,Brown / Silver,,Other,10437.099999999999
Cooler Master Hyper 212 Halo SF6 Ryu,"650,2050",27,White / Orange,,Other,1914.0
Corsair iCUE LINK H150i RGB,"480,2400",,White,360.0,Other,14499.42
Cooler Master MasterLiquid ML360 Illusion,"650,1800","6,30",Black / Silver,360.0,Other,11817.5
Cooler Master Hyper 212 RGB Black Edition,"650,2000","8,30",,,Other,3479.42
Asus ROG Ryujin III,"600,2200",36.45,White,360.0,Other,19139.420000000002
NZXT Kraken Elite 280 RGB,"500,1500",34.48,Black,280.0,Other,18795.48
HYTE THICC Q80 Trio,"1,3000","10,47.3",White,360.0,Other,20299.420000000002
Thermalright Frozen Warframe PRO ARGB,2000,29.8,White / Blue,360.0,Other,6374.200000000001
MSI MAG CORELIQUID E240 WHITE,,,White,240.0,Other,5799.42
Thermalright SI-100 WHITE ARGB,2000,27.7,White,,Other,1792.1999999999998
Corsair iCUE LINK TITAN 240 RX RGB,"300,2100",,White,240.0,Other,9279.42
Thermaltake TH120 V2 ARGB Sync,"500,2000",25.8,Black,120.0,Other,4058.84
Thermaltake TH360 V2 Ultra ARGB Sync,"500,1800",25.8,White,360.0,Other,8699.42
Gigabyte GAMING 360,"500,2200","13.8,35.8",Black,360.0,Other,5799.42
Lian Li Galahad II Trinity SL-INF,2100,29,Black,240.0,Other,10265.42
Jonsbo CR-1400 EVO Color Black,"800,2200","22.3,33.8",Black,,Other,1653.0
NZXT Kraken Elite 280 RGB (2024),"500,2000",34.5,Black,280.0,Other,11599.42
Asus ROG STRIX LC III ARGB LCD,"800,2200",36,White,360.0,Other,18269.420000000002
Noctua NH-C14S,"300,1500","19.2,24.6",,,Other,7754.0199999999995
ENDORFY Spartan 5 MAX,"250,1500",,Black / Silver,,Other,1160.0
Asus ROG STRIX LC II ARGB,"800,2500",37.6,Black,360.0,Other,8699.42
Montech HyperFlow ARGB 240,2200,29.1,Black,240.0,Other,5641.08
ENDORFY Navis F240,"250,1800",,Black,240.0,Other,5859.74
be quiet! Pure Loop 2 FX,,"10.8,32.8",Black,280.0,Other,7829.42
ID-COOLING FROZN A620 GDL,"500,2000",29.9,Black / Gold,,Other,2899.42
Corsair iCUE LINK TITAN 420 RX RGB,"300,1700",,Black,420.0,Other,12759.42
Lian Li Galahad II LCD,"300,1550",26.7,White,280.0,Other,12179.42
Alpenföhn BLACK RIDGE,"800,2800","14,37.6",Black,,Other,4037.38
Cooler Master MasterLiquid ML240L V2 RGB,"650,1800","8,27",White / Black,240.0,Other,7539.42
ID-COOLING FX240 INF,"300,2000",27.2,White,240.0,Other,3653.42
Cooler Master Wraith Ripper,,"0,38",Black,,Other,15660.0
Ocypus Iota A62,"500,2000",29,Black,,Other,3305.42
Phanteks GLACIER ONE 420D30,"250,1800",29.5,White,420.0,Other,9859.42
Cooler Master MasterLiquid 240 Core II,"600,1750",30,White,240.0,Other,3881.36
EK EK-Nucleus AIO CR240 Lux D-RGB,"550,2300",36,White,240.0,Other,7161.84
NZXT Kraken Elite 240 RGB,"500,1800","17.9,30.6",Black,240.0,Other,21660.1
iBuypower AW4,"700,2000",38,Black,360.0,Other,5799.42
Thermalright Burst Assassin 120 Vision,1500,25.6,Black,,Other,3068.2
Thermalright Burst Assassin,1550,25.6,Gray / Black,,Other,1252.22
NZXT Kraken Plus RGB,"500,2400",31.9,White,240.0,Other,10439.42
ID-COOLING SE-224-XTS,"600,1500",28.9,White,,Other,1449.4199999999998
ID-COOLING FROZN A410 ARGB WHITE,"500,2000",29.9,White,,Other,2319.42
Thermalright Burst Assassin 120 Vision,1500,25.6,White,,Other,3184.2
Noctua NH-U9 TR4-SP3,"400,2000","16.3,22.8",,,Other,5797.1
NZXT Kraken Elite 280 RGB (2024),"500,2000",34.5,White,280.0,Other,11599.42
Asus ROG STRIX LC III ARGB,"800,2200",36,Black,360.0,Other,14427.5
ID-COOLING SL360,"500,2000",29.9,White,360.0,Other,7539.42
Thermaltake TH280 V2 ARGB Sync,"500,1800",25.8,Green,280.0,Other,6379.42
EK EK-Nucleus AIO CR360 Lux D-RGB,"550,2300",36,White,360.0,Other,8700.0
Cooler Master MasterLiquid ML240 Illusion,"650,1800","6,30",Black,240.0,Other,4059.4199999999996
NZXT Kraken Z63 RGB,"500,1500","22,33",Black,280.0,Other,15949.42
ENDORFY Fortis 5,"250,1400",,Black / Silver,,Other,2314.2
ID-COOLING SL360,"500,2000",29.9,Black,360.0,Other,7539.42
Asus ROG STRIX LC II 280 ARGB,"700,2100",35.7,Black,280.0,Other,6959.42
Noctua NH-U12S SE-AM4,"300,1500","18.6,22.4",,,Other,4347.1
Cooler Master MasterLiquid ML360L ARGB V2,"650,1800","8,27",White,360.0,Other,9332.2
Lian Li Galahad II LCD,"300,1550",26.7,Black,280.0,Other,12179.42
Thermaltake Gravity i3,"1200,3500",36.5,Silver / Black,,Other,1158.84
Ocypus Iota A40,"500,2000",29,Black,,Other,2029.42
NZXT Kraken X63 RGB,"500,1500","22,33",Black,280.0,Other,14499.42
Asus ROG STRIX LC II,"800,2500",37.6,Black,240.0,Other,6379.42
ID-COOLING FROZN A410 SE ARGB,"300,2000",27.2,Black / Silver,,Other,1565.4199999999998
Ocypus Iota L36,"500,2000",29,White,360.0,Other,5799.42
Xilence I200,2200,25,Black / Silver,,Other,757.48
Thermalright Hyper Vision ARGB,2150,27,White,360.0,Other,9859.42
Thermalright Assassin King 90,2500,27.3,Black / Silver,,Other,1502.1999999999998
Thermaltake TH420 V2 Ultra ARGB Sync,"500,2000",34.7,Black,420.0,Other,12179.42
Thermaltake TH280 V2 ARGB Sync,"500,1800",34.7,Black,280.0,Other,6379.42
Corsair iCUE H100i RGB ELITE,"400,1850","5,28.9",White,240.0,Other,6379.42
Syba CL-CNL-EOLE802,2200,25,,,Other,736.5999999999999
Thermalright Frozen Warframe 240 SE ARGB,2000,29.8,Black,240.0,Other,3224.2200000000003
Cooler Master Hyper 212 Black Edition,"800,2000","6.5,26",,,Other,4638.84
be quiet! Dark Rock TF 2,1400,,Black,,Other,8987.099999999999
Thermalright Hyper Vision ARGB,2150,27,Black,360.0,Other,9859.42
Thermalright Assassin Spirit 120 Vision ARGB,1500,25.6,White,,Other,1716.22
Antec Symphony ARGB,"800,1600","20,35",White,360.0,Other,10158.119999999999
Thermaltake ASTRIA 200 ARGB,"500,1800",26.8,Black,,Other,2116.42
Lian Li Galahad II Lite RGB,"300,2500",34.8,Black,240.0,Other,4924.200000000001
Thermaltake TH360 V2 Ultra ARGB Sync,"500,1800",25.8,Blue / White,360.0,Other,11017.099999999999
TRYX PANORAMA ARGB (2024),"500,1850",27.86,White,240.0,Other,17979.420000000002
PC Cooler RZ400 V2,"500,2200",32,Black,,Other,1507.4199999999998
Fractal Design Lumen S36 V2,"500,2000","10,33.2",Black,360.0,Other,15903.02
Cooler Master MasterLiquid PL360 FLUX,,32,Black,360.0,Other,7539.42
Cooler Master MasterLiquid ML360L ARGB V2,"650,1800","8,27",Black,360.0,Other,9274.2
Scythe Kotetsu Mark 3,"300,1500","4,28.6",Black / Silver,,Other,1739.4199999999998
Thermaltake TH420 V2 Ultra ARGB Sync,"500,2000",34.7,White,420.0,Other,12177.099999999999
Enermax LIQMAXFLO SR 360,"500,1800",23.46,Black,360.0,Other,7573.64
Gigabyte AORUS WATERFORCE 240,"950,2150","16.9,31",Black,240.0,Other,9425.58
MSI MAG CORELIQUID A15,"500,2050",28.7,Black,240.0,Other,5797.1
Alphacool Eisbaer Pro Aurora,,31.5,Black,420.0,Other,12467.099999999999
Thermaltake TH240 V2 ARGB Sync,"500,2000",25.8,White,240.0,Other,5451.42
Thermaltake TOUGHLIQUID Ultra,"500,2500",28.1,Black,360.0,Other,11019.42
Ocypus Delta A40 ARGB,"500,2000",29,Black,,Other,1275.4199999999998
Cooler Master Hyper H410R RGB,"600,2000","6,29",,,Other,8062.0
Valkyrie Vind 125 SL,"800,2150",29,Black,,Other,3189.42
NZXT Kraken Plus RGB,"500,2400",31.9,Black,240.0,Other,10439.42
Asus ROG Ryujin III,"600,2200",36.45,White,240.0,Other,11889.42
Lian Li GALAHAD AIO 240 RGB UNI FAN SL120 EDITION,"800,1900",32,Black / Silver,240.0,Other,16666.88
Phanteks Glacier One D30 X2,"250,2000",35.13,White,360.0,Other,9859.42
Noctua NH-U9DXi4,"300,1600","13.1,17.6",,,Other,3767.1000000000004
Asus ROG STRIX LC III ARGB,"800,2200",36,White,360.0,Other,15079.42
ID-COOLING SE-225-XT,"700,1800","15.2,35.2",Black,,Other,2029.42
TRYX PANORAMA ARGB (2024),"500,1850",27.86,Black,240.0,Other,17979.420000000002
NZXT Kraken Z63 RGB,"500,1500","22,33",White / Black,280.0,Other,28345.18
ARCTIC Liquid Freezer III Pro A-RGB,"400,2500",,Black,420.0,Other,6263.42
ENDORFY Fera 5 ARGB,"250,1800",,Black / Silver,,Other,2001.0
ARCTIC Freezer 8A CO,"200,2300",,Black / Silver,,Other,2760.2200000000003
BitFenix Cube ARGB,2000,34,Black,240.0,Other,3474.2
NZXT Kraken X53 RGB,"500,1500","22,33",Black,240.0,Other,7886.839999999999
ID-COOLING BLITZ X4,"500,1500",26.6,Black / Silver,,Other,1158.84
Phanteks Glacier One 360 T30 Gen2,"1200,3000","11.1,39.7",Black / Gray,360.0,Other,22528.36
be quiet! Light Loop,"1500,2900","15.4,34.9",Black,240.0,Other,8114.200000000001
ID-COOLING IS-40-XT,"800,2800","14,35.2",Black,,Other,1449.4199999999998
Montech HyperFlow Silent 240,"800,2200",24.8,White,240.0,Other,4301.86
Asus ROG RYUO III 240 ARGB WHITE EDITION,2200,36.45,White,240.0,Other,8119.42
ENDORFY Fortis 5 Dual Fan,"250,1400",,Black / Silver,,Other,2697.0
Thermaltake MAGFloe 360 Ultra ARGB Sync,"500,2000",30.6,Black,360.0,Other,13919.42
Lian Li ALC 360,"300,2450",30,,360.0,Other,9976.0
MSI MAG CORELIQUID I240,,,Black,240.0,Other,5509.42
GAMDIAS CHIONE M4-240,"800,2000","11,29",Black,240.0,AMD,4015.34
Cooler Master MasterLiquid 360 Ion,,30,Black,360.0,Other,14499.42
Thermaltake TH240 V2 Ultra ARGB Sync,"500,1800",25.8,White,240.0,Other,8699.42
Cooler Master Elite,"600,2100",39.5,Black,360.0,Other,4349.42
Thermaltake ASTRIA 400 ARGB,"500,1800",26.8,Black,,Other,2609.42
Thermaltake TH420 V2 ARGB Sync,"500,1800",34.7,Black,420.0,Other,6379.42
EVGA ACX mITX,"800,2800",33.4,,,Other,2103.08
Cooler Master Masterliquid 240 Atmos,"690,2500",27.2,White,240.0,Other,7191.42
Thermaltake Gravity A2,"1200,3500",33.5,Silver / Black,,Other,1256.8600000000001
Thermaltake ASTRIA 600 ARGB,"500,1800",26.8,Black,,Other,3768.84
Thermaltake TH120 ARGB Sync,1500,28.2,White,120.0,Other,3479.42
be quiet! Shadow Rock 3,1600,"11.5,24.4",Black,,Other,3010.2
ID-COOLING SE-207-XT SLIM,"700,1800","15.2,35.2",,,Other,2145.42
EVGA CLCx 360,,35,Black,360.0,Other,11309.42
Cooler Master MasterLiquid ML240 Illusion,"650,1800","6,30",White,240.0,Other,4059.4199999999996
BitFenix Cube ARGB,2000,34,Black,360.0,Other,10308.92
Cooler Master MasterLiquid ML240R RGB,"650,2000","6,30",,240.0,Other,11690.48
be quiet! Shadow Rock Slim 2,1400,"11.5,23.7",Black,,Other,2589.7
ID-COOLING FROZN A620 ARGB,"500,2000",29.9,Black,,Other,3768.84
Cooler Master MasterLiquid PL240 FLUX,,32,Black,240.0,Other,5741.42
Gigabyte GAMING 360,"500,2200","13.8,35.8",White,360.0,Other,9226.640000000001
MSI MAG CORELIQUID 240R V2,"500,2000","14.3,34.3",White,240.0,Other,10330.380000000001
Antec A400i,"800,1800","20,36",Black / Silver,,Other,2075.82
Cooler Master i50,2000,28,Black / Silver,,Other,984.84
Thermalright Frozen Warframe 240 SE ARGB,2000,29.8,White,240.0,Other,3305.42
Geometric Future Eskimo Pro 42,2400,34.2,White,420.0,Other,5214.200000000001
be quiet! Light Loop,"1500,2900","15.4,34.9",White,240.0,Other,8404.2
Asus ROG STRIX LC III,"800,2200",36,Black,360.0,Other,12237.42
GAMDIAS CHIONE M4-360,"800,2000","11,29",Black,360.0,AMD,6103.34
be quiet! Pure Rock Slim,2000,"13.1,25.4",,,Other,4292.0
Alphacool Core Ocean T38,,"0,36",Black,420.0,Other,5423.0
be quiet! Pure Loop 120,,"18.9,36.1",Black,120.0,Other,3624.42
ENDORFY Fera 5 Black,"250,1800",,Black,,Other,1943.0
Vetroo V360,"800,1800",30.8,Pink,360.0,Other,3768.84
ARCTIC Liquid Freezer II 420 RGB,"200,1900",22.5,Black,420.0,Other,20143.98
Noctua NH-D15 SE-AM4,"1200,1500","19.2,24.6",,,Other,7536.5199999999995
Cooler Master Hyper 212 EVO V2,"650,1800","8,27",,,Other,4551.26
NZXT Kraken Plus,"500,1700",30,Black,280.0,Other,9279.42
ENDORFY Navis F240 ARGB,"250,1800",,Black,240.0,Other,8472.640000000001
PC Cooler DS360,"500,2200",32,Black,360.0,Other,6379.42
Valkyrie SYN,"800,2150",29,White / Blue,360.0,Other,8114.200000000001
GAMDIAS BOREAS E1,"800,2000","10,31",Black / Silver,,AMD,2123.38
Thermalright Frost Commander 140,1800,30.2,Gray,,Other,2836.2
ID-COOLING FROZN A410 GDL,"500,2000",29.9,Black / Gold,,Other,2029.42
MSI MEG CORELIQUID S280,,24.9,Black,280.0,Other,20272.16
Fractal Design Lumen S28 V2,"500,1700","10,35.5",Black,280.0,Other,10997.380000000001
Alphacool Core Ocean T38,,"0,34.3",Black,360.0,Other,4582.0
Asus ROG STRIX LC II,"800,2500",37.6,Black,360.0,Other,7539.42
Lian Li Galahad II Trinity,2450,35.4,White,240.0,Other,11621.460000000001
Fractal Design Celsius+ S24 Prisma PWM ARGB,"500,2000",32.7,Black,240.0,Other,7534.78
be quiet! Pure Loop 2,,"13,32.1",Black,120.0,Other,6130.6
Thermalright Grand Vision ARGB,2150,29.4,Black,240.0,Other,5330.200000000001
Valkyrie Vind 125 SL,"800,2150",29,White,,Other,2870.42
be quiet! Silent Loop 2 280,1600,"16.5,36.1",Black,280.0,Other,16786.94
Cooler Master Masterliquid 360 Atmos,"690,2500",27.2,White,360.0,Other,8699.42
ID-COOLING SL240,"500,2000",29.9,Black,240.0,Other,6379.42
Enermax LIQMAXFLO 420,"500,1700",25.47,Black,420.0,Other,6657.820000000001
Thermaltake CL-P0503,2900,29.58,,,Other,751.0999999999999
Thermaltake Floe DX RGB 360 TT Premium Edition,"500,1500","19,23.9",Black / Gray,360.0,Other,5588.88
Montech HyperFlow ARGB 240,2200,29.1,White,240.0,Other,5438.08
Alphacool Eisbaer Aurora 420,"600,1500",,Black,420.0,Other,11017.099999999999
Ocypus Iota L24,"500,2000",29,Black,240.0,Other,4871.42
Thermaltake TOUGHAIR 510,"500,2000",23.6,Black / Gray,,Other,3363.42
Thermaltake TOUGHAIR 310,"500,2000",23.6,Black / Gray,,Other,2029.42
Gigabyte AORUS WATERFORCE X II 240AORUS WATERFORCE X II 240,"800,2400","12,37.5",Black,240.0,Other,10382.0
Cooler Master Elite,"600,2100",39.5,Black,240.0,Other,4059.4199999999996
ID-COOLING SL PRO SE,"300,2000",27.2,Black,360.0,Other,6959.42
Asus ROG RYUJIN II,"450,2000",29.7,Black,240.0,Other,14341.08
Corsair A500,2400,36,Black / Silver,,Other,6379.42
Silverstone IceMyst 360,"500,2200","12.1,33.1",Silver / Black,360.0,Other,8699.42
Montech METAL DT24 PREMIUM,"800,1950",26,Black / Silver,,Other,7016.84
Thermalright Grand Vision ARGB,2150,29.4,White,240.0,Other,4593.0199999999995
Enermax LIQMAX III 240 ARGB,"500,1600","14,27",White / Black,240.0,Other,2836.2
Thermaltake TH420 V2 ARGB Sync,"500,1800",34.7,White,420.0,Other,8119.42
Enermax LIQMAXFLO SR 240,"500,1800",23.46,Black,240.0,Other,6745.9800000000005
Silverstone Hydrogon H90 ARGB,"500,2600","11.3,34.6",Black / Silver,,Other,3827.4199999999996
Thermaltake TOUGHAIR 710,"300,1400","18.5,23.9",Black,,Other,5045.42
Thermaltake TH420 V2 Ultra EX ARGB Sync,"500,2000",30.7,Black,420.0,Other,14208.84
Alphacool Core Ocean T38,,"0,34.3",Black,240.0,Other,3915.0
ARCTIC Freezer A35 A-RGB,"200,1700",,Black,,Other,2723.68
EVGA CLCx 280,,35,Black,280.0,Other,13161.359999999999
Thermaltake TH280 V2 Ultra ARGB Sync,"500,2000",34.7,Black,280.0,Other,9221.42
Cooler Master Hyper 212 LED,"600,1600","9,31",,,Other,4058.84
MSI MPG CORELIQUID K240 V2,,39.9,Black,240.0,Other,5799.42
Thermaltake ASTRIA 600 ARGB,"500,1800",26.8,White,,Other,3769.4199999999996
ID-COOLING SE-224-XTS,"600,1500",28.9,Black / Silver,,Other,1449.4199999999998
KOLINK Umbra Void,2200,30,Black,120.0,Other,5952.54
Enermax LIQMAX III 360 ARGB,"500,1600","14,27",White / Black,360.0,Other,9570.0
Antec VORTEX 240,"600,2000",31.24,Black,240.0,Other,13165.42
ARCTIC Freezer 8i,"200,2300",,Black / Silver,,Other,2930.7400000000002
Silverstone SST-XE01-1700A,"1000,5500",58.1,Black,,Other,2364.08
ARCTIC Liquid Freezer III Pro A-RGB,"400,2500",,Black,280.0,Other,5132.42
Jonsbo HX6200D,"700,1800","18.6,29.7",White,,Other,4325.64
ID-COOLING SL240,"500,2000",29.9,White,240.0,Other,6379.42
ID-COOLING DX360 MAX,,32.5,Black,360.0,Other,4058.84
TRYX PANORAMA,"500,2250",30.97,White,240.0,Other,17399.420000000002
Silverstone VIDA 240 SLIM,"300,1800","15.9,33.9",Black,240.0,Other,8460.460000000001
MSI MAG CORELIQUID I240,,,White,240.0,Other,5799.42
Asus Prime LC 360 ARGB LCD,"800,2500",36.5,White,360.0,Other,7249.42
Iceberg Thermal IceSLEET G6 Stealth,"600,1400",26,Black / Blue,,Other,2319.42
Thermaltake TH240 V2 Ultra ARGB Sync,"500,1800",25.8,Black,240.0,Other,9567.099999999999
MSI MPG CORELIQUID K240,,"0,39.9",Black,240.0,Other,8584.0
Noctua NH-U12DXi4,"300,1500","18.6,22.4",,,Other,5507.1
Silverstone Hydrogon D120 ARGB V2,,"0,30.5",Black / Silver,,Other,5112.12
Aerocool Cylon 4,"800,1800","14,26",Black,,Other,3687.64
Thermaltake TOUGHAIR 110,"500,2000",23.6,Black / Silver,,Other,2029.42
Thermaltake Contac Silent 12,"400,1500","22.1,28.8",,,Other,1687.22
Thermaltake MAGFloe 420 Ultra ARGB Sync,"500,2000",34.5,Black,420.0,Other,15079.42
Thermaltake TH120 V2 ARGB Sync,"500,2000",25.8,White,120.0,Other,4638.84
ENDORFY Fortis 5 ARGB,"250,1400",,Black / Silver,,Other,2929.0
Cooler Master i70,1800,28,Black / Silver,,Other,1158.84
BitFenix Cube ARGB,2000,34,White,240.0,Other,3474.2
Thermaltake TOUGHLIQUID Ultra RGB,"500,2000",30.7,Black,420.0,Other,16239.42
ARCTIC Freezer 4U-M,"400,2300",40,Black / Silver,,Other,6290.679999999999
Alpenföhn Brocken 4,"400,1600",22.8,Black,,Other,5930.5
Thermalright SI-100,2000,27.7,Gray / Silver,,Other,1640.82
Mars Gaming ML-ONE,"600,1800","9,26",Black,240.0,Other,4128.4400000000005
Jonsbo CR-1000 EVO ARGB White,"600,1500","22,32",White,,Other,2942.3399999999997
Zalman CNPS16X,"800,1500",27,Black,,Other,1448.84
Antec Symphony ARGB,"800,1600","20,35",Black,240.0,Other,10223.66
KOLINK Umbra EX180 Black Edition,"800,1800",28.6,Black,,Other,3068.7799999999997
PC Cooler RZ620,"500,2200","28,32",Black,,Other,4616.22
Vetroo V240,"800,1800",30.8,Pink,240.0,Other,3479.42
Thermalright Silver Soul 135,1850,29.6,Black,,Other,6090.0
Thermaltake TH360 V2 Ultra EX ARGB Sync,,,Black,360.0,Other,13048.84
PC Cooler RZ400 V2,"500,2200",32,White,,Other,1158.84
Thermaltake ASTRIA 400 ARGB,"500,1800",26.8,White,,Other,3073.42
Silverstone Krypton KR01,"800,3000",33,Black / Silver,,Other,2087.42
Phanteks Glacier One 360MPH,"500,2200","18,34.2",White,360.0,Other,19140.0
Alphacool Eisbaer Extreme,1000,18.8,Black,280.0,Other,12562.8
Enermax ETS-F40-FS,"300,1200","10,23",White,,Other,1437.82
Evercool HPL-815EP,"1000,4000","12,40",,,Other,1450.0
Thermaltake TH280 V2 Ultra ARGB Sync,"500,2000",34.7,White,280.0,Other,10149.42
Thermaltake MAGFloe 420 Ultra ARGB Sync,"500,2000",34.5,White,420.0,Other,15079.42
YEYIAN VATN ARGB 360,"800,2000","25,32",Black,360.0,Other,6379.42
Cougar Poseidon Elite ARGB 360,"500,2200",33.5,White,360.0,Other,9044.52
Cougar Poseidon Elite ARGB 240,"500,2200",33.5,White,240.0,Other,8369.98
iBuypower AW4,"700,2000",38,White,240.0,Other,4638.84
Alphacool Core Ocean T38,,"0,34.3",Black,120.0,Other,3248.0
Jonsbo CR-1000 EVO Color White,"600,1500","22,32",White,,Other,1449.4199999999998
Xilence A200,2200,32,Black / Silver,,Other,1978.3799999999999
Asus Prime LC 360 ARGB LCD,"800,2500",36.5,Black,360.0,Other,9279.42
Xilence A404T,"600,2200","14,21.8",Red / Black,,Other,1749.28
MSI MPG CORELIQUID D240,,,Black,240.0,Other,10729.42
NZXT Kraken X53 RGB,"500,1500","22,33",White / Black,240.0,Other,26218.9
Cooler Master Hyper 212 LED Turbo (Red),"300,1600","9,31",,,Other,4518.200000000001
Cooler Master Elite,"600,2100",39.5,White,240.0,Other,4058.84
GAMDIAS BOREAS P1-720,"800,2000","10,31",Black,,AMD,2609.42
iBuypower AW4,"700,2000",38,White,360.0,Other,5799.42
PC Cooler RZ620,"500,2200","28,32",White,,Other,2899.42
PC Cooler DS360,"500,2200",32,White,360.0,Other,6379.42
Iceberg Thermal IceSLEET X9 Dual TR,"500,1850","0,38",Teal / Silver,,Other,2493.42
ID-COOLING DX240 MAX,,32.5,Black,240.0,Other,3479.42
Silverstone AR12-TUF,"300,2200","6.2,34.4",Black / Orange,,Other,2368.7200000000003
Cooler Master MasterLiquid ML360 Mirror,"650,1800","8,27",Black,360.0,Other,15799.78
Asus ROG STRIX LC III ARGB,"800,2200",36,Black,240.0,Other,10439.42
Silverstone IceMyst 420,"400,1750","13.3,30.8",Silver / Black,420.0,Other,10878.48
Thermaltake ASTRIA 200 ARGB,"500,1800",26.8,White,,Other,2608.8399999999997
Gigabyte AORUS WATERFORCE 280,"950,2150","17.1,36.5",Black,280.0,Other,11009.56
Cougar Helor 360,"600,1800",37.1,Black,360.0,Other,18643.52
Noctua NH-D9DX i4 3U,"400,2000","16.3,22.8",,,Other,4101.179999999999
Asus ROG RYUO 240 RGB,"800,2500",37,Black,240.0,Other,11425.42
Antec FrigusAir 400 RGB,"800,1600","20,36",Black / Silver,,Other,8067.22
ARCTIC Freezer 50 TR (w/ARGB Controller),"200,1800",23.5,Black,,Other,10552.52
Xilence I250PWM,"800,2500","17.6,26.4",Red / Black,,Other,2499.8
Geometric Future Eskimo Pro 36,2000,34.2,Black,360.0,Other,4634.200000000001
Asus ROG STRIX LC III ARGB,"800,2200",36,White,240.0,Other,8873.42
Silverstone Krypton KR02,"800,2800","13.6,34.8",Black / Silver,,Other,1951.6999999999998
Alphacool Core Ocean T38,,"0,36",Black,280.0,Other,4683.5
Jonsbo CR-1000 V2 Color,"600,1500","22,32",Black / Silver,,Other,3137.8
ENDORFY Navis F280 ARGB,"250,1800",,Black,280.0,Other,7813.76
Jonsbo CR-1000 EVO Color Black,"600,1500","22,32",Black,,Other,1711.0
Xilence LQ240,"700,1600","18,32.5",Red / Black,240.0,Other,5318.0199999999995
Alpenföhn BEN NEVIS,"400,1600","8,20.2",,,Other,2703.38
KOLINK Umbra Void,2200,30,Black,360.0,Other,8863.56
Asus ROG STRIX LC 120 RGB,"800,2500",37.6,Black,120.0,Other,18038.0
be quiet! Silent Loop 2 120,2200,"16.6,36.4",Black,120.0,Other,16481.86
Mars Gaming MCPU-XT,"800,1600","9,26",Black,,Other,3848.88
Xilence LQ240PRO,"500,1500","22,24",Black,240.0,Other,6914.179999999999
Thermaltake MAGFloe 360 Ultra ARGB Sync,"500,2000",30.6,White,360.0,Other,13919.42
Cooler Master MasterLiquid LC240E RGB,"650,1800",31.5,Black,240.0,Other,4176.0
ARCTIC Freezer A35 RGB,"200,1700",,Black,,Other,2299.7
Cooler Master MasterAir MA620M,"650,2000","8,30",Black,,Other,8752.2
Intel BXTS13X,"800,2200","21,35",,120.0,Intel,7773.160000000001
ARCTIC Alpine AM4 CO,"100,2700",,Black,,Other,1179.72
Iceberg Thermal IceSLEET X7 Dual,"500,1850","0,38",Teal / Silver,,Other,2203.42
Ocypus Iota L24,"500,2000",29,White,240.0,Other,4871.42
GAMDIAS CHIONE E4,"800,1800","11,33.8",Black,360.0,AMD,5509.42
Thermaltake Floe DX RGB 280 TT Premium Edition,"500,1400","19.8,26.2",Black / Gray,280.0,Other,5674.72
GAMDIAS CHIONE E4,"800,1800","11,33.8",White,360.0,AMD,5509.42
Cooler Master MasterAIR G200P,"800,2000","6,28",Black / Silver,,Other,4929.42
FSP Group MP7 ARGB,"800,1800",32,Black / Silver,,Other,3189.42
Asus ROG STRIX LC 240 RGB,"800,2500",37.6,Black,240.0,Other,9859.42
StarTech FAN1156PWM,"1000,3000",33,,,Other,1391.4199999999998
Geometric Future Eskimo Junior 36,2000,29,White,360.0,Other,4054.2000000000003
Dynatron K129,,0,Orange,,Other,2607.1000000000004
Enermax LIQMAXFLO 360,"500,1800",23.46,Black,360.0,Other,9344.960000000001
Ocypus Delta A62 ARGB,"500,2000",29,Black,,Other,2899.42
Noctua NH-U12S TR4-SP3,"300,1500","18.6,22.4",,,Other,5797.1
Thermaltake TH420 ARGB Sync,"500,1800",34.7,Black,420.0,Other,12404.460000000001
Alphacool Eisbaer LT360,"550,1700",29,Black,360.0,Other,7235.5
ID-COOLING IS-40X,"600,2500","14,33",Black / White,,Other,1449.4199999999998
PC Cooler RZ620,"500,2200","28,32",Black / Silver,,Other,4616.22
Asus ROG RYUO 120 RGB,"800,2500",37,Black,120.0,Other,13862.0
MSI Core Frozr XL,"500,1800","17.2,33.6",Black / Red,,Other,7925.119999999999
Alpenföhn Glacier Water 360 High Speed,"500,2200",36.8,Black,360.0,Other,17741.04
Cooler Master MasterLiquid ML360 Sub-Zero EVO,,30,Black,360.0,Other,38072.36
Iceberg Thermal IceSLEET X5,"500,1850","0,36",Teal / Silver,,Other,1739.4199999999998
Xilence LQ360,"700,1600","18,35.2",Red / Black,360.0,Other,8223.82
Geometric Future Eskimo Pro 36,2000,34.2,White,360.0,Other,3764.2000000000003
Alphacool Eisbaer LT240,"550,1700",29,Black,240.0,Other,6583.0
SilenX EFZ-92HA2,2400,"8,24",,,Other,1088.0800000000002
Jonsbo HX6250,"400,1800","28,38",Black,,Other,5558.14
Zalman CNPS9X Performa ARGB,"700,1800",28,White,,Other,1913.42
Alphacool Eisbaer Pro Aurora,,31.5,Black,360.0,Other,15079.42
CRYORIG C7 Cu,"600,2500",30,White / Orange,,Other,6032.0
ARCTIC Freezer 50 (w/Controller),"200,1800",,Black,,Other,5683.42
Akasa Vegas Chroma AM,"500,1800",32.5,Black,,Other,1926.18
ARCTIC Liquid Freezer II 420 RGB,"200,1900",22.5,Black,420.0,Other,17143.64
Azza CUBE 240,"500,2000",34,Black,240.0,Other,4638.84
Alphacool Eisbaer 240,"550,1700",29,Black,240.0,Other,6931.0
Thermaltake TH120 ARGB Sync,1500,28.2,Black,120.0,Other,5762.299999999999
ARCTIC Liquid Freezer II 280 RGB,"200,1900",22.5,Black,280.0,Other,13080.16
Alpenföhn Brocken 4 Max,"400,1800","22.8,24.7",Black,,Other,7302.78
Silverstone NovaPeak 360,"600,2200",35.1,Black,360.0,Other,6864.299999999999
Enermax LIQMAXFLO SR 120,"500,1800",23.46,Black,120.0,Other,5525.66
StarTech FAN775E,2600,22.2,,,Other,1377.5
Silverstone VIDA 120 SLIM,"300,1800","15.9,33.9",Black,120.0,Other,6327.22
Iceberg Thermal IceSLEET X6,"500,1850","0,36",Teal / Silver,,Other,1855.4199999999998
Cougar FORZA 85,"600,2000",34.5,Black,,Other,4058.84
Thermaltake CLP0556,"1900,2300",22,,,Other,1158.84
Thermaltake TOUGHLIQUID Ultra,"500,2500",28.1,Black,240.0,Other,11599.42
GAMDIAS CHIONE M3,"800,2000",,White,240.0,AMD,5925.86
Thermaltake Floe DX RGB TT Premium Edition B,"500,1500","19,23.9",Black,360.0,Other,5588.88
Silverstone NT07-115X,"1500,3600","21.9,34.7",Silver / Black,,Other,2145.42
Asus ROG STRIX LC 240 RGB White Edition,"800,2500",37.6,White,240.0,Other,10729.42
Enermax LIQMAXFLO 240,"500,1800",23.46,Black,240.0,Other,4319.84
Cooler Master MasterAir MA610P ARGB,"650,1800","8,27",,,Other,7244.200000000001
Xilence M705D,"700,1600","18,32.5",Black,,Other,4069.2799999999997
Silverstone IceMyst 240,"500,2200","12.1,33.1",Silver / Black,240.0,Other,6263.42
Thermaltake TOUGHLIQUID Ultra,"500,2000",33.2,Black,280.0,Other,11888.84
Cougar FORZA 135,"500,1500",38.5,Black / Silver,,Other,5219.42
Thermaltake TOUGHAIR 510,"500,1200",23.6,Green,,Other,3323.3999999999996
Cooler Master Elite,"600,2100",39.5,White,360.0,Other,4639.42
Jonsbo CR-2000GT RGB,"700,1500","18.1,29.5",Black,,Other,4237.4800000000005
Silverstone NovaPeak 240 ARGB,"500,2200","12.1,33.1",Black,240.0,Other,3705.62
ARCTIC Freezer 8i CO,"200,2300",,Black / Silver,,Other,3004.98
Antec A40PRO,"800,2200","16,23",,,Other,3583.82
Dynatron R24,"1500,7000","16,47.5",,,Other,2491.1000000000004
Iceberg Thermal IceSLEET G3,"600,1200",20.5,Black / Gray,,Other,1043.4199999999998
Silverstone IceMyst 280,"400,1750","13.3,30.8",Silver / Black,280.0,Other,6617.799999999999
Sunbeam CR-CCTF,"1000,2000","16,20",,,Other,1114.76
Cooler Master MASTERLIQUID PL240 FLUX,,32,White,240.0,Other,14385.74
Thermaltake TOUGHLIQUID ARGB,"500,2000",22.3,Teal,240.0,Other,7248.84
Alphacool Eisbaer 360,"550,1700",29,Black,360.0,Other,8117.099999999999
Cooler Master Hyper 212 Plus,"600,2000","13,32",,,Other,7969.78
ARCTIC Freezer i35 CO,"200,1800",,Black / Silver,,Other,2523.58
ARCTIC Freezer A35,"200,1800",,Black / White,,Other,4873.16
ADATA XPG LEVANTE 360,"600,2000",34,Black,360.0,Other,9325.82
RAIJINTEK LETO RGB,"800,1800",25,Black / Silver,,Other,1667.5
Thermaltake TOUGHLIQUID Ultra RGB,"500,2000",30.7,Black,280.0,Other,13628.84
Asus ROG Strix LC 360,"800,2500",37.6,Black,360.0,Other,13919.42
Dynatron A49,"800,1800","10.8,21.3",Silver,,Other,3073.42
Silverstone AR12 RGB,"700,2200","9,29",Silver / Black,,Other,2228.36
Thermaltake TH420 ARGB Sync,"500,1800",34.7,White,420.0,Other,8038.22
be quiet! Shadow Rock TF 2,1400,"11.9,24.4",Silver / Black,,Other,6529.64
Thermaltake UX 210 ARGB,"600,2000",34.3,Black / Silver,,Other,2679.02
Thermaltake Floe Riing RGB 360 TT Premium Edition,"500,1400","19.8,24.7",,360.0,Other,9268.98
GAMDIAS CHIONE M2,"800,1800",,Black,240.0,AMD,4058.84
Silverstone Hydrogon D120 ARGB,,"0,30.5",Black / Silver,,Other,5943.26
Thermaltake Floe Riing RGB 240 TT Premium Edition,"500,1400","19.8,24.7",,240.0,Other,6088.84
Cooler Master MasterAir MA410M,"650,1800","6,31",Black,,Other,5916.0
Thermaltake TOUGHAIR 710,"300,1400","18.5,23.9",Gray,,Other,4929.42
ARCTIC Liquid Freezer II 280 RGB,"200,1900",22.5,Black,280.0,Other,15482.52
Alpenföhn Glacier Water High Speed 360,"500,2200",36.8,White,360.0,Other,11967.140000000001
Thermaltake UX200 ARGB,"300,1500",26.33,Black,,Other,1681.4199999999998
Thermaltake TH240 V2 Ultra EX ARGB Sync,,,Black,240.0,Other,11308.84
GAMDIAS CHIONE E4,"800,1800","11,33.8",Black,240.0,AMD,4929.42
Zalman CNPS9500A-LED,"1350,2600","18,27.5",,,Other,2029.42
ARCTIC Freezer i35 RGB,"200,1700",,Black,,Other,1929.08
Silverstone NovaPeak 360 ARGB,"500,2200","12.1,33.1",Black,360.0,Other,7279.58
Zalman CNPS20X,"800,1500",29,Black / Silver,,Other,1681.4199999999998
Ocypus Delta A62 ARGB,"500,2000",29,Black,,Other,2899.42
Silverstone NovaPeak 240,"600,2200",35.1,Black,240.0,Other,5409.66
Iceberg Thermal IceSLEET G4 OC,"600,1400",22.5,Black / Teal,,Other,1449.4199999999998
Xilence M403PRO.ARGB,"500,1800","14.2,25.6",Black / Silver,,Other,2204.0
Thermaltake Floe DX RGB 240 TT Premium Edition,"500,1500","19,23.9",Black / Gray,240.0,Other,11019.42
Silverstone NT09-115X,"550,2500","18.5,32",,,Other,1480.16
Alpenföhn Glacier Water High Speed 240,"500,2200",36.8,White,240.0,Other,10903.42
Xilence M704PRO.ARGB,"800,1800","18,32.2",,,Other,3361.1000000000004
Alphacool Eisbaer Aurora 360,"800,2000",,Black,360.0,Other,13919.42
ARCTIC Freezer i13 X,"300,2000",,Black / White,,Other,1739.4199999999998
Xilence LQ360.ARGB,"900,1850","18,28",Black,360.0,Other,8158.86
Iceberg Thermal IceSLEET G4 Silent,"600,1200",20.5,Black / Gray,,Other,1159.4199999999998
Xilence M504D,"600,2200","14,21.8",Red / Black,,Other,5800.0
Thermalright Silver Arrow 130,"600,1500","19,23",Silver,,Other,10404.619999999999
Thermaltake Water 3.0 Riing RGB 280,"300,1500","18.5,26.4",Black / Red,280.0,Other,8699.42
Cooler Master CHD-00008-01-GP,2200,22,,,Other,1449.4199999999998
Xilence M906,"500,1500","18,30.8",Black,,Other,4470.64
Scythe Kotetsu Mark II,"300,1200","4,24.9",,,Other,7025.54
Silverstone IceGem 280,"600,1600","9.8,23.4",Black,280.0,Other,10282.82
RAIJINTEK Orcus 140 RGW,"400,1800",28,Black,140.0,Other,6317.9400000000005
Thermaltake CLP0556-B,"1900,2300",22,,,Other,1158.84
GAMDIAS CHIONE E4,"800,1800","11,33.8",White,240.0,AMD,4929.42
Xilence M403PRO,"500,1800","14.2,25.6",Red / Black,,Other,2385.54
Silverstone NT07-AM2,"1500,2500","15,25",,,Other,1058.5
Alphacool Eisbaer Aurora 280,"600,1500",,Black,280.0,Other,8958.099999999999
Silverstone IceGem 360,"600,2200","7.3,36.6",Black,360.0,Other,15425.099999999999
Xilence I404T,"600,2200","14,21.8",Red / Black,,Other,1786.4
Alpenföhn Silvretta,"800,2800",,,,Other,2057.2599999999998
Akasa Nero 3,"500,1500",24.6,Black / Silver,,Other,7551.0199999999995
SilenX EFZ-92HA3,2000,"8,24",,,Other,1862.3799999999999
Alphacool Eisbaer Aurora 240,"800,2000",,Black,240.0,Other,7966.299999999999
Alpenföhn Dolomit Premium,"500,1600",23.5,Black,,Other,5229.86
Silverstone AR06,2500,"20,28.3",,,Other,2978.3
ARCTIC Freezer i32,,,,,Other,3886.0
Thermaltake Riing Silent 12 Red,"300,1400","13,18",,,Other,2898.8399999999997
Dynatron T318,,0,,,Other,2723.1000000000004
ARCTIC Freezer i35,"200,1800",,Black / White,,Other,4878.38
Akasa SOHO 360 Dusk,"500,2000","14.5,31.8",Black,360.0,Other,14859.599999999999
Cooler Master DK9-7E52A-0L-GP,3200,25.17,,,Other,3479.42
Cougar Helor 240,"600,1800",37.1,Black,240.0,Other,16106.599999999999
Thermaltake Riing Silent 12 RGB Sync Edition,"300,1500","13,22",Black,,Other,2869.8399999999997
ARCTIC Freezer 33 CO,,22.5,,,Other,2842.0
ARCTIC Freezer A35 CO,"200,1800",,Black / Silver,,Other,4411.4800000000005
Dynatron R25,"1000,7000","21.5,59.14",,,Other,2607.1000000000004
In Win Nebula NR36,"400,1800",25,Black / White,360.0,Other,8642.0
Thermaltake TOUGHLIQUID ARGB,"500,2000",33.2,Black,280.0,Other,9396.58
Iceberg Thermal IceSLEET G4 Midnight Limited Edition,"600,1400",22.5,Black,,Other,1739.4199999999998
Dynatron Q12,,"16,35.98",,,Other,2317.1000000000004
Iceberg Thermal IceSLEET G4 OC,"600,1400",22.5,Teal / Silver,,Other,1739.4199999999998
Alpenföhn Glacier Water 240 High Speed,"500,2200",36.8,Black,240.0,Other,11637.119999999999
Alphacool Eisbaer Pro Aurora,,31.5,Black,280.0,Other,10831.5
Geometric Future Eskimo Junior 24,2000,29,Black,240.0,Other,5794.200000000001
Akasa Vegas Chroma LG,"500,1800",32.5,Black,,Other,2443.54
Cougar FORZA 85 ESSENTIAL,"600,2000",34.5,Black,,Other,3479.42
Thermaltake CLP0587,"1200,1800",39,,,Other,4348.84
Titan TTC-NC85TZ(RB),"210,2100",28.8,,,Other,2835.62
Silverstone Argon AR09-115XP,"1200,5000","18.02,42.5",,,Other,2145.42
RAIJINTEK Orcus 280 RGW,"400,1800",28,Black,280.0,Other,4059.4199999999996
Dynatron R15,,,,,Other,2839.1000000000004
Thermaltake Frio Silent 14,"700,1200","12,19.3",,,Other,2072.92
Xilence LQ120,"700,1600","18,32.5",Red / Black,120.0,Other,4338.9800000000005
Dynatron R14,"1500,7000","16,47.5",,,Other,2839.1000000000004
Thermaltake Floe Riing RGB 280 TT Premium Edition,"500,1400","19.8,27.2",,280.0,Other,7653.68
Thermaltake Floe DX RGB TT Premium Edition B,"500,1500","19,23.9",Black,240.0,Other,11019.42
Dynatron K5,"1000,2500","14.7,29.8",,,Other,1689.54
SilenX EFZ-100HA2,2400,"8,24",,,Other,1419.84
Evercool HPFI-10025,1800,23,,,Other,1044.0
Silverstone NT07-115X,"1200,3400","18,26",,,Other,1956.92
Dynatron R8,,,,,Other,2491.1000000000004
Silverstone Argon AR10-115XP,"500,4000","18.07,39.03",,,Other,3550.18
Evercool EC-NK804A-925EP,2750,28.2,,,Other,986.0
Dynatron R27,"1000,3800","16,43.4",,,Other,2781.1000000000004
Thermalright Macho Direct,"300,1300","15,21",,,Other,5626.0
Silverstone IceGem 240P,"600,2200","7.3,36.6",Black,240.0,Other,12923.56
Dynatron R13,"1100,6000","19.1,53.8",,,Other,2549.1000000000004
Alpenföhn Glacier Water 280,"500,2000",36.4,Black,280.0,Other,11917.26
Enermax Aquafusion 240,"500,2000","17,32.6",Black,240.0,Other,5508.26
Dynatron T459,,,,,Other,1681.4199999999998
In Win SR24,"500,2500",23,Black,240.0,Other,6496.0
Alphacool Eisbaer Pro Aurora,,31.5,Black,240.0,Other,10005.0
Antec KUHLER H2O 950,,,,120.0,Other,3429.54
Silverstone Argon AR09-115XS,"1200,5000","18.02,42.5",,,Other,2297.38
Silverstone AR11,"1200,3000","19.3,44.5",Black / Silver,,Other,2716.14
Rosewill RCX-ZAIO-92,"600,2500","14.5,25",,,Other,2317.1000000000004
RAIJINTEK THEMIS,"1000,1500",24.53,,,Other,2804.88
Gelid Solutions Rev. 2 Tranquillo,"750,1500","12,25.5",,,Other,2607.68
In Win SR36,"500,2500",23,Black,360.0,Other,7540.0
Dynatron R9,"1000,4500","13.14,45.9",,,Other,2317.1000000000004
Dynatron K199,"1000,5000","20.71,51.7",,,Other,2262.0
Silverstone NT06-PRO-V2,"1000,2200",,Silver / Black,,Other,4659.72
Cooler Master RR-LEE-L911-GP,2200,17,,,Other,1739.4199999999998
Dynatron K17,"1000,2500","17,31.92",,,Other,2494.0
Silverstone AR05,2500,"20,28.3",,,Other,2940.02
In Win BR36,"400,1800",35.5,Black / White,360.0,Other,7366.0
RAIJINTEK THEMIS Evo,"1000,1500",24.53,,,Other,3014.2599999999998
FSP Group Windale 4,"600,1600",32,Black / Silver,,Other,2209.8
Zalman CNPS17X,"800,1500",29,Black / Silver,,Other,1160.0
Thermaltake TOUGHAIR 510,"500,1200",23.6,Teal,,Other,3479.42
Thermaltake CLP0552,"800,1700",22,,,Other,1738.84
Akasa Nero 3,"500,1500",24.6,,,Other,6883.4400000000005
Silverstone AR08,"1500,2800","14.1,27.7",Blue / Silver,,Other,2646.54
In Win SR36 PRO,"500,2500",23,Black,360.0,Other,8255.72
Geometric Future Prawn,2000,29.8,Black / Silver,,Other,4094.2200000000003
Thermaltake A4021,2200,18,,,Other,2713.2400000000002
ARCTIC Freezer A11,"500,2000",22.5,,,Other,3944.0
In Win BR24,"400,1800",35.5,Black / White,240.0,Other,6161.34
