name,socket,form_factor,max_memory,memory_slots,color,price
Asus PRIME B650-PLUS WIFI,AM5,ATX,192,4,Black / Silver,9279.42
MSI B650 GAMING PLUS WIFI,AM5,ATX,192,4,Black,9859.42
MSI MAG B650 TOMAHAWK WIFI,AM5,ATX,256,4,Black,10986.359999999999
Gigabyte X870E AORUS ELITE WIFI7,AM5,ATX,256,4,Black,18867.98
Asus PRIME B550M-A WIFI II,AM4,Micro ATX,128,4,Blue / Silver,5799.42
Gigabyte B650 EAGLE AX,AM5,ATX,192,4,Gray / Black,9163.42
Asus TUF GAMING B850-PLUS WIFI,AM5,ATX,192,4,Black / Silver,12643.42
ASRock B650M Pro RS WiFi,AM5,Micro ATX,256,4,Black / Silver,8119.42
MSI MAG X870 TOMAHAWK WIFI,AM5,ATX,256,4,Black,15659.42
Gigabyte A520M K V2,AM4,Micro ATX,64,2,Brown / Black,3971.2599999999998
Asus B650E MAX GAMING WIFI W,AM5,ATX,256,4,White,8699.42
MSI PRO B650-S WIFI,AM5,ATX,192,4,Black,7887.42
Gigabyte B550M K,AM4,Micro ATX,128,4,Brown / Silver,5799.42
ASRock B850I Lightning WiFi,AM5,Mini ITX,128,2,Black,14699.52
MSI B760 GAMING PLUS WIFI,LGA1700,ATX,192,4,Black / Silver,9859.42
MSI PRO B550M-VC WIFI,AM4,Micro ATX,128,4,Black,5799.42
MSI PRO Z790-A MAX WIFI,LGA1700,ATX,192,4,Silver / Black,12760.0
Asus TUF GAMING B650-PLUS WIFI,AM5,ATX,128,4,Black,9279.42
Gigabyte X870 EAGLE WIFI7,AM5,ATX,256,4,Black,13339.42
Gigabyte X870 AORUS ELITE WIFI7 ICE,AM5,ATX,256,4,White,17399.420000000002
MSI B550M PRO-VDH WIFI,AM4,Micro ATX,128,4,Black,6379.42
Asus ROG STRIX X870E-E GAMING WIFI,AM5,ATX,192,4,Black,27724.579999999998
ASRock B850M-X WiFi R2.0,AM5,Micro ATX,128,2,Black / White,7539.42
Gigabyte B850 EAGLE WIFI6E,AM5,ATX,256,4,Gray / Black,10439.42
MSI MAG B850 TOMAHAWK MAX WIFI,AM5,ATX,256,4,Black / Green,12759.42
Gigabyte B760M GAMING PLUS WIFI DDR4,LGA1700,Micro ATX,128,4,Black / Silver,8090.42
Asus ROG STRIX B650-A GAMING WIFI,AM5,ATX,192,4,Black / Silver,9567.099999999999
Gigabyte B650M GAMING PLUS WIFI,AM5,Micro ATX,192,4,Silver / Black,9276.52
MSI MAG B550 TOMAHAWK MAX WIFI,AM4,ATX,128,4,Silver / Black,9859.42
Gigabyte B850 AORUS ELITE WIFI7,AM5,ATX,256,4,Black,13494.859999999999
Gigabyte B650 GAMING X AX V2,AM5,ATX,192,4,Gray / Black,10700.42
Asus ROG STRIX X870-A GAMING WIFI,AM5,ATX,192,4,White,18501.420000000002
ASRock A620I LIGHTNING WIFI,AM5,Mini ITX,96,2,Black,9279.42
Asus TUF GAMING B550-PLUS WIFI II,AM4,ATX,128,4,Black / Gray,8641.42
Asus TUF GAMING B650-E WIFI,AM5,ATX,192,4,Black / Orange,11599.42
Gigabyte Z790 EAGLE AX,LGA1700,ATX,192,4,Gray / Black,9859.42
MSI B450M-A PRO MAX II,AM4,Micro ATX,64,2,Black,5631.22
MSI PRO B650M-P,AM5,Micro ATX,192,4,Black / Silver,8699.42
ASRock B450M/ac R2.0,AM4,Micro ATX,128,4,Black / Silver,4349.42
Asus TUF GAMING B850M-PLUS WIFI,AM5,Micro ATX,192,4,Black,12759.42
ASRock B450M-HDV R4.0,AM4,Micro ATX,64,2,Black / White,4058.84
Gigabyte B850 AORUS ELITE WIFI7 ICE,AM5,ATX,256,4,White / Silver,13919.42
MSI PRO B760M-P DDR4,LGA1700,Micro ATX,128,4,Black,5799.42
Asus ROG STRIX B550-F GAMING WIFI II,AM4,ATX,128,4,Black / Red,9859.42
Gigabyte B850M GAMING X WIFI6E,AM5,Micro ATX,256,4,Black,9279.42
Asus ROG CROSSHAIR X870E HERO,AM5,ATX,192,4,Black,37699.42
Gigabyte A520I AC,AM4,Mini ITX,64,2,Black,5799.42
Gigabyte B550M AORUS ELITE AX,AM4,Micro ATX,128,4,Black / Silver,8699.42
ASRock B850M Pro-A WiFi,AM5,Micro ATX,256,4,Black,8176.839999999999
ASRock B650M PG Lightning Wifi,AM5,Micro ATX,256,4,Silver / Black,11116.28
MSI MPG B550 GAMING PLUS,AM4,ATX,128,4,Black,6089.42
MSI A520M-A PRO,AM4,Micro ATX,64,2,Black,3921.96
MSI PRO B650M-A WIFI,AM5,Micro ATX,192,4,Black,8467.42
Asus ROG STRIX B650E-F GAMING WIFI,AM5,ATX,192,4,Black,14746.5
Asus ROG STRIX B850-A GAMING WIFI,AM5,ATX,192,4,White,13862.0
ASRock B550M Pro4,AM4,Micro ATX,128,4,Silver / Black,5799.42
MSI MAG X670E TOMAHAWK WIFI,AM5,ATX,192,4,Black,14425.18
Asus ROG STRIX B850-I GAMING WIFI,AM5,Mini ITX,96,2,Black,17399.420000000002
Asus ROG STRIX B650E-I GAMING WIFI,AM5,Mini ITX,96,2,Black,12757.099999999999
MSI MPG X870E CARBON WIFI,AM5,ATX,256,4,Black,28999.420000000002
Gigabyte B850 GAMING WIFI6,AM5,ATX,256,4,Black / Gray,10439.42
MSI B850 GAMING PLUS WIFI,AM5,ATX,256,4,Silver / Black,11599.42
Asus TUF GAMING X870-PLUS WIFI,AM5,ATX,192,4,Black,15485.42
Gigabyte Z790 AORUS ELITE AX,LGA1700,ATX,192,4,Black,10729.42
MSI B550-A PRO,AM4,ATX,128,4,Black / Silver,7307.42
Asus ROG CROSSHAIR X870E EXTREME,AM5,EATX,256,4,Black / Silver,57999.42
ASRock B850M Pro RS WiFi,AM5,Micro ATX,256,4,Silver / Black,8699.42
Asus TUF GAMING Z790-PLUS WIFI,LGA1700,ATX,192,4,Black / Gray,12759.42
Gigabyte X870E AORUS PRO ICE,AM5,ATX,256,4,White,19139.420000000002
Gigabyte B650 AORUS ELITE AX,AM5,ATX,192,4,Black / Silver,10787.42
Gigabyte A620I AX,AM5,Mini ITX,96,2,Black / Gray,8004.0
Gigabyte X870I AORUS PRO ICE,AM5,Mini ITX,128,2,White,16529.420000000002
MSI B650M GAMING PLUS WIFI,AM5,Micro ATX,192,4,Silver / Black,12731.58
Asus ROG STRIX B850-F GAMING WIFI,AM5,ATX,192,4,Black,15612.44
ASRock X870 Pro RS,AM5,ATX,256,4,White,10439.42
MSI PRO A620M-E,AM5,Micro ATX,96,2,Black,8984.2
Asus TUF GAMING B650E-PLUS WIFI,AM5,ATX,256,4,Black / Silver,11019.42
Gigabyte B850 GAMING X WIFI6E,AM5,ATX,256,4,Gray / Black,11483.42
Gigabyte B550 GAMING X V2,AM4,ATX,128,4,Black,7539.42
ASRock B650M-HDV/M.2,AM5,Micro ATX,96,2,Silver / Black,8040.54
Asus Z790 GAMING WIFI7,LGA1700,ATX,192,4,Silver / Black,10439.42
MSI MAG X870E TOMAHAWK WIFI,AM5,ATX,256,4,Black / Green,17979.420000000002
Gigabyte B550 EAGLE WIFI6,AM4,ATX,128,4,Black,7539.42
MSI PRO H610M-G DDR4,LGA1700,Micro ATX,64,2,Black / Silver,5451.42
MSI MEG X870E GODLIKE,AM5,EATX,256,4,Black,57999.42
ASRock X870 Pro RS WiFi,AM5,ATX,256,4,White,13977.42
Gigabyte B850M AORUS ELITE WIFI6E ICE,AM5,Micro ATX,256,4,White / Silver,11599.42
ASRock B760M-HDV/M.2,LGA1700,Micro ATX,96,2,White / Black,6920.5599999999995
Gigabyte TRX40 DESIGNARE,sTRX4,XL ATX,256,8,Black / Silver,84042.0
ASRock A520M-HDV,AM4,Micro ATX,64,2,Black / Silver,3653.42
ASRock B550 Phantom Gaming 4/ac,AM4,ATX,128,4,Silver / Black,5799.42
Gigabyte X870 AORUS ELITE WIFI7,AM5,ATX,256,4,Black,15196.0
Asus ROG STRIX B760-I GAMING WIFI,LGA1700,Mini ITX,96,2,Black,12177.099999999999
Gigabyte X870 GAMING WIFI6,AM5,ATX,256,4,Black / Gray,11019.42
ASRock A620M-HDV/M.2,AM5,Micro ATX,96,2,Gray / Black,7490.119999999999
MSI MAG Z890 TOMAHAWK WIFI,LGA1851,ATX,256,4,Black / Yellow,13919.42
Asus ProArt X870E-CREATOR WIFI,AM5,ATX,256,4,Black / Gold,30043.420000000002
ASRock B650 PG LIGHTNING,AM5,ATX,256,4,Black,7539.42
MSI MAG B550 TOMAHAWK,AM4,ATX,128,4,Black / Silver,8119.42
MSI MAG B760 TOMAHAWK WIFI,LGA1700,ATX,192,4,Black,9569.42
Gigabyte B550 UD AC,AM4,ATX,128,4,Brown / Black,6959.42
Gigabyte B650M D3HP AX,AM5,Micro ATX,192,4,Black / Gray,8119.42
Asus PRIME B650M-A AX II,AM5,Micro ATX,192,4,Black / Silver,9801.42
ASRock B650I Lightning Wifi,AM5,Mini ITX,96,2,Black,11599.42
ASRock X870E Taichi,AM5,EATX,256,4,Black,27199.1
MSI MPG X870E EDGE TI WIFI,AM5,ATX,256,4,Silver / White,16819.420000000002
ASRock Phantom Gaming X870E Nova WiFi,AM5,ATX,256,4,Black / Purple,17399.420000000002
MSI PRO X870E-P WIFI,AM5,ATX,256,4,Black / Silver,14206.52
MSI PRO B850-P WIFI,AM5,ATX,256,4,Silver / Black,11599.42
Gigabyte B760M DS3H AX,LGA1700,Micro ATX,192,4,Black,7539.42
ASRock B850 Riptide WiFi,AM5,ATX,256,4,Black,11599.42
MSI B840 GAMING PLUS WIFI,AM5,ATX,256,4,Silver / Black,8699.42
ASRock B650M Pro RS,AM5,Micro ATX,256,4,Black / Silver,12764.06
Asus TUF GAMING A520M-PLUS WIFI,AM4,Micro ATX,128,4,Black / Orange,6406.679999999999
ASRock B760M PG Riptide Wifi,LGA1700,Micro ATX,192,4,Black,6959.42
ASRock B650 Steel Legend WiFi,AM5,ATX,256,4,White / Silver,16260.300000000001
Gigabyte B650 AORUS ELITE AX ICE,AM5,ATX,192,4,Silver,11584.92
MSI X670E GAMING PLUS WIFI,AM5,ATX,192,4,Silver / Black,11019.42
Gigabyte B650 AORUS ELITE AX V2,AM5,ATX,192,4,Black / Silver,11599.42
Asus ROG STRIX X870-I GAMING WIFI,AM5,Mini ITX,128,2,Black,26041.420000000002
Asus ROG STRIX Z790-A GAMING WIFI II,LGA1700,ATX,192,4,Black / Silver,34220.0
MSI PRO Z790-P WIFI,LGA1700,ATX,192,4,Black / Silver,10439.42
ASRock B760 Pro RS/D4,LGA1700,ATX,128,4,Silver / Black,8934.900000000001
ASRock B850M Steel Legend WiFi,AM5,Micro ATX,256,4,Silver / Black,10439.42
Asus TUF GAMING B650M-PLUS WIFI,AM5,Micro ATX,192,4,Black,15022.0
MSI B760M GAMING PLUS WIFI,LGA1700,Micro ATX,192,4,Black / Silver,14627.02
Gigabyte B550M DS3H AC,AM4,Micro ATX,128,4,Black,5799.42
Gigabyte B650M GAMING WIFI6E,AM5,Micro ATX,128,2,Silver / Black,10275.859999999999
MSI PRO B760-P WIFI DDR4,LGA1700,ATX,128,4,Black,9277.099999999999
Gigabyte B650 EAGLE,AM5,ATX,192,4,Black / Gray,12307.02
MSI X870 GAMING PLUS WIFI,AM5,ATX,256,4,Black / White,14499.42
Asus TUF GAMING B760-PLUS WIFI,LGA1700,ATX,192,4,Black,9279.42
ASRock Z790 PRO RS WIFI,LGA1700,ATX,192,4,Silver / Black,13321.44
Gigabyte A520M S2H,AM4,Micro ATX,64,2,Black,4232.84
Asus Prime B450M-A II,AM4,Micro ATX,128,4,,8120.0
Gigabyte B850I AORUS PRO,AM5,Mini ITX,128,2,,15079.42
Gigabyte A520M DS3H V2,AM4,Micro ATX,128,4,Gray / Brown,5910.200000000001
MSI B550 GAMING GEN3,AM4,ATX,128,4,Black,7225.64
MSI MAG B850M MORTAR WIFI,AM5,Micro ATX,256,4,Black / Green,13919.42
Gigabyte B550 AORUS ELITE AX V2,AM4,ATX,128,4,Black / Silver,8699.42
ASRock B850 Steel Legend WiFi,AM5,ATX,256,4,White / Black,12179.42
MSI MPG B650I EDGE WIFI,AM5,Mini ITX,128,2,Black / Silver,16819.420000000002
MSI MAG Z790 TOMAHAWK WIFI,LGA1700,ATX,192,4,Black,11019.42
Gigabyte B550I AORUS PRO AX,AM4,Mini ITX,64,2,Black / Silver,11019.42
Asus ROG STRIX B860-I GAMING WIFI,LGA1851,Mini ITX,128,2,Black / Silver,12759.42
ASRock H370M-HDV,LGA1151,Micro ATX,64,2,Black / Silver,4348.84
Asus ROG STRIX B550-A GAMING,AM4,ATX,128,4,Black / White,13985.539999999999
NZXT N7 B650E,AM5,ATX,128,4,White,15131.039999999999
Gigabyte X870E AORUS PRO,AM5,ATX,256,4,Black,20299.420000000002
MSI Z790 GAMING PLUS WIFI,LGA1700,ATX,192,4,Black,9859.42
MSI MPG B850I EDGE TI WIFI,AM5,Mini ITX,128,2,Silver,14499.42
ASRock B650 PRO RS,AM5,ATX,256,4,Black / Silver,8527.16
Gigabyte B650E AORUS ELITE X AX ICE,AM5,ATX,192,4,Silver / White,12122.0
MSI PRO B840-P WIFI,AM5,ATX,256,4,Silver,9279.42
ASRock B550M-ITX/ac,AM4,Mini ITX,64,2,Silver / Black,5799.42
Gigabyte X870E AORUS MASTER,AM5,ATX,256,4,Black,28999.420000000002
ASRock B850 Pro-A,AM5,ATX,256,4,Black / Silver,8119.42
ASRock B760M-H2/M.2,LGA1700,Micro ATX,96,2,Black / Silver,8925.039999999999
Asus ROG STRIX B850-E GAMING WIFI,AM5,ATX,256,4,Black,19662.0
MSI MAG B650M MORTAR WIFI,AM5,Micro ATX,192,4,Black,11541.42
ASRock B650M Pro X3D WiFi,AM5,Micro ATX,256,4,Black / Silver,8119.42
MSI PRO X870-P WIFI,AM5,ATX,256,4,Black / Silver,15834.0
Asus PRIME B550-PLUS AC-HES,AM4,ATX,128,4,Silver / Black,7539.42
Asus PRIME X870-P WIFI,AM5,ATX,192,4,Black / Silver,12759.42
Gigabyte B650M AORUS ELITE AX,AM5,Micro ATX,192,4,Black,11599.42
ASRock B550 Phantom Gaming-ITX/ax,AM4,Mini ITX,64,2,Silver / Black,8699.42
Asus Z790-AYW WIFI W II,LGA1700,ATX,192,4,White,11019.42
ASRock B850M Riptide WiFi,AM5,Micro ATX,256,4,Black,9859.42
Gigabyte B760M DS3H DDR4,LGA1700,Micro ATX,128,4,Black,6379.42
Asus TUF GAMING B760M-PLUS WIFI II,LGA1700,Micro ATX,192,4,Black / Orange,15298.66
Gigabyte B650M AORUS ELITE AX ICE,AM5,Micro ATX,192,4,Silver,11599.42
Asus PRIME H610I-PLUS D4-CSM,LGA1700,Mini ITX,64,2,Silver / Black,6553.42
Asus PRIME B760M-A AX,LGA1700,Micro ATX,128,4,Silver / Black,7640.92
Gigabyte B550M DS3H,AM4,Micro ATX,128,4,Black / Gold,7983.119999999999
MSI PRO B650-P WIFI,AM5,ATX,192,4,Black,9859.42
ASRock B650M-H/M.2+,AM5,Micro ATX,96,2,Silver / Black,5799.42
ASRock X870 Steel Legend WiFi,AM5,ATX,256,4,White,15079.42
Asus ROG MAXIMUS Z790 DARK HERO,LGA1700,ATX,192,4,Black,57999.42
Gigabyte Z790 AORUS ELITE X WIFI7,LGA1700,ATX,192,4,Black,13919.42
ASRock H610M/ac,LGA1700,Micro ATX,64,2,Silver / Black,5219.42
Gigabyte B650I AORUS ULTRA,AM5,Mini ITX,96,2,Black / Silver,13746.0
Gigabyte A620M S2H,AM5,Micro ATX,96,2,Gray / Black,6427.5599999999995
Gigabyte Z890 EAGLE WIFI7,LGA1851,ATX,256,4,Silver / Black,13007.66
Asus ROG STRIX B450-F GAMING II,AM4,ATX,128,4,Black,15617.66
Asus ROG STRIX X870-F GAMING WIFI,AM5,ATX,192,4,Black,24359.420000000002
Gigabyte B450M DS3H,AM4,Micro ATX,128,4,Black / Silver,8889.08
Asus PRIME B840-PLUS WIFI,AM5,ATX,192,4,Silver / Black,8699.42
ASRock B850 LiveMixer WiFi,AM5,ATX,256,4,Silver / Black,11019.42
Asus TUF GAMING B550M-PLUS WIFI II,AM4,Micro ATX,128,4,Black / Gray,11599.42
ASRock B450M PRO4 R2.0,AM4,Micro ATX,128,4,Gray / Black,5799.42
ASRock B660M Pro RS,LGA1700,Micro ATX,128,4,Gray / Black,6263.42
ASRock A620M Pro RS WiFi,AM5,Micro ATX,256,4,Silver / Black,8637.94
Asus ROG STRIX X670E-E GAMING WIFI,AM5,ATX,192,4,Black / Silver,22272.0
ASRock H510M-HDV/M.2 SE,LGA1200,Micro ATX,64,2,Black / Silver,5469.9800000000005
Asus ROG STRIX B550-F GAMING,AM4,ATX,128,4,Black,12759.42
ASRock B550M-HDV,AM4,Micro ATX,64,2,Black,5219.42
MSI PRO Z890-P WIFI,LGA1851,ATX,256,4,Black / Silver,11019.42
MSI PRO B650-A WIFI,AM5,ATX,256,4,Black / Silver,9859.42
ASRock B850M-X WiFi,AM5,Micro ATX,128,2,Black / White,7249.42
Gigabyte B550M AORUS ELITE,AM4,Micro ATX,128,4,Black / Orange,7772.0
ASRock Phantom Gaming X870 Riptide WiFi,AM5,ATX,256,4,Black / Purple,14499.42
Asus PRIME B650M-A WIFI II,AM5,Micro ATX,192,4,Black / Silver,13750.06
MSI MPG B850 EDGE TI WIFI,AM5,ATX,256,4,Silver / White,17979.420000000002
MSI PRO B760M-A WIFI DDR4,LGA1700,Micro ATX,128,4,Black,8989.42
Gigabyte B550M GAMING X WIFI6,AM4,Micro ATX,128,4,Gray / Black,8989.42
MSI B650M PROJECT ZERO,AM5,Micro ATX,256,4,Silver / Black,13339.42
ASRock H81 Pro BTC,LGA1150,ATX,16,2,Black / Silver,2608.8399999999997
Gigabyte B760 GAMING X AX,LGA1700,ATX,192,4,Black / Gray,13916.52
Asus ROG STRIX B450-F GAMING,AM4,ATX,128,4,Black,7539.42
Asus B760M-AYW WIFI D4 II,LGA1700,Micro ATX,64,2,Black / Silver,5799.42
ASRock X870E Taichi Lite,AM5,EATX,256,4,Black / Silver,17399.420000000002
MSI MPG Z790 CARBON MAX WIFI II,LGA1700,ATX,256,4,Black,27259.420000000002
NZXT N9 X870E,AM5,ATX,192,4,Black,26679.420000000002
Asus ROG CROSSHAIR X870E APEX,AM5,ATX,128,2,Black,43499.42
Asus ROG STRIX Z890-E GAMING WIFI,LGA1851,ATX,192,4,Black,24592.0
Asus TUF GAMING X670E-PLUS WIFI,AM5,ATX,192,4,Black / Orange,13687.42
Gigabyte B650I AX,AM5,Mini ITX,96,2,Black,12977.5
Asus ROG STRIX Z790-E GAMING WIFI,LGA1700,ATX,192,4,Black,23199.420000000002
Gigabyte B650 GAMING X AX,AM5,ATX,192,4,Black / Gray,9664.539999999999
ASRock B660M-HDV,LGA1700,Micro ATX,64,2,Gray / Black,6235.58
Gigabyte X670 AORUS ELITE AX,AM5,ATX,192,4,Black,13919.42
MSI PRO B850M-P WIFI,AM5,Micro ATX,256,4,Black / Silver,10439.42
Gigabyte B450M K,AM4,Micro ATX,64,2,Brown / Silver,5797.1
ASRock G41M-S,LGA775,Micro ATX,8,2,Blue / White,3346.6000000000004
Gigabyte X870E AORUS ELITE WIFI7 ICE,AM5,ATX,256,4,White,19139.420000000002
Gigabyte X870E AORUS XTREME AI TOP,AM5,EATX,256,4,Black,46399.42
ASRock B860I WiFi,LGA1851,Mini ITX,128,2,Black,9279.42
Asus TUF GAMING B650-PLUS,AM5,ATX,128,4,Black / Orange,9279.42
Gigabyte GA-B250M-DS3H,LGA1151,Micro ATX,64,4,Black / Gold,11799.52
Gigabyte B650M S2H,AM5,Micro ATX,96,2,Black / Gray,8553.26
MSI B550M PRO-VDH,AM4,Micro ATX,128,4,Black,8879.22
ASRock B450M Steel Legend,AM4,Micro ATX,64,4,Black / White,5374.86
MSI MAG Z790 TOMAHAWK MAX WIFI,LGA1700,ATX,192,4,Black / Yellow,14408.94
ASRock B850 Pro-A WiFi,AM5,ATX,256,4,Black / Silver,10323.42
NZXT N9 X870E,AM5,ATX,192,4,White,26679.420000000002
ASRock B850M Pro RS,AM5,Micro ATX,256,4,Silver / Black,8699.42
Asus B650E MAX GAMING WIFI,AM5,ATX,192,4,Black / Silver,9859.42
MSI Z390-A PRO,LGA1151,ATX,128,4,Brown / Black,13745.42
Asus TUF GAMING B850-BTF WIFI W,AM5,ATX,256,4,White / Silver,16239.42
ASRock H610M-HDV/M.2+ D5,LGA1700,Micro ATX,96,2,White / Black,5195.0599999999995
MSI PRO B650M-B,AM5,Micro ATX,96,2,Black,8981.880000000001
MSI B450M PRO-VDH MAX,AM4,Micro ATX,64,4,Black / Silver,6380.0
Asus PRIME B650-PLUS,AM5,ATX,192,4,Black / Silver,10093.16
Asus PRIME Z790-P WIFI,LGA1700,ATX,192,4,Black / Silver,14499.42
Gigabyte Z890 AORUS ELITE WIFI7,LGA1851,ATX,256,4,Black,14233.2
Asus TUF GAMING Z890-PLUS WIFI,LGA1851,ATX,192,4,Black,15080.0
ASRock B850M-X,AM5,Micro ATX,128,2,Black / White,6494.84
Asus ROG STRIX B650E-E GAMING WIFI,AM5,ATX,192,4,Black,23474.34
Gigabyte B850M DS3H,AM5,Micro ATX,256,4,Gray / Black,8989.42
ASRock B650M PG RIPTIDE WIFI,AM5,Micro ATX,256,4,Black,10787.42
MSI X870E GAMING PLUS WIFI,AM5,ATX,256,4,Black,19139.420000000002
Gigabyte Z790 AORUS PRO X,LGA1700,ATX,192,4,Silver,19139.420000000002
Gigabyte B650M D3HP,AM5,Micro ATX,192,4,Black,9827.52
Asus TUF GAMING A620M-PLUS WIFI,AM5,Micro ATX,192,4,Black / Orange,9047.42
Asus ProArt Z890-CREATOR WIFI,LGA1851,ATX,256,4,Black / Gold,28419.420000000002
Gigabyte TRX40 AORUS XTREME,sTRX4,XL ATX,256,8,Black / Silver,61648.200000000004
ASRock B550 Phantom Gaming 4,AM4,ATX,128,4,Silver / Black,5799.42
Gigabyte X870 GAMING X WIFI7,AM5,ATX,256,4,Black,15079.42
MSI Z790 PROJECT ZERO,LGA1700,ATX,256,4,Silver / Black,16239.42
Asus TUF GAMING X870E-PLUS WIFI7,AM5,ATX,256,4,Black / Silver,20879.420000000002
Asus X870 MAX GAMING WIFI7,AM5,ATX,256,4,Black,13551.7
Asus ROG STRIX X570-E GAMING WIFI II,AM4,ATX,128,4,Black,28727.98
Gigabyte Z790M AORUS ELITE AX ICE,LGA1700,Micro ATX,192,4,White / Silver,11599.42
Gigabyte Z890M AORUS ELITE WIFI7 ICE,LGA1851,Micro ATX,256,4,White / Silver,11017.099999999999
MSI B760 GAMING PLUS WIFI DDR4,LGA1700,ATX,128,4,Black / Silver,14136.34
Gigabyte B760I AORUS PRO,LGA1700,Mini ITX,96,2,Silver / Black,11599.42
Gigabyte X870 AORUS STEALTH ICE,AM5,ATX,256,4,White,17979.420000000002
Asus PRIME Z390-A,LGA1151,ATX,128,4,Silver / Black,14179.84
Asus H110M-K,LGA1151,Micro ATX,32,2,Black / Gold,10048.5
Gigabyte B550 AORUS ELITE V2,AM4,ATX,128,4,Black,11065.24
Asus PRIME B450M-K II,AM4,Micro ATX,64,2,Black,6475.12
Asus ROG STRIX Z690-E GAMING WIFI,LGA1700,ATX,192,4,Black,20968.16
Asus PRIME B550-PLUS,AM4,ATX,128,4,Black / White,9847.24
Asus TUF GAMING B450-PLUS II,AM4,ATX,128,4,Black,11185.3
MSI PRO B760M-P,LGA1700,Micro ATX,192,4,Black,7248.84
MSI B760M PROJECT ZERO,LGA1700,Micro ATX,256,4,Silver / Black,12005.42
Asus ROG MAXIMUS Z890 HERO,LGA1851,ATX,192,4,Black,35959.42
Gigabyte B850 EAGLE WIFI7 ICE,AM5,ATX,256,4,White,19887.62
ASRock B650M PG Lightning,AM5,Micro ATX,256,4,Silver / Black,11193.42
Gigabyte B650E AORUS STEALTH ICE,AM5,ATX,192,4,White / Silver,24478.32
MSI PRO H610M-G WIFI DDR4,LGA1700,Micro ATX,64,2,Black / Silver,6959.42
Gigabyte B850M EAGLE WIFI6E ICE,AM5,Micro ATX,256,4,White,9569.42
ASRock A520M-ITX/ac,AM4,Mini ITX,64,2,Black / Silver,8700.58
ASRock B850 Pro RS,AM5,ATX,256,4,Silver / Black,10323.42
Gigabyte Z390 AORUS PRO WIFI,LGA1151,ATX,128,4,Black / Silver,17399.420000000002
Asus PRIME B650M-A II-CSM,AM5,Micro ATX,192,4,Silver / Black,9279.42
MSI MPG X670E CARBON WIFI,AM5,ATX,192,4,Black,27839.420000000002
Asus PRIME A520M-A II/CSM,AM4,Micro ATX,128,4,Silver / Black,4573.88
Asus X870 AYW GAMING WIFI W,AM5,ATX,256,4,White / Silver,12759.42
ASRock H470M-HVS,LGA1200,Micro ATX,64,2,Black / Silver,3479.42
ASRock A620M Pro RS,AM5,Micro ATX,256,4,Silver / Black,8941.28
MSI MAG B860 TOMAHAWK WIFI,LGA1851,ATX,256,4,Black / Yellow,9859.42
MSI MPG B650 EDGE WIFI,AM5,ATX,192,4,Black / Silver,10439.42
Asus ROG STRIX B760-A GAMING WIFI,LGA1700,ATX,192,4,Silver / Black,13339.42
ASRock B450M/AC,AM4,Micro ATX,64,4,Black,4888.820000000001
Asus ROG STRIX B850-G GAMING WIFI,AM5,Micro ATX,256,4,White,15079.42
ASRock B650 Pro RS WiFi,AM5,ATX,256,4,Silver / Black,9336.84
Gigabyte H610M H V3 DDR4,LGA1700,Micro ATX,64,2,Black / Silver,7593.9400000000005
Asus ROG STRIX Z790-F GAMING WIFI II,LGA1700,ATX,192,4,Black,33639.42
Asus PRIME B650M-K,AM5,Micro ATX,96,2,Silver / Black,10919.66
MSI MAG B760M MORTAR WIFI II,LGA1700,Micro ATX,192,4,Silver / Black,11598.84
Asus PRIME A620M-K,AM5,Micro ATX,96,2,Black / Silver,8388.539999999999
Asus PRIME Z390-P,LGA1151,ATX,128,4,Silver / Black,10941.7
Gigabyte H410M H V2,LGA1200,Micro ATX,64,2,Gray / Black,6299.38
MSI MEG X670E ACE,AM5,EATX,192,4,Black / Gold,21459.420000000002
Asus PRIME B550M-A AC,AM4,Micro ATX,128,4,Black / Silver,6379.42
MSI B450 Gaming Plus MAX,AM4,ATX,128,4,Red / Black,9396.0
Asus TUF GAMING B550-PLUS,AM4,ATX,128,4,Black,12008.900000000001
ASRock A520M-HVS,AM4,Micro ATX,64,2,Black / Silver,4968.86
Asus PRIME B450M-A,AM4,Micro ATX,64,4,Black,7411.24
NZXT N7 Z790,LGA1700,ATX,192,4,White / Black,17399.420000000002
MSI PRO Z790-P WIFI DDR4,LGA1700,ATX,128,4,Black / Silver,11890.0
Gigabyte A520 AORUS ELITE,AM4,ATX,128,4,Black / Orange,7838.119999999999
Gigabyte A620M GAMING X,AM5,Micro ATX,192,4,Brown / Gray,10961.42
Gigabyte Z790 AORUS PRO X WIFI7,LGA1700,ATX,192,4,Black,17399.420000000002
Asus ROG STRIX X670E-A GAMING WIFI,AM5,ATX,192,4,Silver / Black,15369.42
ASRock B850 Pro RS WiFi,AM5,ATX,256,4,Silver / Black,11019.42
MSI MPG Z790 EDGE WIFI,LGA1700,ATX,192,4,Silver / Black,12122.0
Gigabyte B450 AORUS PRO WIFI (rev. 1.0),AM4,ATX,64,4,Black / Silver,13181.08
Gigabyte B850M AORUS ELITE WIFI6E,AM5,Micro ATX,256,4,Black,17814.699999999997
ASRock B450 Pro4 R2.0,AM4,ATX,128,4,Black,7534.78
Asus PRIME B660-PLUS D4,LGA1700,ATX,128,4,Silver / Black,10439.42
MSI MEG Z890 GODLIKE,LGA1851,EATX,256,4,Black,62755.42
ASRock B550M Phantom Gaming 4,AM4,Micro ATX,128,4,Black,5799.42
MSI PRO B860M-A WIFI,LGA1851,Micro ATX,256,4,Silver / Black,9279.42
Asus ROG Crosshair VIII Dark Hero,AM4,ATX,128,4,Black / Silver,42372.479999999996
MSI PRO B760-P II,LGA1700,ATX,256,4,Black / Silver,13884.039999999999
Asus ROG STRIX X670E-F GAMING WIFI,AM5,ATX,192,4,Black / Silver,24244.0
Gigabyte B850 AORUS STEALTH ICE,AM5,ATX,256,4,White,15369.42
MSI MPG Z490 GAMING EDGE WIFI,LGA1200,ATX,128,4,Black / Silver,25455.04
Gigabyte B850 EAGLE ICE,AM5,ATX,256,4,White,15762.08
Gigabyte B850M D3HP,AM5,Micro ATX,256,4,Gray / Black,11409.76
Gigabyte H610I,LGA1700,Mini ITX,64,2,Black,7539.42
MSI PRO Z790-VC WIFI,LGA1700,ATX,192,4,Black,10439.42
Asus ROG MAXIMUS Z790 HERO,LGA1700,ATX,192,4,Black,38021.32
MSI Z890 GAMING PLUS WIFI,LGA1851,ATX,256,4,Black,15485.42
ASRock B860 Pro-A,LGA1851,ATX,256,4,Black,8119.42
Asus ROG STRIX Z890-A GAMING WIFI,LGA1851,ATX,256,4,White,22740.64
Gigabyte TRX40 AORUS MASTER,sTRX4,EATX,256,8,Black / Silver,30740.0
Asus PRIME H610M-K D4,LGA1700,Micro ATX,64,2,Silver / Black,6673.4800000000005
ASRock Z790M-ITX WIFI,LGA1700,Mini ITX,96,2,Black,11599.42
Asus PRIME B550M-K,AM4,Micro ATX,128,4,Black / White,7830.0
Supermicro MBD-X10DAX,2 x LGA2011-3,EATX,2048,16,Green / Black,52200.0
Asus ROG STRIX Z390-E GAMING,LGA1151,ATX,128,4,Black,19720.0
Asus PRIME B450-PLUS,AM4,ATX,64,4,Black / Silver,9761.98
Asus ROG MAXIMUS Z890 EXTREME,LGA1851,EATX,192,4,Black,49242.0
Asus Z890 AYW GAMING WIFI W,LGA1851,ATX,192,4,White,12759.42
Asus PRIME H510M-K,LGA1200,Micro ATX,64,2,Black / Silver,6264.0
Asus TUF GAMING Z690-PLUS WIFI,LGA1700,ATX,192,4,Black / Gray,12759.42
MSI MAG Z690 TOMAHAWK WIFI DDR4,LGA1700,ATX,128,4,Black / Silver,23142.0
Gigabyte B850 AI TOP,AM5,ATX,256,4,Black,18559.420000000002
ASRock B760 Pro RS,LGA1700,ATX,192,4,Silver / Black,10251.5
NZXT N7 Z790,LGA1700,ATX,192,4,Black,15735.98
Gigabyte H610M K V2,LGA1700,Micro ATX,96,2,Brown / Black,6654.92
Asus PRIME Z790-A WIFI,LGA1700,ATX,192,4,Black / Silver,17399.420000000002
Gigabyte B550 EAGLE,AM4,ATX,128,4,Black,8552.099999999999
MSI MPG X570 GAMING PLUS,AM4,ATX,128,4,Black / Red,29708.760000000002
Gigabyte X570 AORUS ELITE WIFI,AM4,ATX,128,4,Black,21344.0
ASRock B550M Steel Legend,AM4,Micro ATX,128,4,Silver / Black,9560.72
Asus PRIME B650M-R,AM5,Micro ATX,96,2,Silver / Black,10580.359999999999
Asus ROG STRIX Z790-E GAMING WIFI II,LGA1700,ATX,192,4,Black,25821.6
Asus X870 MAX GAMING WIFI7 W,AM5,ATX,256,4,White,13678.72
ASRock X670E Steel Legend,AM5,ATX,256,4,Black / White,29709.920000000002
Gigabyte X670 GAMING X AX V2,AM5,ATX,192,4,Black / Gray,13337.099999999999
Asus PRIME B760-PLUS D4,LGA1700,ATX,128,4,Silver / Black,10033.42
Gigabyte B550M DS3H AC R2,AM4,Micro ATX,128,4,Black,6379.42
Asus PRIME X570-P,AM4,ATX,128,4,Black / White,20780.82
MSI PRO A620M-B,AM5,Micro ATX,128,2,Black,9345.539999999999
Asus ProArt Z790-CREATOR WIFI,LGA1700,ATX,192,4,Black / Copper,40242.14
MSI PRO B760-VC WIFI IV,LGA1700,ATX,256,4,Black / Silver,9859.42
Asus ROG STRIX Z890-H GAMING WIFI,LGA1851,ATX,256,4,Black,19139.420000000002
Asus TUF GAMING B760M-BTF WIFI,LGA1700,Micro ATX,192,4,Black,13919.42
MSI MPG Z890I EDGE TI WIFI,LGA1851,Mini ITX,128,2,White,19137.1
Asus TUF GAMING B550M-PLUS,AM4,Micro ATX,128,4,Black,9163.42
Gigabyte H610I DDR4,LGA1700,Mini ITX,64,2,Black / Gray,9345.539999999999
Gigabyte TRX40 AORUS PRO WIFI,sTRX4,ATX,256,8,Black / Orange,27608.0
Asus PRIME X670E-PRO WIFI,AM5,ATX,192,4,Silver / Black,20299.420000000002
Asus PRIME B560M-A,LGA1200,Micro ATX,128,4,Silver / Black,12759.42
ASRock B760M-ITX/D4 WiFi,LGA1700,Mini ITX,64,2,Silver / Black,12517.56
Asus PRO H610M-CT D4-CSM,LGA1700,Micro ATX,64,2,Green / Black,5219.42
ASRock B850M Pro-A,AM5,Micro ATX,256,4,Black,11549.539999999999
MSI MPG B760I EDGE WIFI,LGA1700,Mini ITX,96,2,Black / Silver,12759.42
MSI MPG Z390 GAMING EDGE AC,LGA1151,ATX,128,4,Black / Silver,17181.920000000002
MSI X470 GAMING PLUS MAX,AM4,ATX,128,4,Black,11599.42
Asus TUF GAMING B450M-PLUS II,AM4,Micro ATX,128,4,Black,9569.42
MSI PRO B840M-B,AM5,Micro ATX,128,2,Black,9150.66
ASRock Z790 PG SONIC,LGA1700,ATX,192,4,Black / Blue,9279.42
Asus TUF GAMING Z790-PLUS WIFI D4,LGA1700,ATX,128,4,Black,13339.42
Gigabyte B650 UD AX (rev. 1.0),AM5,ATX,192,4,Black / Gray,9859.42
MSI MPG Z790 EDGE TI MAX WIFI,LGA1700,ATX,192,4,Silver / Black,23142.0
Asus PRIME Z890M-PLUS WIFI,LGA1851,Micro ATX,192,4,Black / Silver,13339.42
Gigabyte B760M DS3H AX DDR4,LGA1700,Micro ATX,128,4,Black,10370.98
Gigabyte B760 GAMING X DDR4,LGA1700,ATX,128,4,Black,20605.079999999998
MSI MPG Z390 GAMING PLUS,LGA1151,ATX,128,4,Black / Red,15022.0
MSI MPG Z490 GAMING PLUS,LGA1200,ATX,128,4,Black / Silver,19548.32
Asus PRIME H510M-A,LGA1200,Micro ATX,64,2,Black / Silver,8821.22
MSI B450-A PRO MAX,AM4,ATX,64,4,Brown / Black,13962.34
Asus PRIME Z890-P WIFI,LGA1851,ATX,192,4,Black / Silver,13919.42
Gigabyte Z390 UD,LGA1151,ATX,128,4,Black / Silver,11019.42
ASRock Z890I Nova WiFi,LGA1851,Mini ITX,128,2,Black,17399.420000000002
ASRock 970M PRO3,AM3+/AM3,Micro ATX,64,4,Black,4058.84
ASRock Z790 Steel Legend WiFi,LGA1700,ATX,192,4,Silver / Black,18502.0
Gigabyte X570 AORUS ELITE,AM4,ATX,128,4,Black / Silver,20242.0
Asus TUF GAMING B850M-PLUS,AM5,Micro ATX,192,4,Black,19378.96
Gigabyte B650 UD AC,AM5,ATX,192,4,Black / Gray,9859.42
MSI MPG Z890 CARBON WIFI,LGA1851,ATX,256,4,Black,28999.420000000002
Gigabyte B760M D3HP WIFI6,LGA1700,Micro ATX,192,4,Gray / Black,13456.58
ASRock B450 Steel Legend,AM4,ATX,64,4,Black / Silver,9976.0
Asus ROG MAXIMUS Z890 HERO BTF,LGA1851,ATX,256,4,Black,40599.42
Asus ROG STRIX Z490-E GAMING,LGA1200,ATX,128,4,Black,21092.280000000002
Asus TUF GAMING A520M-PLUS II,AM4,Micro ATX,128,4,Black,7553.92
Asus TUF GAMING B860M-PLUS WIFI,LGA1851,Micro ATX,256,4,Black / Silver,12179.42
Gigabyte Z790 AORUS MASTER X,LGA1700,EATX,192,4,Black,25752.0
ASRock B860M-X,LGA1851,Micro ATX,128,2,Silver / Black,6959.42
ASRock X570 Phantom Gaming 4,AM4,ATX,128,4,Black / Silver,15685.52
Gigabyte X570 I AORUS PRO WIFI,AM4,Mini ITX,64,2,Black / Silver,23200.0
ASRock B450 Pro4,AM4,ATX,64,4,Black / Silver,7049.9
Asus ROG STRIX Z690-A GAMING WIFI D4,LGA1700,ATX,128,4,Silver / Black,17979.420000000002
Gigabyte B860I AORUS PRO ICE,LGA1851,Mini ITX,128,2,White / Silver,12179.42
ASRock B650E PG-ITX WIFI,AM5,Mini ITX,96,2,Black / Red,20299.420000000002
Gigabyte H610M S2H V2 DDR4,LGA1700,Micro ATX,64,2,Black / Gray,5799.42
Asus PRIME X570-PRO,AM4,ATX,128,4,Black / White,24882.0
Biostar B650MT,AM5,Micro ATX,96,2,Black / Silver,7250.0
ASRock B550 Pro4,AM4,ATX,128,4,Silver / Black,9395.42
MSI PRO B550M-P GEN3,AM4,Micro ATX,128,4,Black,5565.1
MSI MEG X570 UNIFY,AM4,ATX,128,4,Black,23142.0
Asus X99-DELUXE II,LGA2011-3,ATX,128,8,Black / White,34742.0
Asus ROG Strix X570-I Gaming,AM4,Mini ITX,64,2,Black,31261.420000000002
MSI PRO Z790-S WIFI,LGA1700,ATX,192,4,Black,11252.0
Gigabyte B650M AORUS ELITE,AM5,Micro ATX,192,4,Black,11874.34
ASRock B860 Pro RS WiFi,LGA1851,ATX,256,4,Silver / Black,9279.42
ASRock X570 Phantom Gaming 4S,AM4,ATX,128,4,Black,170813.48
Asus TUF GAMING B860-PLUS WIFI,LGA1851,ATX,256,4,Black / Gray,12759.42
Asus ROG STRIX Z590-E GAMING WIFI,LGA1200,ATX,128,4,Black,29864.199999999997
Gigabyte H610M S2H V3 DDR4,LGA1700,Micro ATX,64,2,Black / Silver,6377.1
Asus ROG MAXIMUS Z790 EXTREME,LGA1700,EATX,192,4,Black,151298.8
Asus ROG STRIX Z890-F GAMING WIFI,LGA1851,ATX,192,4,Black,22619.420000000002
Gigabyte Z790 UD AC,LGA1700,ATX,192,4,Black,11483.42
Gigabyte Z890M GAMING X,LGA1851,Micro ATX,256,4,Silver / Black,9859.42
ASRock B860I Lightning WiFi,LGA1851,Mini ITX,128,2,Black,12759.42
Gigabyte Z790 D AX,LGA1700,ATX,192,4,Black / Gray,15414.08
Asus PRIME B840M-A WIFI-CSM,AM5,Micro ATX,192,4,Silver / Black,10439.42
Asus TUF GAMING X570-PLUS,AM4,ATX,128,4,Black / Gold,22552.14
Asus PROART B650-CREATOR,AM5,ATX,192,4,Black / Copper,19152.18
Asus Z170-A,LGA1151,ATX,64,4,Black / White,16354.84
Asus ROG STRIX Z790-A GAMING WIFI D4,LGA1700,ATX,128,4,Black / Silver,23661.1
Gigabyte B760 DS3H AX,LGA1700,ATX,192,4,Gray / Black,9279.42
Gigabyte B840M DS3H,AM5,Micro ATX,256,4,Gray / Black,7982.54
Gigabyte B650M DS3H,AM5,Micro ATX,192,4,Brown / Black,12170.140000000001
Asus PRIME B760M-K D4,LGA1700,Micro ATX,64,2,Silver / Black,16872.199999999997
Gigabyte B860 GAMING X WIFI6E,LGA1851,ATX,256,4,Silver / Black,10439.42
Asus PRIME X870-P,AM5,ATX,192,4,Black / Silver,21070.82
Asus ROG STRIX B760-F GAMING WIFI,LGA1700,ATX,192,4,Black,27720.52
MSI PRO Z890-S WIFI PZ,LGA1851,ATX,256,4,Silver,12179.42
ASRock B760M-HDV/M.2 D4,LGA1700,Micro ATX,64,2,Silver / Black,7252.9
Asus PRIME X670-P WIFI,AM5,ATX,192,4,Silver / Black,15659.42
Gigabyte B760M D3HP DDR4,LGA1700,Micro ATX,128,4,Black / Gray,8402.460000000001
Asus TUF Gaming Z590-PLUS WIFI,LGA1200,ATX,128,4,Silver / Black,19633.0
ASRock B760M Steel Legend WiFi,LGA1700,Micro ATX,192,4,Silver / Black,13467.02
Asus PRIME B550M-A,AM4,Micro ATX,128,4,Black / White,8483.66
Gigabyte Z890 UD WIFI6E,LGA1851,ATX,256,4,Black / Gray,11007.82
ASRock Z890 Pro-A WiFi,LGA1851,ATX,256,4,Black / Silver,11599.42
MSI MAG B760 TOMAHAWK WIFI DDR4,LGA1700,ATX,128,4,Black,11019.42
Asus ROG Crosshair VIII Hero (WI-FI),AM4,ATX,128,4,Black,41702.0
MSI PRO B850M-A WIFI,AM5,Micro ATX,128,4,Black / Silver,11599.42
Asus PRIME B660M-K D4,LGA1700,Micro ATX,64,2,Silver / Black,8402.460000000001
Gigabyte B860 AORUS ELITE WIFI7 ICE,LGA1851,ATX,256,4,White / Silver,11019.42
MSI MPG Z690 EDGE WIFI DDR4,LGA1700,ATX,128,4,Black / Gray,22445.420000000002
Gigabyte GA-H270N-WIFI,LGA1151,Mini ITX,32,2,Black / Silver,13307.52
Gigabyte Z890 AORUS ELITE WIFI7 ICE,LGA1851,ATX,256,4,White / Silver,12759.42
Gigabyte B850M EAGLE WIFI6E,AM5,Micro ATX,256,4,Black,9569.42
MSI A520M PRO,AM4,Micro ATX,64,2,Black,6892.14
Asus PRIME Z490-P,LGA1200,ATX,128,4,Black / Silver,17690.0
Asus ROG STRIX Z690-F GAMING WIFI,LGA1700,ATX,192,4,Black / Silver,15950.0
Asus PRIME B760M-A D4,LGA1700,Micro ATX,128,4,Silver / Black,8699.42
Gigabyte Z790M AORUS ELITE AX,LGA1700,Micro ATX,192,4,Black / Silver,11599.42
Gigabyte B760M AORUS ELITE AX,LGA1700,Micro ATX,192,4,Black / Silver,12329.06
Asus ROG Strix X570-E Gaming,AM4,ATX,128,4,Black,31262.0
ASRock Z790 Pro RS,LGA1700,ATX,192,4,Silver / Black,10265.42
Gigabyte Z790 GAMING X AX,LGA1700,ATX,192,4,Black,11599.42
MSI MAG B550M MORTAR MAX WIFI,AM4,Micro ATX,128,4,Silver / Black,9279.42
Asus TUF GAMING Z890-PRO WIFI,LGA1851,ATX,192,4,White,15776.0
ASRock B550 PG Riptide,AM4,ATX,128,4,Black / Silver,10995.06
MSI B860M GAMING PLUS WIFI,LGA1851,Micro ATX,256,4,Silver / Black,10439.42
ASRock Z790 Nova WiFi,LGA1700,ATX,192,4,Black,25832.04
Gigabyte B450 AORUS ELITE V2,AM4,ATX,128,4,Black,17458.0
MSI MPG Z390 GAMING PRO CARBON,LGA1151,ATX,128,4,Black / Silver,21315.579999999998
ASRock B860M-X WiFi,LGA1851,Micro ATX,128,2,Silver / Black,7539.42
Asus ROG MAXIMUS XI HERO (WI-FI),LGA1151,ATX,128,4,Black,27168.36
Asus ROG STRIX Z890-I GAMING WIFI,LGA1851,Mini ITX,96,2,Black,24359.420000000002
Gigabyte B860 EAGLE WIFI6E,LGA1851,ATX,256,4,Gray / Black,9859.42
Asus PRIME B850-PLUS WIFI,AM5,ATX,256,4,Black / Silver,11599.42
Gigabyte Z890 AORUS MASTER,LGA1851,ATX,256,4,Black / Silver,28072.579999999998
Asus TUF GAMING Z790-BTF WIFI,LGA1700,ATX,192,4,Silver / Black,17399.420000000002
Asus PRIME Z790-P,LGA1700,ATX,192,4,Silver / Black,16668.62
Asus ROG STRIX Z790-F GAMING WIFI,LGA1700,ATX,192,4,Black,25692.84
MSI MPG B760M EDGE TI WIFI,LGA1700,Micro ATX,192,4,Silver / Black,12759.42
ASRock A620M-HDV/M.2+,AM5,Micro ATX,96,2,Gray / Black,8622.859999999999
Asus ROG STRIX Z370-E GAMING,LGA1151,ATX,64,4,Black / Silver,21750.0
ASRock Z390 Phantom Gaming 4,LGA1151,ATX,128,4,Black / Silver,11599.42
MSI PRO Z890-A WIFI,LGA1851,ATX,256,4,Black / Silver,16819.420000000002
Asus ROG STRIX Z690-I GAMING WIFI,LGA1700,Mini ITX,96,2,Black / Silver,24882.0
Asus TUF GAMING B660M-PLUS WIFI D4,LGA1700,Micro ATX,128,4,Black / Orange,13282.0
Asus PRIME H610M-E D4-CSM,LGA1700,Micro ATX,64,2,Silver / Black,5799.42
Gigabyte Z390 GAMING X,LGA1151,ATX,128,4,Black / Red,14964.0
ASRock Z890M Riptide WiFi,LGA1851,Micro ATX,256,4,Black / Silver,13983.8
MSI PRO H610M-E,LGA1700,Micro ATX,96,2,Black,8767.859999999999
Gigabyte Z790 D,LGA1700,ATX,192,4,Black / Gray,13865.48
ASRock B760I Lightning WiFi,LGA1700,Mini ITX,96,2,Black,19023.420000000002
Asus TUF GAMING B760M-PLUS II,LGA1700,Micro ATX,192,4,Black,14011.06
Asus PRIME A620M-A-CSM,AM5,Micro ATX,192,4,Silver / Black,7539.42
ASRock B860 Pro RS,LGA1851,ATX,256,4,Silver / Black,8699.42
Asus TUF GAMING B760M-PLUS WIFI D4,LGA1700,Micro ATX,128,4,Black / Orange,15188.460000000001
Gigabyte B650M K,AM5,Micro ATX,192,4,Brown / Silver,11310.0
Asus PRIME B365M-A,LGA1151,Micro ATX,64,4,Black / Silver,9933.66
ASRock B550 Steel Legend,AM4,ATX,128,4,Silver / Black,11910.3
Gigabyte B650 AERO G,AM5,ATX,192,4,Black / Silver,13339.42
Asus ROG Strix X570-F Gaming,AM4,ATX,128,4,Black,28052.86
Gigabyte GA-AB350-GAMING 3,AM4,ATX,64,4,Black / Red,16239.42
Asus ROG STRIX Z790-H GAMING WIFI,LGA1700,ATX,192,4,Black,27839.420000000002
MSI Z590 PRO WIFI,LGA1200,ATX,128,4,Black,22126.420000000002
Gigabyte Z890 AORUS XTREME AI TOP,LGA1851,EATX,256,4,Black,57999.42
MSI MEG Z890 ACE,LGA1851,ATX,256,4,Black / Gold,35379.42
MSI MPG Z790I EDGE WIFI,LGA1700,Mini ITX,96,2,Silver / Black,17979.420000000002
Gigabyte B860M AORUS ELITE WIFI6E,LGA1851,Micro ATX,256,4,Black,11019.42
MSI MAG Z790 TOMAHAWK WIFI DDR4,LGA1700,ATX,128,4,Black,20299.420000000002
Asus ROG STRIX B660-I GAMING WIFI,LGA1700,Mini ITX,96,2,Black / Silver,13672.92
Gigabyte B760I AORUS PRO DDR4,LGA1700,Mini ITX,64,2,Black / Gray,12179.42
Gigabyte B550 AORUS PRO AC,AM4,ATX,128,4,Black / Orange,17776.420000000002
Biostar H610MT-E,LGA1700,Micro ATX,64,2,Black,6110.88
Asus TUF B450-PLUS GAMING,AM4,ATX,64,4,Black / Gold,12695.619999999999
Asus TUF GAMING B650M-E,AM5,Micro ATX,192,4,Black,14795.8
MSI B560M PRO-E,LGA1200,Micro ATX,64,2,Black,10439.42
ASRock X870 Pro-A WiFi,AM5,ATX,256,4,Black,11599.42
Asus ROG MAXIMUS Z890 APEX,LGA1851,ATX,96,2,White,35379.42
MSI Z270-A PRO,LGA1151,ATX,64,4,Brown / Black,25287.420000000002
Gigabyte B760M D3HP,LGA1700,Micro ATX,192,4,Black / Gray,9291.02
Supermicro X11SCL-IF,LGA1151,Mini ITX,64,2,Green,15079.42
MSI MPG X570 GAMING PRO CARBON WIFI,AM4,ATX,128,4,Black / Silver,23193.62
Asus PRIME B860-PLUS WIFI,LGA1851,ATX,256,4,Silver / Black,10439.42
Asus TUF B450M-PLUS GAMING,AM4,Micro ATX,64,4,Black / Gold,16762.0
MSI MPG Z790 CARBON WIFI,LGA1700,ATX,192,4,Black,27839.420000000002
Asus TUF Z390-PLUS GAMING (WI-FI),LGA1151,ATX,128,4,Black / Gold,17342.0
Asus Prime X299-A II,LGA2066,ATX,256,8,Silver / Black,14267.42
MSI MPG Z890 EDGE TI WIFI,LGA1851,ATX,256,4,Silver / White,21459.420000000002
Gigabyte Z890I AORUS ULTRA,LGA1851,Mini ITX,128,2,Black,18559.420000000002
ASRock Z790I Lightning WiFi,LGA1700,Mini ITX,96,2,Black,25692.84
MSI Creator X299,LGA2066,EATX,256,8,Black / Silver,8699.42
ASRock H610M-HVS/M.2 R2.0,LGA1700,Micro ATX,64,2,Black / Silver,6074.34
Asus PRIME Z790M-PLUS,LGA1700,Micro ATX,192,4,Silver / Black,17165.1
MSI PRO B660M-A DDR4,LGA1700,Micro ATX,128,4,Black / Silver,16762.0
ASRock B650M PG RIPTIDE,AM5,Micro ATX,256,4,Black,10787.42
Gigabyte B760 DS3H AX DDR4,LGA1700,ATX,128,4,Black,11344.8
MSI B350M BAZOOKA,AM4,Micro ATX,64,4,Black / White,6844.0
Gigabyte Z790 AORUS MASTER,LGA1700,EATX,192,4,Black / Silver,30217.420000000002
NZXT N7-Z69XT-B1,LGA1700,ATX,128,4,Black,17399.420000000002
ASRock Z790 PG LIGHTNING,LGA1700,ATX,192,4,Black,11276.94
Gigabyte B460M DS3H V2,LGA1200,Micro ATX,128,4,Brown / Black,11110.48
Gigabyte B660 DS3H DDR4,LGA1700,ATX,128,4,Black,11793.72
MSI MAG B860M MORTAR WIFI,LGA1851,Micro ATX,256,4,Black / Green,11019.42
Gigabyte Z890 GAMING X WIFI7,LGA1851,ATX,256,4,Silver / Black,15079.42
Gigabyte X670E AORUS XTREME (rev. 1.0),AM5,EATX,256,4,Black,55099.42
NZXT N9 Z890,LGA1851,ATX,192,4,Black,26099.420000000002
MSI PRO Z890-S WIFI WHITE,LGA1851,ATX,256,4,White,12179.42
ASRock X670E PG Lightning,AM5,ATX,256,4,Black,21664.16
Gigabyte H810M H,LGA1851,Micro ATX,128,2,Gray / Black,5943.84
MSI Z590-A PRO,LGA1200,ATX,128,4,Black,17399.420000000002
ASRock B860 LiveMixer WiFi,LGA1851,ATX,256,4,Silver / Black,8119.42
Asus ROG STRIX B660-A GAMING WIFI D4,LGA1700,ATX,128,4,Silver / Black,17690.0
Biostar B450MH,AM4,Micro ATX,32,2,Black / Yellow,6374.200000000001
Asus Z97-A,LGA1150,ATX,32,4,Black / Gold,20299.420000000002
Gigabyte Z690 AORUS ELITE AX DDR4,LGA1700,ATX,128,4,Black / Silver,21866.0
MSI MPG B550 GAMING CARBON WIFI,AM4,ATX,128,4,Black / Silver,21808.0
Gigabyte B550M AORUS PRO-P,AM4,Micro ATX,128,4,Black,12266.42
Gigabyte X570 AORUS MASTER,AM4,ATX,128,4,Black / Silver,30740.0
MSI B850 GAMING PLUS WIFI PZ,AM5,ATX,256,4,Silver / Turquoise,14499.42
Gigabyte Z890 AI TOP,LGA1851,EATX,256,4,Gray / Black,31899.420000000002
Asus ROG ZENITH EXTREME ALPHA,sTR4,EATX,128,8,Black,41702.0
Supermicro X10SLL-F,LGA1150,Micro ATX,32,4,Black / Green,15892.0
Asus PRIME H810M-A-CSM,LGA1851,Micro ATX,128,2,Silver / Black,6959.42
ASRock B860 Lightning WiFi,LGA1851,ATX,256,4,Black,8699.42
Gigabyte H810M GAMING WIFI6,LGA1851,Micro ATX,128,2,Black / Silver,8119.42
Gigabyte B860M DS3H WIFI6E,LGA1851,Micro ATX,256,4,Silver / Black,10469.58
MSI B450 Gaming Plus,AM4,ATX,64,4,Red / Black,10439.42
ASRock X570 Steel Legend,AM4,ATX,128,4,Black / Silver,18252.02
Asus PRIME H610M-A D4-CSM,LGA1700,Micro ATX,64,2,Silver / Black,6379.42
Gigabyte Z890 AERO D,LGA1851,EATX,256,4,White,54462.0
Asus Pro B550M-C/CSM,AM4,Micro ATX,128,4,Green,8400.140000000001
Gigabyte B760 DS3H AC,LGA1700,ATX,192,4,Gray / Black,11828.52
MSI B860 GAMING PLUS WIFI,LGA1851,ATX,256,4,Silver / Black,11761.24
ASRock Z790 Pro RS/D4,LGA1700,ATX,128,4,Silver / Black,12179.42
Asus ROG MAXIMUS Z690 HERO,LGA1700,ATX,192,4,Black / Silver,42282.0
Asus TUF GAMING B550-PLUS (WI-FI),AM4,ATX,128,4,Black,16762.0
Gigabyte A520M DS3H AC,AM4,Micro ATX,128,4,Black,7163.0
ASRock B860 Steel Legend WiFi,LGA1851,ATX,256,4,White / Silver,11599.42
NZXT N9 Z890,LGA1851,ATX,192,4,White,26099.420000000002
Asus TUF GAMING Z490-PLUS (WI-FI),LGA1200,ATX,128,4,Black,21460.0
Gigabyte GA-Z270P-D3,LGA1151,ATX,64,4,Black / Gold,15428.0
Asus ROG MAXIMUS XII HERO (WI-FI),LGA1200,ATX,128,4,Black,28420.0
MSI MEG Z890 UNIFY-X,LGA1851,ATX,128,2,Black,29645.54
Gigabyte Z390 I AORUS PRO WIFI,LGA1151,Mini ITX,64,2,Black / Silver,18647.0
ASRock Z890 Pro-A,LGA1851,ATX,256,4,Black / Silver,11019.42
Gigabyte B860 DS3H WIFI6E,LGA1851,ATX,256,4,Silver / Black,8119.42
ASRock Z890 Steel Legend WiFi,LGA1851,ATX,256,4,Silver,15079.42
Asus ROG MAXIMUS Z690 FORMULA,LGA1700,ATX,192,4,Silver / Black,23749.260000000002
Gigabyte Z790 GAMING PLUS AX,LGA1700,ATX,192,4,Black / Gray,11367.42
MSI MAG B365M MORTAR,LGA1151,Micro ATX,64,4,Black,19662.0
Gigabyte Z690 GAMING X DDR4,LGA1700,ATX,128,4,Black / Gray,21314.420000000002
Asus PRIME Z790-P WIFI D4,LGA1700,ATX,128,4,Black / Silver,23710.98
Gigabyte Z390 AORUS ELITE,LGA1151,ATX,128,4,Black / Silver,13353.92
Asus Prime Z370-P,LGA1151,ATX,64,4,Black / Silver,17342.0
Asus TUF GAMING B650EM-E WIFI,AM5,Micro ATX,256,4,Black,12179.42
Asus ROG STRIX Z390-I GAMING,LGA1151,Mini ITX,64,2,Black / Silver,23142.0
Asus PRIME H810M-A WIFI-CSM,LGA1851,Micro ATX,128,2,Silver / Black,7539.42
Gigabyte B550 AORUS ELITE,AM4,ATX,128,4,Black / Silver,14296.42
MSI PRO Z890-S WIFI,LGA1851,ATX,256,4,Black / Silver,13339.42
ASRock Z890 Taichi,LGA1851,ATX,256,4,Black / Gold,25388.920000000002
Gigabyte Z390 AORUS MASTER,LGA1151,ATX,128,4,Black / Silver,17921.420000000002
MSI B840M GAMING PLUS WIFI6E,AM5,Micro ATX,256,4,Silver,12903.26
Gigabyte X570S AORUS MASTER,AM4,ATX,128,4,Black / Silver,33391.76
Asus PRIME B840M-A-CSM,AM5,Micro ATX,192,4,Silver / Black,12189.28
Gigabyte B760 AORUS ELITE AX,LGA1700,ATX,192,4,Black,14442.0
ASRock B860M Pro-A WiFi,LGA1851,Micro ATX,256,4,Black,8699.42
MSI B850M GAMING PLUS WIFI6E,AM5,Micro ATX,256,4,Silver / White,14335.859999999999
ASRock Z890 LiveMixer WiFi,LGA1851,ATX,256,4,Silver / Black,13919.42
ASRock B450M-HDV,AM4,Micro ATX,32,2,Black / Silver,8699.42
ASRock B860 Pro-A WiFi,LGA1851,ATX,256,4,Black,10904.0
Gigabyte Z590I AORUS ULTRA,LGA1200,Mini ITX,64,2,Black,22562.0
NZXT N7-Z69XT-W1,LGA1700,ATX,128,4,White / Black,17519.48
ASRock B760M Pro RS/D4 WiFi,LGA1700,Micro ATX,128,4,Silver / Black,9992.24
Asus PRIME B860M-A WIFI-CSM,LGA1851,Micro ATX,256,4,Silver / Black,9859.42
Asus WS X299 SAGE/10G,LGA2066,SSI CEB,128,8,Black / Silver,34799.42
MSI MPG Z790 CARBON WIFI II,LGA1700,ATX,192,4,Black,24939.420000000002
Asus ProArt B660-CREATOR D4,LGA1700,ATX,128,4,Black,11597.099999999999
Gigabyte B860M AORUS ELITE WIFI6E ICE,LGA1851,Micro ATX,256,4,White / Silver,11019.42
Asus TUF GAMING B550M-PLUS (WI-FI),AM4,Micro ATX,128,4,Black,15892.0
Gigabyte H610M S2H,LGA1700,Micro ATX,64,2,Brown / Silver,6849.799999999999
MSI PRO B760-P WIFI,LGA1700,ATX,192,4,Black / Silver,11019.42
Asus Strix B550-XE Gaming WiFi,AM4,ATX,128,4,Black,22679.16
Asus ROG STRIX Z590-A GAMING WIFI,LGA1200,ATX,128,4,Silver / Black,27724.0
Gigabyte X570 AORUS PRO WIFI,AM4,ATX,128,4,Black / Silver,25984.0
Asus PRIME B550M-A/CSM,AM4,Micro ATX,128,4,Black / White,10962.0
ASRock Phantom Gaming Z890 Nova WiFi,LGA1851,ATX,256,4,Black,20299.420000000002
ASRock X670E Pro RS,AM5,ATX,256,4,Black,31965.54
Gigabyte B840M D2H,AM5,Micro ATX,128,2,Gray / Black,9833.32
Gigabyte Z590 AORUS ELITE AX,LGA1200,ATX,128,4,Black,21918.199999999997
Gigabyte B365 HD3,LGA1151,ATX,64,4,Black / Silver,13050.0
Gigabyte B860M EAGLE PLUS WIFI6E,LGA1851,Micro ATX,256,4,Black / Silver,9279.42
ASRock Z890 Lightning WiFi,LGA1851,ATX,256,4,Black,12643.42
ASRock B760M-H/M.2,LGA1700,Micro ATX,96,2,Silver / Black,6633.46
MSI MAG Z390 TOMAHAWK,LGA1151,ATX,128,4,Black / Silver,22665.239999999998
MSI PRO H610M-G,LGA1700,Micro ATX,96,2,Black,8157.700000000001
Asus ROG STRIX B860-G GAMING WIFI,LGA1851,Micro ATX,256,4,White / Silver,20388.16
Gigabyte Z790 AORUS ELITE AX DDR4,LGA1700,ATX,128,4,Black,14500.0
Gigabyte Z790 UD AX,LGA1700,ATX,192,4,Black,18911.48
Gigabyte Z590 UD AC,LGA1200,ATX,128,4,Black,19119.699999999997
MSI MPG X570S EDGE MAX WIFI,AM4,ATX,128,4,Black / Silver,42617.82
Gigabyte Z890 AORUS ELITE X ICE,LGA1851,ATX,256,4,White / Silver,15660.0
MSI MPG Z690 FORCE WIFI,LGA1700,ATX,192,4,Silver / Black,23142.0
Gigabyte B760M C,LGA1700,Micro ATX,192,4,Brown / Gray,12789.0
ASRock Z890 Pro RS WiFi White,LGA1851,ATX,256,4,White / Silver,13165.42
Gigabyte Z890 AORUS PRO ICE,LGA1851,ATX,256,4,White / Silver,19664.9
Asus ROG STRIX B860-F GAMING WIFI,LGA1851,ATX,256,4,Black,24362.32
Gigabyte Z790I AORUS ULTRA,LGA1700,Mini ITX,96,2,Silver / Black,19382.44
Asus PRIME Z370-P II,LGA1151,ATX,64,4,Silver / Black,11542.0
Gigabyte B650 AORUS PRO AX,AM5,ATX,192,4,Black,28934.46
ASRock Z890 Riptide WiFi,LGA1851,ATX,256,4,Black,12759.42
Gigabyte X570 UD,AM4,ATX,128,4,Black / Silver,15892.0
Intel DH61AG,LGA1155,Thin Mini ITX,16,2,Black / Blue,9458.640000000001
Gigabyte Z790 AORUS ELITE DDR4,LGA1700,ATX,128,4,Black,14836.98
MSI MAG B560M MORTAR WIFI,LGA1200,Micro ATX,128,4,Black / White,17399.420000000002
Gigabyte A520M DS3H,AM4,Micro ATX,128,4,Black,6290.679999999999
Asus Z97-A/USB 3.1,LGA1150,ATX,32,4,Black / Gold,23894.84
ASRock Z390 Pro4,LGA1151,ATX,128,4,Black / Silver,18606.98
ASRock X299 Taichi CLX,LGA2066,ATX,256,8,Black / Silver,11599.42
MSI PRO B860-P WIFI,LGA1851,ATX,256,4,Silver / Black,11019.42
Gigabyte Z790 AERO G,LGA1700,ATX,192,4,,24586.199999999997
MSI MPG Z590 GAMING CARBON WIFI,LGA1200,ATX,128,4,Black,23199.420000000002
Gigabyte Z490 UD,LGA1200,ATX,128,4,Black / Silver,16994.0
ASRock B860M Pro-A,LGA1851,Micro ATX,256,4,Black,8119.42
Asus TUF GAMING B660M-PLUS WIFI,LGA1700,Micro ATX,192,4,Yellow / Black,16239.42
ASRock Z790M PG LIGHTNING/D4,LGA1700,Micro ATX,128,4,Black,10120.42
ASRock Z890 Taichi AQUA,LGA1851,EATX,256,4,White,43905.42
ASRock H610M-ITX/eDP,LGA1700,Mini ITX,64,2,Silver / Black,10434.2
ASRock B550 Extreme4,AM4,ATX,128,4,Blue / Black,10729.42
Asus PRIME B650M-A WIFI,AM5,Micro ATX,128,4,Silver / Black,20208.36
Gigabyte Z890 AORUS MASTER AI TOP,LGA1851,EATX,256,4,Black / Silver,40598.840000000004
ASRock Z790 Taichi Carrara,LGA1700,EATX,192,4,White / Black,22730.780000000002
Gigabyte Z690 UD AX DDR4,LGA1700,ATX,128,4,Black,27363.239999999998
ASRock A520M Pro4,AM4,Micro ATX,128,4,Black / Silver,5799.42
MSI MEG Z690 ACE,LGA1700,EATX,192,4,Black / Gold,42739.04
MSI MEG X570 ACE,AM4,ATX,128,4,Black / Silver,26667.239999999998
Gigabyte Z890 AERO G,LGA1851,ATX,256,4,Silver / White,18559.420000000002
Gigabyte B860M D3HP,LGA1851,Micro ATX,256,4,Silver / Black,7539.42
Gigabyte X570S AERO G,AM4,ATX,128,4,Black / White,30618.199999999997
Asus ROG Crosshair VIII Impact,AM4,Mini DTX,64,2,Black,34162.0
ASRock Z790 LiveMixer,LGA1700,ATX,192,4,Purple / Black,17873.280000000002
Supermicro C9X299-PG300F,LGA2066,ATX,256,8,Black,57710.0
ASRock Z370 Extreme4,LGA1151,ATX,64,4,Black / Silver,43941.96
Asus PRIME H610M-E D4,LGA1700,Micro ATX,64,2,Silver / Black,9793.880000000001
ASRock B860M Steel Legend WiFi,LGA1851,Micro ATX,256,4,White / Silver,10439.42
MSI MEG Z690 UNIFY,LGA1700,ATX,192,4,Black / Silver,28999.420000000002
Asus PRO A520M-C II/CSM,AM4,Micro ATX,64,2,Green / Black,5393.42
Asus TUF GAMING Z790-PLUS D4,LGA1700,ATX,128,4,Black,19602.260000000002
Asus ROG STRIX B760-A GAMING WIFI D4,LGA1700,ATX,128,4,Silver / Black,22155.420000000002
Asus PRIME B860-PLUS WIFI-CSM,LGA1851,ATX,256,4,Silver / Black,10439.42
Asus ROG STRIX B860-A GAMING WIFI,LGA1851,ATX,256,4,White / Silver,18537.96
Gigabyte H610M S2H DDR4,LGA1700,Micro ATX,64,2,Black / Gray,10034.0
Gigabyte Z490 AORUS XTREME,LGA1200,EATX,128,4,Black / Silver,59096.2
ASRock Z890 Pro RS WiFi,LGA1851,ATX,256,4,Silver / Black,11309.42
Asus Prime X299-Deluxe II,LGA2066,ATX,128,8,White / Black,60206.32
Supermicro MBD-X10DAL-I-O,2 x LGA2011-3,ATX,512,8,Black / Green,42050.0
MSI MPG X570S CARBON MAX WIFI,AM4,ATX,128,4,Black / Silver,37537.020000000004
Asus PRIME B760M-PLUS,LGA1700,Micro ATX,192,4,Silver / Black,12639.94
Gigabyte Z790 EAGLE,LGA1700,ATX,192,4,Gray / Black,15141.48
ASRock Z68M/USB3,LGA1155,Micro ATX,16,2,,5541.9
MSI PRO Z690-P DDR4,LGA1700,ATX,128,4,Black / Silver,9859.42
Gigabyte Z590 VISION G,LGA1200,ATX,128,4,Black / White,22330.0
Gigabyte Z370 HD3 (rev. 1.0),LGA1151,ATX,64,4,Black / Gray,13688.0
Gigabyte B550 AORUS MASTER,AM4,ATX,128,4,Black / Silver,23605.420000000002
NZXT N5 Z690,LGA1700,ATX,128,4,Black,13219.94
Gigabyte Z390 AORUS PRO,LGA1151,ATX,128,4,Black / Silver,21666.48
Biostar H510MHP 2.0,LGA1200,Micro ATX,64,2,Black,5442.72
Asus PRIME B840M-A WIFI,AM5,Micro ATX,192,4,Silver / Black,15062.599999999999
Asus PRIME B450M-A/CSM,AM4,Micro ATX,64,4,Black / Silver,11542.0
Asus PRIME Z890-P,LGA1851,ATX,192,4,Black / Silver,19355.18
Asus TUF GAMING B760M-PLUS D4,LGA1700,Micro ATX,128,4,Black / Orange,13287.8
MSI MPG Z790 EDGE WIFI DDR4,LGA1700,ATX,128,4,Silver / Black,34799.42
Gigabyte Z590 UD,LGA1200,ATX,128,4,Black,16124.0
Gigabyte Z690I AORUS ULTRA DDR4,LGA1700,Mini ITX,64,2,Black / Silver,14900.199999999999
MSI MEG Z490I UNIFY,LGA1200,Mini ITX,64,2,Black / Silver,22821.84
Gigabyte B550 AORUS PRO V2,AM4,ATX,128,4,Black,16906.420000000002
Gigabyte Z690M AORUS ELITE AX DDR4,LGA1700,Micro ATX,128,4,Black,15421.619999999999
Asus ROG STRIX Z590-I GAMING WIFI,LGA1200,Mini ITX,64,2,Black,31842.0
ASRock A520M Phantom Gaming 4,AM4,Micro ATX,128,4,Black,5596.42
Asus M5A97 R2.0,AM3+,ATX,32,4,Black / Blue,15194.84
ASRock Z890 Taichi OCF,LGA1851,ATX,128,2,Black / Gold,30495.82
Asus Pro B760M-CT-CSM,LGA1700,Micro ATX,192,4,Green / Black,8699.42
ASRock B760M PG Riptide,LGA1700,Micro ATX,192,4,Black / Blue,16290.460000000001
Supermicro X11SCL-LN4F,LGA1151,Micro ATX,128,4,Green,30563.100000000002
ASRock B860M LiveMixer WiFi,LGA1851,Micro ATX,256,4,Silver / Black,9859.42
Gigabyte B860M EAGLE V2,LGA1851,Micro ATX,128,2,Silver / Black,10815.84
ASRock H670M Pro RS,LGA1700,Micro ATX,128,4,Gray / Black,9603.06
ASRock Z890 Pro RS,LGA1851,ATX,256,4,Silver / Black,11472.98
ASRock X570D4U-2L2T,AM4,Micro ATX,128,4,Green / Silver,24302.0
Gigabyte GA-B250-HD3,LGA1151,ATX,64,4,Black / Gold,13920.0
MSI MPG Z590 GAMING PLUS,LGA1200,ATX,128,4,Black,25165.62
Asus ROG Crosshair VIII Formula,AM4,ATX,128,4,Black,36540.0
Asus Z170-AR,LGA1151,ATX,64,4,Black / White,20994.84
EVGA P55V,LGA1156,Micro ATX,16,4,Black / Gray,7232.0199999999995
Gigabyte Z590 AORUS PRO AX,LGA1200,ATX,128,4,Black,23780.0
Asus PRO Q570M-C/CSM,LGA1200,Micro ATX,128,4,Green / Black,4350.0
MSI X470 GAMING PRO CARBON,AM4,ATX,64,4,Black / Silver,23142.0
Asus Pro B650M-CT-CSM,AM5,Micro ATX,192,4,Green / Black,8699.42
Asus Pro B660M-C D4-CSM,LGA1700,Micro ATX,128,4,Green / Black,7539.42
Asus ProArt B550-CREATOR,AM4,ATX,128,4,Black,13919.42
Gigabyte H410M S2H V2,LGA1200,Micro ATX,64,2,Black / Gray,6954.200000000001
Gigabyte Z490 AORUS ELITE,LGA1200,ATX,128,4,Black / Silver,27578.420000000002
MSI MEG Z390 ACE,LGA1151,ATX,128,4,Black / Silver,23585.12
MSI B850 GAMING PLUS WIFI6E,AM5,ATX,256,4,Silver,15269.66
ASRock X299 Steel Legend,LGA2066,ATX,256,8,Silver / Black,11599.42
Gigabyte B760 GAMING X AX DDR4,LGA1700,ATX,128,4,Black,15302.14
Asus ROG STRIX Z490-I GAMING,LGA1200,Mini ITX,64,2,Black,28942.0
MSI Z170A PC MATE,LGA1151,ATX,64,4,Black,19662.0
ASRock H81M-HDS R2.0,LGA1150,Micro ATX,16,2,Black / Silver,8767.28
Gigabyte Z590 AORUS MASTER,LGA1200,ATX,128,4,Black,23627.46
ASRock X299E-ITX/ac,LGA2066,Mini ITX,128,4,Black,27845.800000000003
Asus TUF GAMING H770-PRO WIFI,LGA1700,ATX,192,4,Black,20134.699999999997
Supermicro MBD-X10SRL-F-O,LGA2011-3 Narrow,ATX,1024,8,Black / Green,40600.0
Asus ROG MAXIMUS XII FORMULA,LGA1200,ATX,128,4,Black,37932.0
Gigabyte X570 AORUS XTREME,AM4,EATX,128,4,Black / Silver,57710.0
Asus PRIME A520M-E,AM4,Micro ATX,64,2,Black,9274.2
Biostar B660GTA,LGA1700,ATX,128,4,Blue / Black,11045.52
Asus PROART B760-CREATOR D4,LGA1700,ATX,128,4,Black / Copper,16565.96
Asus ROG STRIX B660-F GAMING WIFI,LGA1700,ATX,192,4,Black,17342.0
ASRock G41M-GS,LGA775,Micro ATX,8,2,Blue / White,3645.88
Asus Pro WS X570-ACE,AM4,ATX,128,4,Black,33639.42
Gigabyte B860M GAMING X WIFI6E,LGA1851,Micro ATX,256,4,Silver / Black,9859.42
Gigabyte GA-AX370-Gaming K5,AM4,ATX,64,4,Black / Orange,13716.42
MSI PRO B860-P,LGA1851,ATX,256,4,Silver / Black,13920.0
Supermicro MBD-X10DRI-O,2 x LGA2011-3 Narrow,EATX,1024,16,Black / Green,57826.0
Gigabyte Z690 AORUS PRO,LGA1700,ATX,192,4,Black,23199.420000000002
MSI Z270 SLI PLUS,LGA1151,ATX,64,4,Black / Silver,23576.420000000002
Asus ROG MAXIMUS XI FORMULA,LGA1151,ATX,128,4,Black,34162.0
Gigabyte Z490 GAMING X,LGA1200,ATX,128,4,Black / Silver,17284.0
MSI Z370 GAMING PRO CARBON,LGA1151,ATX,64,4,Black,22706.420000000002
ASRock P43DE,LGA775,ATX,16,4,Multicolor,4100.6
Asus Pro B560M-CT/CSM,LGA1200,Micro ATX,128,4,Green,9222.0
MSI MEG Z690 UNIFY-X,LGA1700,ATX,96,2,Black / Silver,45175.04
ASRock B550 PG Velocita,AM4,ATX,128,4,Silver / Black,15101.460000000001
ASRock B860M Pro RS,LGA1851,Micro ATX,256,4,Silver / Black,8699.42
Asus PRIME A320M-E,AM4,Micro ATX,64,2,Black / Silver,13746.0
MSI MAG B460 TOMAHAWK,LGA1200,ATX,128,4,Black / Silver,16181.42
ASRock X79 Extreme7,LGA2011,ATX,48,6,Black / Silver,16507.38
MSI MAG A520M VECTOR WIFI,AM4,Micro ATX,64,2,Black,10254.400000000001
ASRock H610M-HVS,LGA1700,Micro ATX,64,2,Gray / Black,6432.78
ASRock B860M-H2,LGA1851,Micro ATX,128,2,Black / Silver,6959.42
Asus Pro Q670M-C-CSM,LGA1700,Micro ATX,128,4,Green / Black,11599.42
Gigabyte Z790 AORUS ELITE AX-W,LGA1700,ATX,192,4,Silver / Black,33953.78
Gigabyte Z690 AORUS ULTRA,LGA1700,ATX,192,4,Black,20758.780000000002
Gigabyte B860 DS3H,LGA1851,ATX,256,4,Silver / Black,13052.900000000001
Gigabyte Z390 DESIGNARE,LGA1151,ATX,128,4,Black / Silver,23954.0
Asus PRIME H610M-D D4,LGA1700,Micro ATX,64,2,Silver / Black,8085.200000000001
Asus TUF GAMING B860M-PLUS,LGA1851,Micro ATX,256,4,Black / Silver,14184.48
MSI Z370 SLI PLUS,LGA1151,ATX,64,4,Black / Gray,22126.420000000002
Gigabyte H810M S2H,LGA1851,Micro ATX,128,2,Gray / Black,7617.14
Gigabyte H610M D3W DDR4,LGA1700,Micro ATX,64,2,Black,8577.619999999999
ASRock Z890 Taichi Lite,LGA1851,ATX,256,4,Silver / Black,27874.800000000003
ASRock B660 Pro RS,LGA1700,ATX,128,4,Gray / Black,18057.14
Gigabyte GA-F2A85XN-WIFI,FM2,Mini ITX,64,2,Black / Gray,6218.179999999999
Asus GRYPHON Z97,LGA1150,Micro ATX,32,4,Brown / Black,17399.420000000002
Gigabyte Z490 AORUS ELITE AC,LGA1200,ATX,128,4,Black / Silver,23084.0
Asus ProArt Z690-CREATOR WIFI,LGA1700,ATX,192,4,Black / Copper,26099.420000000002
ASRock X570D4U,AM4,Micro ATX,128,4,Green,17689.420000000002
MSI Z270 PC MATE,LGA1151,ATX,64,4,Black / Silver,28477.420000000002
Gigabyte B760M E,LGA1700,Micro ATX,96,2,Black / Gray,10718.400000000001
ASRock Z590M Pro4,LGA1200,Micro ATX,128,4,Black / Silver,17399.420000000002
Asus TUF GAMING H670-PRO WIFI D4,LGA1700,ATX,128,4,Gray / Black,13339.42
XFX MBN790IUL9,LGA775,ATX,8,4,,20995.420000000002
Asus PRIME H770-PLUS D4,LGA1700,ATX,128,4,Silver / Black,11019.42
Gigabyte Z490 AORUS MASTER,LGA1200,ATX,128,4,Black / Silver,29632.199999999997
Asus ROG MAXIMUS XII EXTREME,LGA1200,EATX,128,4,Black,57817.3
Asus MAXIMUS VIII RANGER,LGA1151,ATX,64,4,Black / Red,31835.04
Asus TUF GAMING B660M-PLUS D4,LGA1700,Micro ATX,128,4,Orange / Black,26332.0
Asus PRIME B860-PLUS-CSM,LGA1851,ATX,256,4,Silver / Black,15934.34
ASRock B860M Lightning WiFi,LGA1851,Micro ATX,256,4,Black,11019.42
Gigabyte H510M S2H,LGA1200,Micro ATX,64,2,Brown / Gray,9222.0
Gigabyte Z890 EAGLE,LGA1851,ATX,256,4,Gray / Black,18118.04
MSI PRO B660M-G DDR4,LGA1700,Micro ATX,64,2,Black / Silver,39024.72
ASRock P43DE3,LGA775,ATX,16,4,Black / Blue,4256.62
MSI MEG B550 UNIFY-X,AM4,ATX,64,2,Black,26424.219999999998
Gigabyte B560 AORUS PRO AX,LGA1200,ATX,128,4,Black,22648.420000000002
Gigabyte Z690 AORUS ELITE DDR4,LGA1700,ATX,128,4,Black / Silver,17567.62
MSI MAG B460M MORTAR,LGA1200,Micro ATX,128,4,Black / Silver,17399.420000000002
Asus PRIME B650M-A-CSM,AM5,Micro ATX,128,4,Silver / Black,16667.46
ASRock Z590M Phantom Gaming 4,LGA1200,Micro ATX,128,4,Silver / Black,14441.42
Asus M5A78L-M/USB3,AM3+,Micro ATX,32,4,Black / Blue,16354.84
Asus PRIME B860M-A WIFI,LGA1851,Micro ATX,256,4,Silver / Black,18426.6
Asus WS X299 PRO,LGA2066,ATX,128,8,Black / Silver,51388.0
Asus WS Z390 PRO,LGA1151,ATX,128,4,Black / Silver,43500.0
ASRock Z270 Killer SLI/ac,LGA1151,ATX,64,4,Black / White,40976.42
MSI MEG Z490 ACE,LGA1200,ATX,128,4,Black / Gold,28188.0
ASRock H670 Steel Legend,LGA1700,ATX,128,4,Silver / Gray,10010.8
MSI X370 XPOWER GAMING TITANIUM,AM4,ATX,64,4,Silver,31487.62
Gigabyte GA-Z170X-Gaming 5,LGA1151,ATX,64,4,Black / Red,26333.16
Asus WS X299 SAGE,LGA2066,SSI CEB,128,8,Black,30362.420000000002
Asus PRIME B860M-K,LGA1851,Micro ATX,128,2,Silver / Black,10385.48
Gigabyte Z690 GAMING X,LGA1700,ATX,192,4,Black / Gray,29870.0
Asus A55M-E,FM2,Micro ATX,32,2,Black / Blue,8699.42
Asus MAXIMUS VIII GENE,LGA1151,Micro ATX,64,4,Black / Red,20994.84
Gigabyte X299 UD4 Pro,LGA2066,ATX,128,8,Black,28362.0
ASRock Z490M Pro4,LGA1200,Micro ATX,128,4,Black / Silver,22097.420000000002
Gigabyte Z390 AORUS XTREME,LGA1151,EATX,128,4,Black / Silver,43499.42
Asus ROG MAXIMUS XI EXTREME,LGA1151,EATX,128,4,Black,37700.0
ASRock Fatal1ty X79 Professional,LGA2011,ATX,32,4,Black / Red,16681.38
Supermicro X9SRI-F-O,LGA2011,ATX,64,8,Green,42920.0
Asus Pro A620M-DASH-CSM,AM5,Micro ATX,96,2,Green,8958.68
MSI Z270 GAMING M5,LGA1151,ATX,64,4,Black / Silver,27926.420000000002
ASRock H55M-GE,LGA1156,Micro ATX,16,4,Black / Blue,4408.0
Gigabyte Z590I VISION D,LGA1200,Mini ITX,64,2,Black / White,26622.0
ASRock Z390 Phantom Gaming SLI/ac,LGA1151,ATX,128,4,Black / Silver,20386.420000000002
Gigabyte B460M GAMING HD,LGA1200,Micro ATX,64,2,Black / Red,12586.0
MSI Z270I GAMING PRO CARBON AC,LGA1151,Mini ITX,32,2,Black / Silver,23489.420000000002
Asus ROG STRIX B360-H GAMING,LGA1151,ATX,64,4,Red / Black,27195.04
Asus M5A78L-M LX PLUS,AM3+,Micro ATX,16,2,Black / Blue,14614.84
ASRock AD2700B-ITX,Integrated Atom D2700,Mini ITX,4,2,Black / Blue,4599.9800000000005
Supermicro MBD-X11SSH-LN4F,LGA1151,Micro ATX,64,4,Green / Black,20592.9
Asus PRIME H270-PRO,LGA1151,ATX,64,4,Black / Silver,62949.719999999994
Biostar B760A-SILVER,LGA1700,ATX,192,4,Silver / Black,10438.26
Asus PRIME B860M-A-CSM,LGA1851,Micro ATX,256,4,Silver / Black,12280.34
Gigabyte Z590 AORUS ELITE,LGA1200,ATX,128,4,Black,21982.0
ASRock Z490 Taichi,LGA1200,ATX,128,4,Black / Gold,52811.32
Supermicro X9SRA,LGA2011,ATX,64,8,Black / Green,34585.979999999996
Gigabyte X299X DESIGNARE 10G,LGA2066,EATX,256,8,Black / Silver,52199.42
MSI MAG Z690 TORPEDO,LGA1700,ATX,192,4,Blue / Black,22427.44
Asus ROG MAXIMUS Z690 APEX,LGA1700,ATX,96,2,Black / Silver,47131.38
Asus P9X79 LE,LGA2011,ATX,64,8,Black / Blue,44022.0
Gigabyte Z370 AORUS GAMING WIFI (rev. 1.0),LGA1151,ATX,64,4,Black / Red,21836.420000000002
Gigabyte B860M DS3H,LGA1851,Micro ATX,256,4,Silver / Black,13370.16
Asus Z170 PRO GAMING/AURA,LGA1151,ATX,64,4,Black / Silver,37164.08
ASRock Z590 Phantom Gaming-ITX/TB4,LGA1200,Mini ITX,64,2,Black / Red,30159.420000000002
Supermicro MBD-X11SCV-Q-O,LGA1151,Mini ITX,64,2,Green / Black,19894.0
Gigabyte B660 AORUS Master,LGA1700,ATX,192,4,Black,21170.0
Gigabyte GA-Z87-D3HP,LGA1150,ATX,32,4,Black / Gray,45812.46
Asus M4A785-M,AM3/AM2+/AM2,Micro ATX,16,4,Black / Blue,8276.599999999999
Supermicro MBD-X11SSV-Q-O,LGA1151,Mini ITX,32,2,Green,17017.780000000002
ASRock 880GMH/U3S3,AM3+,Micro ATX,32,4,Black / Blue,4409.74
MSI H55M-E23,LGA1156,Micro ATX,8,2,Black / Blue,9222.0
ASRock A785GM-LE/128M,AM3/AM2+/AM2,Micro ATX,8,2,Multicolor,3602.96
Supermicro MBD-X11SAE-F-O,LGA1151,ATX,64,4,Black / Green,19082.0
Asus Pro H510M-CT/CSM,LGA1200,Micro ATX,64,2,Green,10641.84
Gigabyte X299 DESIGNARE EX,LGA2066,ATX,128,8,Black / Silver,44601.42
Supermicro C9X299-PGF,LGA2066,ATX,128,8,Black,27956.0
Biostar B760M-SILVER,LGA1700,Micro ATX,192,4,Silver / Black,20622.48
Supermicro MBD-X11SSL-F-O,LGA1151,Micro ATX,64,4,Black / Green,26100.0
MSI PRESTIGE X570 CREATION,AM4,EATX,128,4,Black / Silver,53874.46
Gigabyte Z590 AORUS XTREME,LGA1200,EATX,128,4,Black,40599.42
Gigabyte Q670M D3H,LGA1700,Micro ATX,128,4,Brown / Gray,12121.42
Gigabyte B360M D3H GSM,LGA1151,Micro ATX,64,4,Black,13456.0
ASRock 970 Pro3 R2.0,AM3+,ATX,64,4,Brown / Black,14729.68
ASRock C246M WS,LGA1151,Micro ATX,64,4,Green / Blue,14499.42
ASRock Z87 OC Formula/ac,LGA1150,EATX,32,4,Black / Yellow,11811.7
Biostar Z690 VALKYRIE,LGA1700,ATX,192,4,Black / Gray,47850.0
Asus MAXIMUS IX APEX,LGA1151,EATX,32,2,Black / Silver,28935.04
ASRock Z590 Taichi,LGA1200,ATX,128,4,Black / Silver,46066.5
Foxconn A7DA-S 3.0,AM3,ATX,8,4,,5220.0
ASRock P67 Pro3 SE,LGA1155,ATX,32,4,Black / Blue,6333.6
ASRock A55 Pro3,FM1,ATX,32,4,Black / Blue,4350.58
Asus AM1M-A,AM1,Micro ATX,32,2,Black / Gold,11599.42
Asus Crosshair IV Extreme,AM3,EATX,16,4,Black / Red,29577.1
Asus ROG MAXIMUS XII APEX,LGA1200,ATX,64,2,Black,29579.420000000002
Asus TUF GAMING B850-E WIFI,AM5,ATX,256,4,Black,13339.42
Supermicro C9Z490-PGW,LGA1200,ATX,128,4,Black,60900.0
ASRock Z270 Killer SLI,LGA1151,ATX,64,4,Black / White,40976.42
ASRock Fatal1ty Z370 Gaming K6,LGA1151,ATX,64,4,Black / Silver,24244.0
ASRock A780LM-S,AM3/AM2+/AM2,Micro ATX,8,2,Multicolor,3650.52
ASRock Z590 PG Velocita,LGA1200,ATX,128,4,Silver / Black,36938.46
Gigabyte Z490 VISION D,LGA1200,ATX,128,4,Black / Silver,43034.840000000004
Biostar B650M-SILVER,AM5,Micro ATX,192,4,Silver / Black,11674.24
Intel D525MW,Integrated Atom D525,Mini ITX,4,2,Green / Black,8845.58
ASRock X58 Extreme6,LGA1366,ATX,24,6,Black / Blue,13933.92
Supermicro MBD-X11SSM-F-O,LGA1151,Micro ATX,64,4,Green,15659.42
Gigabyte Z590 AORUS TACHYON,LGA1200,EATX,64,2,Black,33234.0
Asus M4N68T-M V2,AM3,Micro ATX,16,2,Black / Blue,11599.42
Supermicro X9SRH-7TF,LGA2011,ATX,64,8,Green / Blue,46109.42
Supermicro A1SRI-2758F-O,Integrated Atom C2358,Mini ITX,64,4,Black / Green,27782.0
ASRock A75 Extreme6,FM1,ATX,32,4,Black / Blue,6446.700000000001
Asus Pro B860M-CT-CSM,LGA1851,Micro ATX,256,4,Black,9279.42
Supermicro MBD-X11SBA-LN4F-O,Integrated Pentium N3700,Mini ITX,8,2,Green,19564.56
MSI 890FXA-GD65,AM3,ATX,16,4,Black / Blue,18094.84
ASRock X299 WSI/IPMI,LGA2066,Mini ITX,64,4,Black / Silver,24527.04
MSI 990FXA-GD65,AM3+,ATX,32,4,,8910.539999999999
Supermicro X10SL7-F,LGA1150,Micro ATX,32,4,Black / Green,25225.36
Supermicro C7Z87-OCE,LGA1150,ATX,32,4,Black / Blue,37700.0
ASRock 890GX Pro3,AM3,ATX,32,4,,7216.9400000000005
ASRock A785GXH/128M,AM3/AM2+/AM2,ATX,16,4,,4983.9400000000005
Supermicro C7Z170-OCE,LGA1151,ATX,64,4,Black / Green,39150.0
ASRock 880GXH/USB3,AM3,ATX,16,4,Black / Blue,5134.74
MSI 880GMS-E35,AM3,Micro ATX,16,2,Black / Blue,4570.9800000000005
Asus M4A785T-M/CSM,AM3,Micro ATX,16,4,Black / Blue,11599.42
ASRock 880GMH/USB3,AM3,Micro ATX,16,4,Black / Blue,5138.22
Asus M2N68-AM PLUS,AM3/AM2+/AM2,Micro ATX,8,2,Multicolor,14499.42
Asus M4A88TD-M/USB3,AM3,Micro ATX,16,4,,17399.420000000002
Gigabyte H810M K,LGA1851,Micro ATX,128,2,Gray / Black,8003.42
ASRock 890GX Extreme3,AM3,ATX,16,4,Black / Blue,7584.660000000001
ASRock 890FX Deluxe4,AM3,ATX,16,4,Black / Blue,10082.72
Biostar A880GU3,AM3,Micro ATX,8,2,Black / Red,14499.42
ASRock 880G Extreme3,AM3,ATX,16,4,Black / Blue,6879.38
Biostar TA890GXE,AM3,Micro ATX,16,4,Black / Red,6365.5
Biostar TA880G HD,AM3,Micro ATX,16,4,Black / Red,5113.28
Biostar A780L3B,AM3,Micro ATX,16,2,Black / Red,14498.84
