name,type,efficiency,wattage,modular,color,price
MSI MAG A750GL PCIE5,ATX,gold,750,Fully-Modular,Black,6379.42
MSI MAG A850GL PCIE5,ATX,gold,850,Fully-Modular,Black,7075.42
MSI MAG A650BN,ATX,bronze,650,Non-Modular,Black,4348.84
Corsair RM1000e (2023),ATX,gold,1000,Fully-Modular,Black,10439.42
Corsair RM750e (2025),ATX,80+,750,Fully-Modular,Black,5799.42
Corsair RM850e (2025),ATX,80+,850,Fully-Modular,Black,6959.42
MSI MAG A550BN,ATX,bronze,550,Non-Modular,Black,3189.42
Corsair RM850x (2024),ATX,80+,850,Fully-Modular,Black,8409.42
Corsair SF1000 (2024),SFX,platinum,1000,Fully-Modular,Black,13919.42
MSI MAG A650GL,ATX,gold,650,Fully-Modular,Black,7536.5199999999995
Cooler Master MWE Gold 850 - V2,ATX,gold,850,Fully-Modular,Black,5219.42
Thermaltake Smart,ATX,plus,500,Non-Modular,,2317.1000000000004
Corsair SF750 (2024),SFX,platinum,750,Fully-Modular,Black,10439.42
Montech CENTURY II,ATX,gold,850,Fully-Modular,Black,5214.200000000001
Corsair RM1000x (2024),ATX,80+,1000,Fully-Modular,Black,12177.099999999999
Corsair CX (2023),ATX,bronze,650,Non-Modular,Black,4058.84
Asus ROG THOR 1600T Gaming,ATX,titanium,1600,Fully-Modular,Silver / Black,57244.840000000004
be quiet! Pure Power 12 M,ATX,gold,850,Fully-Modular,Black,7244.200000000001
MSI MAG A850GL PCIE5,ATX,gold,850,Fully-Modular,White,7713.42
Corsair RM850,ATX,gold,850,Fully-Modular,White / Black,7249.42
Thermaltake Smart,ATX,plus,600,Non-Modular,,2609.42
Corsair SF850 (2024),SFX,platinum,850,Fully-Modular,Black,11309.42
Corsair RM1000e (2025),ATX,80+,1000,Fully-Modular,Black,9279.42
Corsair RM650e (2025),ATX,80+,650,Fully-Modular,Black,6089.42
be quiet! Pure Power 12 M,ATX,gold,750,Fully-Modular,Black,5736.200000000001
Thermaltake Toughpower GX2,ATX,gold,600,Non-Modular,Black,4058.84
Lian Li EDGE,ATX,platinum,1000,Fully-Modular,White,10572.24
Apevia Galaxy,ATX,gold,650,Semi-Modular,Black,3189.42
Thermaltake Toughpower GF1 (2024),ATX,gold,850,Fully-Modular,Black,6031.42
MSI MAG A750BN PCIE5,ATX,bronze,750,Non-Modular,Black,4348.84
Lian Li SP,SFX,gold,750,Fully-Modular,Black,7423.42
Cooler Master V850 SFX GOLD,SFX,gold,850,Fully-Modular,Black,8699.42
Corsair AX1600i,ATX,titanium,1600,Fully-Modular,,35379.42
Corsair CX (2023),ATX,bronze,550,Non-Modular,Black,3768.84
be quiet! Dark Power 13,ATX,titanium,1000,Fully-Modular,Black,15506.880000000001
Corsair RM750e (2025),ATX,80+,750,Fully-Modular,White,6379.42
Corsair HX1500i (2023),ATX,platinum,1500,Fully-Modular,Black,15021.42
Corsair CX650M (2021),ATX,bronze,650,Semi-Modular,Black,4348.84
Corsair RM750x (2024),ATX,80+,750,Fully-Modular,Black,6959.42
SAMA GT,ATX,gold,650,Fully-Modular,Black,4059.4199999999996
Asus ROG STRIX 1200P Gaming,ATX,platinum,1200,Fully-Modular,Black / Silver,14789.42
Corsair RM750,ATX,gold,750,Fully-Modular,White / Black,6957.1
Montech CENTURY II,ATX,gold,1050,Fully-Modular,Black,6374.200000000001
Corsair RM850e (2023),ATX,gold,850,Fully-Modular,Black,11019.42
Lian Li SP750,SFX,gold,750,Fully-Modular,White,6727.42
Corsair HX1200i,ATX,platinum,1200,Fully-Modular,Black,12759.42
Corsair RM850x (2021),ATX,gold,850,Fully-Modular,Black,11540.84
Corsair RM1000e (2025),ATX,80+,1000,Fully-Modular,White,11599.42
Gigabyte P650G,ATX,gold,650,Non-Modular,Black,4059.4199999999996
Apevia Prestige,ATX,gold,600,Non-Modular,Black,3015.42
Thermaltake Smart,ATX,plus,700,Non-Modular,,3189.42
Lian Li EDGE,ATX,platinum,1000,Fully-Modular,Black,9279.42
be quiet! Pure Power 12 M,ATX,gold,1000,Fully-Modular,Black,8114.200000000001
Asus TUF Gaming 1000G,ATX,gold,1000,Fully-Modular,Black,9681.359999999999
NZXT C850 (2024),ATX,gold,850,Fully-Modular,Black,7249.42
Segotep GN,ATX,gold,650,Non-Modular,Black,3479.42
Lian Li EDGE,ATX,platinum,1300,Fully-Modular,White,13191.52
Corsair RM750x SHIFT,ATX,gold,750,Full / Side,Black,8989.42
Corsair CX (2023),ATX,bronze,750,Non-Modular,Black,5219.42
Gigabyte UD850GM,ATX,gold,850,Fully-Modular,Black,5800.0
SeaSonic Focus GX V4 ATX 3 (2024),ATX,gold,850,Fully-Modular,Black,9279.42
Corsair CX750M (2021),ATX,bronze,750,Semi-Modular,Black,5799.42
Lian Li EDGE GOLD,ATX,gold,850,Fully-Modular,White,7017.42
Apevia CAPTAIN,ATX,80+,550,Non-Modular,Black,1855.4199999999998
SAMA GT,ATX,gold,650,Fully-Modular,White,3769.4199999999996
MSI A1000G PCIE5,ATX,gold,1000,Fully-Modular,Black,11078.0
Silverstone HELA,ATX,80+,2050,Fully-Modular,Black / White,31377.420000000002
MSI MPG A850G PCIE5,ATX,gold,850,Fully-Modular,Black,9569.42
Lian Li EDGE,ATX,platinum,1300,Fully-Modular,Black,11947.42
Asus TUF Gaming 850G,ATX,gold,850,Fully-Modular,Black,7769.68
Cooler Master MWE GOLD 750 V2 FULL MODULAR,ATX,gold,750,Fully-Modular,Black,6031.42
Asus ROG LOKI,SFX,titanium,1200,Fully-Modular,Black / White,17979.420000000002
be quiet! Dark Power Pro 13,ATX,titanium,1600,Fully-Modular,Black,26094.199999999997
MSI MAG A650BE,ATX,bronze,650,Semi-Modular,Black,4058.84
Corsair RM850e (2025),ATX,80+,850,Fully-Modular,White,7539.42
SeaSonic Focus GX V4 ATX 3 (2024),ATX,gold,750,Fully-Modular,Black,7534.200000000001
Lian Li EDGE GOLD,ATX,gold,850,Fully-Modular,Black,6379.42
Cooler Master V750 SFX GOLD,SFX,gold,750,Fully-Modular,Black,8119.42
Apevia Galaxy,ATX,gold,850,Semi-Modular,Black,4058.84
SAMA GT,ATX,gold,750,Fully-Modular,White,4349.42
MSI MAG A1000GL PCIE5,ATX,gold,1000,Fully-Modular,Black,10422.02
EVGA 400 N1,ATX,80+,400,Non-Modular,,2682.5
Vetroo 50315153244479,ATX,gold,850,Fully-Modular,Black,5219.42
Thermaltake Toughpower GF A3 Snow,ATX,gold,850,Fully-Modular,White,7539.42
Corsair HX1500i (2025),ATX,platinum,1500,Fully-Modular,Black,20241.420000000002
NZXT C1000 (2024),ATX,gold,1000,Fully-Modular,Black,9569.42
SeaSonic Focus GX V4 ATX 3 (2024),ATX,gold,1000,Fully-Modular,Black,10844.84
Vetroo 50315153277247,ATX,gold,850,Fully-Modular,White,5219.42
NZXT C1200 (2024),ATX,gold,1200,Fully-Modular,Black,11599.42
Thermaltake Smart BM3,ATX,bronze,650,Semi-Modular,Black,4058.84
be quiet! Power Zone 2,ATX,platinum,850,Fully-Modular,Black,9477.78
be quiet! Pure Power 12 M,ATX,gold,650,Fully-Modular,Black,5504.200000000001
be quiet! Pure Power 11,ATX,gold,400,Non-Modular,Black,7932.08
Lian Li SP850,SFX,gold,850,Fully-Modular,Black,8061.42
ASRock Challenger CL-750G,ATX,gold,750,Non-Modular,Black,4059.4199999999996
Asus ROG Strix,ATX,platinum,1000,Fully-Modular,Black,13339.42
SeaSonic PRIME TX-1600 ATX 3.1,ATX,titanium,1600,Fully-Modular,Black / Silver,31957.420000000002
MSI MEG Ai1300P PCIE5,ATX,platinum,1300,Fully-Modular,Black / Copper,22445.420000000002
EVGA SuperNOVA 1000 P5,ATX,platinum,1000,Fully-Modular,Blue / Black,10173.78
be quiet! Straight Power 12,ATX,platinum,1000,Fully-Modular,Black,11594.2
Montech APX,ATX,plus,650,Non-Modular,Black,2888.3999999999996
Apevia Prestige,ATX,gold,800,Non-Modular,Black,3884.84
EVGA 750 N1,ATX,80+,750,Non-Modular,,4058.84
Corsair HX1000i (2023),ATX,platinum,1000,Fully-Modular,Black,15079.42
Corsair RM1200x SHIFT,ATX,gold,1200,Full / Side,Black,13339.42
Cooler Master MWE Gold 750 V3,ATX,gold,750,Fully-Modular,Black,5799.42
Super Flower Leadex Titanium,ATX,titanium,2800,Fully-Modular,Black,49299.42
EVGA SuperNOVA 850 GT,ATX,gold,850,Fully-Modular,Black,7538.839999999999
Corsair HX1200i (2025),ATX,platinum,1200,Fully-Modular,Black,20009.420000000002
Cooler Master MWE Gold 850 V3,ATX,gold,850,Fully-Modular,Black,6235.0
Asus TUF Gaming 750G,ATX,gold,750,Fully-Modular,Black,7336.42
EVGA 500 W1,ATX,plus,500,Non-Modular,,4176.0
MSI MEG Ai-T PCIE5,ATX,titanium,1600,Fully-Modular,Black / Gold,39903.42
EVGA 1000 GQ,ATX,gold,1000,Semi-Modular,,7478.5199999999995
Thermaltake Smart BM3,ATX,bronze,750,Semi-Modular,Black,4638.84
Montech CENTURY II,ATX,gold,1200,Fully-Modular,Black,7534.200000000001
Thermaltake Toughpower GF A3 Snow,ATX,gold,1050,Fully-Modular,White,9859.42
Corsair RM1200e,ATX,gold,1200,Fully-Modular,Black,11599.42
be quiet! Straight Power 12,ATX,platinum,1200,Fully-Modular,Black,13120.18
Corsair RM750x (2018),ATX,gold,750,Fully-Modular,Black,10665.039999999999
Apevia Premier,ATX,gold,650,Semi-Modular,Black,3189.42
Corsair RM1000x SHIFT,ATX,gold,1000,Full / Side,White,11599.42
SeaSonic PRIME TX-1600 Noctua Edition,ATX,titanium,1600,Fully-Modular,Brown / Black,37932.0
Asus Prime AP-750G,ATX,gold,750,Fully-Modular,White / Black,6959.42
Corsair RM850x SHIFT,ATX,gold,850,Full / Side,Black,10439.42
be quiet! Pure Power 12 M,ATX,gold,1200,Fully-Modular,Black,9854.2
Thermaltake Toughpower GF1 (2024),ATX,gold,750,Fully-Modular,Black,5799.42
Corsair RM1000x,ATX,gold,1000,Fully-Modular,,14440.26
ASRock Steel Legend SL-750G,ATX,gold,750,Fully-Modular,Black,5219.42
Corsair RM850x SHIFT,ATX,gold,850,Full / Side,White,9859.42
Cooler Master V SFX Platinum,SFX,platinum,1100,Fully-Modular,Black,12034.42
Segotep GM,ATX,gold,850,Fully-Modular,Black,5509.42
Silverstone SFX,SFX,gold,500,Fully-Modular,Black,7380.5
CoolMax V-400,ATX,80+,400,Non-Modular,,1449.4199999999998
Gigabyte AORUS ELITE P850,ATX,platinum,850,Fully-Modular,Black,9569.42
Asus Prime AP-850G,ATX,gold,850,Fully-Modular,White / Black,8119.42
Lian Li SP850,SFX,gold,850,Fully-Modular,White,8409.42
MSI MPG A1000GS PCIE5,ATX,gold,1000,Fully-Modular,Black,8699.42
EVGA SuperNOVA 750 GT,ATX,gold,750,Fully-Modular,Black,6726.84
MSI MAG A1250GL PCIE5,ATX,gold,1250,Fully-Modular,Black,12179.42
be quiet! Dark Power Pro 13,ATX,titanium,1300,Fully-Modular,Black,23194.199999999997
Gigabyte UD-GM PG5,ATX,gold,750,Fully-Modular,Black,8509.76
SeaSonic VERTEX GX-1000,ATX,gold,1000,Fully-Modular,Black / Silver,11599.42
Corsair RM650 (2019),ATX,gold,650,Fully-Modular,Black,13339.42
CoolMax I-500,ATX,80+,500,Non-Modular,,1516.1200000000001
Montech APX,ATX,plus,750,Non-Modular,Black,3184.2
SeaSonic CORE GX ATX 3 (2024),ATX,gold,650,Fully-Modular,Black,5798.84
SeaSonic VERTEX PX-1200,ATX,platinum,1200,Fully-Modular,Black / Silver,18559.420000000002
Thermaltake Toughpower GF A3 - TT Premium Edition,ATX,gold,1050,Fully-Modular,Black,7929.76
Asus ROG LOKI,SFX,platinum,850,Fully-Modular,White / Silver,13919.42
Lian Li EDGE GOLD,ATX,gold,1000,Fully-Modular,White,27560.44
EVGA 700 BR,ATX,bronze,700,Non-Modular,,5478.679999999999
Corsair RM1000x SHIFT,ATX,gold,1000,Full / Side,Black,12469.42
Apevia Galaxy,ATX,gold,1000,Semi-Modular,Black,4638.84
be quiet! SFX L Power,SFX,gold,500,Fully-Modular,Black,8238.900000000001
be quiet! Pure Power 13 M,ATX,gold,850,Fully-Modular,Black,7824.200000000001
Rosewill CMG850,ATX,gold,850,Fully-Modular,Black,4639.42
EVGA 750 GQ,ATX,gold,750,Semi-Modular,,7135.74
MSI MPG A850GS PCIE5,ATX,gold,850,Fully-Modular,Black,7539.42
be quiet! Power Zone 2,ATX,platinum,1000,Fully-Modular,Black,11309.42
be quiet! Power Zone 2,ATX,platinum,750,Fully-Modular,Black,7534.200000000001
be quiet! Dark Power 13,ATX,titanium,850,Fully-Modular,Black,13914.2
ASRock Taichi TC-1650T,ATX,titanium,1650,Fully-Modular,Black / Silver,30101.420000000002
be quiet! Straight Power 12,ATX,platinum,1500,Fully-Modular,Black,13778.48
SeaSonic FOCUS GX,ATX,gold,750,Fully-Modular,Black,10165.08
ADATA XPG CYBERCORE,ATX,platinum,1000,Fully-Modular,Black / Silver,7539.42
ASRock Steel Legend SL-850G,ATX,gold,850,Fully-Modular,Black,5799.42
Apevia ATX-ES700-RGB,ATX,80+,700,Semi-Modular,Black,2841.42
ADATA XPG PYLON,ATX,bronze,650,Non-Modular,Black,4751.9400000000005
be quiet! SFX Power 3 450,SFX,bronze,450,Non-Modular,Black,7215.78
Corsair RM850,ATX,gold,850,Fully-Modular,Black,6726.84
Corsair RM1200x SHIFT,ATX,gold,1200,Full / Side,White,15659.42
be quiet! Pure Power 12,ATX,gold,1000,Non-Modular,Black,8114.200000000001
Corsair RM850x (2018),ATX,gold,850,Fully-Modular,Black,12151.0
SeaSonic VERTEX GX-1200,ATX,gold,1200,Fully-Modular,Black / Silver,14383.42
Asus ROG LOKI,SFX,platinum,1000,Fully-Modular,Silver / Black,15369.42
MSI MAG A750BE,ATX,bronze,750,Semi-Modular,Black,4638.84
MSI MAG A750GL PCIE5 II,ATX,gold,750,Fully-Modular,Black,6670.0
EVGA 850 GQ,ATX,gold,850,Semi-Modular,,4929.42
Lian Li EDGE GOLD,ATX,gold,1000,Fully-Modular,Black,27907.86
Asus TUF Gaming 1000G,ATX,gold,1000,Fully-Modular,White,11309.42
Thermaltake Toughpower GX3,ATX,gold,850,Non-Modular,Black,5335.42
Asus ROG THOR P2 Gaming,ATX,platinum,1000,Fully-Modular,Silver / Black,20879.420000000002
Thermaltake Toughpower GF3 TT Premium,ATX,gold,1200,Fully-Modular,Black,10787.42
Thermaltake Toughpower GF A3 - TT Premium Edition,ATX,gold,850,Fully-Modular,Black,5805.22
Corsair CX650 (2017),ATX,bronze,650,Non-Modular,,8539.92
Cooler Master V SFX Gold ATX 3.0,SFX,gold,850,Fully-Modular,Black,8119.42
Asus TUF Gaming 1200G,ATX,gold,1200,Fully-Modular,Black,12643.42
Silverstone DA850R-GMA,ATX,gold,850,Fully-Modular,Black,10091.42
Corsair RM750e (2022),ATX,gold,750,Fully-Modular,Black,10150.0
Corsair HX1200 Platinum,ATX,platinum,1200,Fully-Modular,,23490.0
be quiet! Pure Power 13 M,ATX,gold,750,Fully-Modular,Black,6374.200000000001
SeaSonic FOCUS Plus 650 Gold,ATX,gold,650,Fully-Modular,,8746.400000000001
Gigabyte UD750GM-A,ATX,gold,750,Fully-Modular,Black,5219.42
Silverstone Extreme 500 Bronze,SFX,bronze,500,Non-Modular,Black / White,6185.12
be quiet! Pure Power 12,ATX,gold,750,Non-Modular,Black,6262.84
ADATA XPG PYLON,ATX,bronze,550,Non-Modular,Black,5945.58
NZXT C1200,ATX,gold,1200,Fully-Modular,Black,15079.42
Lian Li EDGE GOLD,ATX,gold,1200,Fully-Modular,White,31283.46
MSI MAG A850GL PCIE5 II,ATX,gold,850,Fully-Modular,Black,7539.42
EVGA 650 N1,ATX,80+,650,Non-Modular,,3768.84
Cooler Master V850 SFX GOLD,SFX,gold,850,Fully-Modular,White,9859.42
be quiet! SFX L Power,SFX,gold,600,Fully-Modular,Black,11798.359999999999
Corsair HX1000 Platinum,ATX,platinum,1000,Fully-Modular,,23490.0
Lian Li EDGE GOLD,ATX,gold,1200,Fully-Modular,Black,30974.899999999998
SeaSonic Focus GX V4 ATX 3 (2024),ATX,gold,1000,Fully-Modular,White,12063.42
Silverstone FX500-G,Flex ATX,gold,500,Non-Modular,Black,9110.640000000001
Vetroo GV1000,ATX,gold,1000,Fully-Modular,White,7539.42
Asus ROG Strix,ATX,gold,850,Fully-Modular,White,9859.42
EVGA SuperNOVA 1300 G+,ATX,gold,1300,Fully-Modular,Black,13919.42
Montech APX,ATX,plus,550,Non-Modular,Black,3189.42
EVGA 650 GQ,ATX,gold,650,Semi-Modular,,8469.74
Silverstone SFX,SFX,titanium,800,Fully-Modular,Black,13492.539999999999
be quiet! Straight Power 12,ATX,platinum,850,Fully-Modular,Black,9854.2
be quiet! Pure Power 13 M,ATX,gold,1000,Fully-Modular,Black,9274.2
Asus ROG LOKI,SFX,platinum,750,Fully-Modular,Black / Silver,11019.42
Gigabyte UD1000GM PG5 (rev. 2.0),ATX,gold,1000,Fully-Modular,Black,8582.26
be quiet! Pure Power 12,ATX,gold,650,Non-Modular,Black,9500.98
NZXT C1500,ATX,platinum,1500,Fully-Modular,Black,21459.420000000002
SeaSonic VERTEX PX-1000,ATX,platinum,1000,Fully-Modular,Black / Silver,15659.42
"FSP Group Hydro Ti PRO,Gen 5",ATX,titanium,1000,Fully-Modular,Black,15659.42
Thermaltake Toughpower GF3 Snow,ATX,gold,1200,Fully-Modular,White,10787.42
Thermaltake Smart BM3,ATX,bronze,850,Semi-Modular,Black,5799.42
Asus ROG LOKI,SFX,platinum,850,Fully-Modular,Black / Silver,12759.42
Asus ROG Strix,ATX,gold,750,Fully-Modular,Black / Red,7105.0
SeaSonic S12III,ATX,bronze,650,Non-Modular,Black,5104.0
Silverstone FX600 Platinum,Flex ATX,80+,600,Non-Modular,Black,12225.24
SeaSonic Focus GX V4 ATX 3 (2024),ATX,gold,850,Fully-Modular,White,9801.42
EVGA SuperNOVA 650 G3,ATX,gold,650,Fully-Modular,,10584.42
Vetroo GV1000,ATX,gold,1000,Fully-Modular,Black,7539.42
Asus ROG-STRIX-850G,ATX,gold,850,Fully-Modular,Black,10416.8
Corsair RM750x,ATX,gold,750,Fully-Modular,,10953.880000000001
be quiet! Dark Power 13,ATX,titanium,750,Fully-Modular,Black,12246.119999999999
Cooler Master V Platinum V2,ATX,platinum,1600,Fully-Modular,Black / Purple,17979.420000000002
Thermaltake Smart BX1 650,ATX,bronze,650,Non-Modular,Black,3678.94
EVGA SuperNOVA 1600 T2,ATX,titanium,1600,Fully-Modular,,40599.42
SeaSonic CORE GX ATX 3 (2024),ATX,gold,850,Fully-Modular,Black,6490.78
SAMA GT,ATX,gold,750,Fully-Modular,Black,4349.42
Corsair RM850x,ATX,gold,850,Fully-Modular,,11709.039999999999
EVGA 500 BR,ATX,bronze,500,Non-Modular,,9570.0
Thermaltake Toughpower SFX,SFX,platinum,1000,Fully-Modular,Black,11309.42
FSP Group Dagger Pro,SFX,gold,650,Fully-Modular,Black,7970.9400000000005
Super Flower Leadex III Gold UP,ATX,gold,850,Fully-Modular,Black,7539.42
SAMA GT,ATX,gold,850,Fully-Modular,Black,4639.42
MSI MPG A1250GS PCIE5,ATX,gold,1250,Fully-Modular,Black,13339.42
Lian Li EDGE GOLD,ATX,gold,750,Fully-Modular,Black,5799.42
SAMA GT,ATX,gold,850,Fully-Modular,White,4639.42
be quiet! Pure Power 12,ATX,gold,850,Non-Modular,Black,6954.200000000001
Super Flower LEADEX VII Platinum PRO,ATX,platinum,1000,Fully-Modular,Black,11599.42
NZXT C1200 (2024),ATX,gold,1200,Fully-Modular,White,11425.42
Silverstone SFX,SFX,bronze,300,Non-Modular,Black,5063.9800000000005
Asus ROG THOR P2 Gaming,ATX,platinum,850,Fully-Modular,Black / Silver,12128.960000000001
Asus ROG STRIX 1000G,ATX,gold,1000,Fully-Modular,Black,16875.1
Corsair HX1000i,ATX,platinum,1000,Fully-Modular,,24939.420000000002
ASRock Steel Legend SL-1000G,ATX,gold,1000,Fully-Modular,Black,7539.42
ASRock Phantom Gaming PG-850G,ATX,gold,850,Fully-Modular,Black,6379.42
SeaSonic FOCUS SGX (2021),SFX,gold,750,Fully-Modular,Black,12237.42
Rosewill CMG1000G5,ATX,gold,1000,Fully-Modular,Black,5799.42
be quiet! Pure Power 9 CM,ATX,bronze,600,Semi-Modular,Black,14477.960000000001
Thermaltake Toughpower SFX,SFX,platinum,850,Fully-Modular,Black,9279.42
Gigabyte P850GM,ATX,gold,850,Fully-Modular,Black,10144.2
Corsair RM750x SHIFT,ATX,gold,750,Full / Side,White,8119.42
Super Flower LEADEX VII XG,ATX,gold,850,Fully-Modular,Black,9279.42
MSI MAG A850GN PCIE5,ATX,gold,850,Non-Modular,Black,6089.42
Silverstone HELA 1200R,ATX,platinum,1200,Fully-Modular,Black,18601.760000000002
Super Flower LEADEX VII Platinum PRO,ATX,platinum,1200,Fully-Modular,Black,13919.42
EVGA 700 GD,ATX,gold,700,Non-Modular,Black,5162.0
Gigabyte AORUS ELITE P1000,ATX,platinum,1000,Fully-Modular,Black,12825.539999999999
EVGA SuperNOVA 1300 P+,ATX,platinum,1300,Fully-Modular,Black,12146.94
Super Flower Leadex III Gold UP,ATX,gold,1000,Fully-Modular,Black,9279.42
Vetroo GV1000,ATX,gold,1000,Fully-Modular,Pink,7539.42
be quiet! System Power 10,ATX,bronze,550,Non-Modular,Black,11890.0
ASRock Steel Legend SL-850GW,ATX,gold,850,Fully-Modular,White,7829.42
MSI MPG A1000G,ATX,gold,1000,Fully-Modular,Black,14923.400000000001
Thermaltake TR2 S,ATX,plus,600,Non-Modular,Black,4095.38
Corsair RM850e (2022),ATX,gold,850,Fully-Modular,Black,11600.0
SeaSonic VERTEX GX-850,ATX,gold,850,Fully-Modular,Black / Silver,8699.42
Silverstone FX350-G,Flex ATX,gold,350,Non-Modular,Black,6504.12
SeaSonic Focus GX V4 ATX 3 (2024),ATX,gold,750,Fully-Modular,White,6654.92
FSP Group Hydro GE,ATX,gold,650,Fully-Modular,,4929.42
Corsair RM1000e (2022),ATX,gold,1000,Fully-Modular,Black,15370.0
Apevia ATX-PR850W PCIE5.0,ATX,gold,850,Non-Modular,Black,4348.84
Gigabyte UD850GM-A PG5,ATX,gold,850,Fully-Modular,Black,6959.42
GameMax GX Pro Rampage,ATX,platinum,1050,Fully-Modular,White,9279.42
SeaSonic FOCUS GX-750 ATX 3.0,ATX,gold,750,Fully-Modular,Black,8932.0
ASRock Challenger CL-650B,ATX,bronze,650,Non-Modular,Black,3653.42
Thermaltake Toughpower GF A3 - TT Premium Edition,ATX,gold,1200,Fully-Modular,Black,9279.42
Thermaltake Toughpower GF3 TT Premium,ATX,gold,1350,Fully-Modular,Black,9743.42
Super Flower LEADEX VII XG,ATX,gold,1300,Fully-Modular,Black,13339.42
Asus ROG Strix Aura Edition,ATX,gold,1000,Fully-Modular,Black,11845.92
SeaSonic FOCUS GX,ATX,gold,650,Fully-Modular,Black,8723.78
Azza PSAZ-650W,ATX,bronze,650,Non-Modular,Black,3479.42
Cooler Master V1300 Platinum,ATX,platinum,1300,Fully-Modular,Black,22730.199999999997
be quiet! Straight Power 12,ATX,platinum,750,Fully-Modular,Black,10033.42
Thermaltake Toughpower GF A3 - TT Premium Edition,ATX,gold,750,Fully-Modular,Black,6379.42
ASRock Phantom Gaming PG-1000G,ATX,gold,1000,Fully-Modular,Black,8699.42
Corsair CX450M (2015),ATX,bronze,450,Semi-Modular,,6959.42
Razer Katana Chroma,ATX,platinum,850,Fully-Modular,Black,6959.42
Azza PSAZ-750W,ATX,bronze,750,Non-Modular,Black,4348.84
ASRock Steel Legend SL-650G,ATX,gold,650,Fully-Modular,Black,5683.42
ENDORFY Vero L5,ATX,bronze,600,Non-Modular,Black,5789.5599999999995
GAMDIAS KRATOS M1 B,ATX,bronze,750,Non-Modular,Black,3768.84
Asus TUF Gaming B,ATX,bronze,550,Non-Modular,Black,4929.42
EVGA 650 BQ,ATX,bronze,650,Semi-Modular,,8469.74
Corsair RM850x (2018),ATX,gold,850,Fully-Modular,White / Black,23606.0
Super Flower Leadex III Gold UP,ATX,gold,1300,Fully-Modular,Black,10439.42
Silverstone Zeus 1650R,ATX,titanium,1650,Fully-Modular,,32332.100000000002
be quiet! System Power 9 CM,ATX,bronze,400,Semi-Modular,Black,11856.359999999999
Super Flower LEADEX VII Platinum PRO,ATX,platinum,1200,Fully-Modular,White,13919.42
GameMax RGB Pro,ATX,gold,850,Fully-Modular,White,6379.42
Silverstone Essential,ATX,gold,550,Non-Modular,Black / Yellow,4306.5
Fractal Design Ion Gold,ATX,gold,850,Fully-Modular,Black,13110.32
Cooler Master MWE Bronze V2,ATX,bronze,750,Non-Modular,Black,10401.72
Thermaltake Toughpower GF3 TT Premium,ATX,gold,1650,Fully-Modular,Black,17399.420000000002
ASRock Phantom Gaming PG-750G,ATX,gold,750,Fully-Modular,Black,5799.42
ASRock Phantom Gaming PG-1300G,ATX,gold,1300,Fully-Modular,Black,11019.42
be quiet! System Power 10,ATX,gold,850,Non-Modular,Black,14954.72
Super Flower Leadex III Gold UP,ATX,gold,750,Fully-Modular,Black,6959.42
ASRock Challenger CL-550B,ATX,bronze,550,Non-Modular,Black,3363.42
Asus ROG Strix Aura Edition,ATX,gold,750,Fully-Modular,Black,8119.42
EVGA SuperNOVA 650 P6,ATX,platinum,650,Fully-Modular,Black / Silver,9021.32
ASRock Phantom Gaming PG-1600G,ATX,gold,1600,Fully-Modular,Black,14499.42
EVGA 850 BQ,ATX,bronze,850,Semi-Modular,,6902.0
EVGA SuperNOVA 650 GA,ATX,gold,650,Fully-Modular,Black,13339.42
Super Flower Zillion FG,ATX,gold,850,Fully-Modular,Black,6379.42
Thermaltake Toughpower PF3-L,ATX,platinum,850,Fully-Modular,Black,8699.42
ASRock Steel Legend SL-1000GW,ATX,gold,1000,Fully-Modular,White,9279.42
ADATA XPG CYBERCORE,ATX,platinum,1300,Fully-Modular,Black / Silver,9859.42
FSP Group FSP400-60FGGBA,Flex ATX,gold,400,Non-Modular,Silver,5799.42
Cooler Master V750 SFX GOLD,SFX,gold,750,Fully-Modular,White,8699.42
Thermaltake Smart BX1 550,ATX,bronze,550,Non-Modular,Black,3624.42
Corsair CXM,ATX,bronze,750,Semi-Modular,,8990.0
Cooler Master V SFX Platinum,SFX,platinum,1300,Fully-Modular,Black,39266.0
Silverstone SX500-G,SFX,gold,500,Fully-Modular,Black,6566.76
Asus ROG Strix,ATX,platinum,850,Fully-Modular,Black,16647.16
MSI MPG A850GF,ATX,gold,850,Fully-Modular,Black,13774.42
EVGA 750 BQ,ATX,bronze,750,Semi-Modular,,9786.34
SeaSonic PRIME PX-1600 ATX 3.0,ATX,platinum,1600,Fully-Modular,Black / Silver,27259.420000000002
Montech TITAN PLA,ATX,platinum,1200,Fully-Modular,White,13862.0
ASRock Challenger CL-750B,ATX,bronze,750,Non-Modular,Black,4349.42
Thermaltake TR2 S,ATX,plus,700,Non-Modular,Black,5947.9
be quiet! System Power 9 700 CM,ATX,bronze,700,Semi-Modular,Black,11330.880000000001
NZXT C550,ATX,bronze,550,Semi-Modular,Black,5218.84
EVGA SuperNOVA 1000 P2,ATX,platinum,1000,Fully-Modular,,28942.0
NZXT C650 (2022),ATX,gold,650,Fully-Modular,Black,8118.839999999999
Thermaltake Toughpower SFX,SFX,platinum,750,Fully-Modular,Black,8084.04
Corsair RM650,ATX,gold,650,Fully-Modular,Black,13339.42
SeaSonic SSP-300SFG,SFX,gold,300,Non-Modular,Silver,6298.799999999999
SeaSonic PRIME Fanless,ATX,titanium,700,Fully-Modular,Black,21186.239999999998
Corsair HX1500i (2022),ATX,platinum,1500,Fully-Modular,Black,27781.420000000002
Asus ROG Strix Aura Edition,ATX,gold,1000,Fully-Modular,White,12179.42
ASRock Challenger CL-850G,ATX,gold,850,Non-Modular,Black,5219.42
Super Flower LEADEX VII XG,ATX,gold,1000,Fully-Modular,White,10729.42
Silverstone SX700-PT,SFX,platinum,700,Fully-Modular,Black,10847.74
be quiet! System Power 10,ATX,bronze,750,Non-Modular,Black,15718.0
SeaSonic G12 GC,ATX,gold,650,Non-Modular,Black / Blue,20051.760000000002
EVGA 610 BP,ATX,bronze,610,Non-Modular,Black,7098.04
RAIJINTEK AMPERE,ATX,platinum,850,Fully-Modular,Black,6670.0
EVGA SuperNOVA 850 P2,ATX,platinum,850,Fully-Modular,,23199.420000000002
Asus ROG Strix Aura Edition,ATX,gold,850,Fully-Modular,Black,10729.42
EVGA 650 B5,ATX,bronze,650,Fully-Modular,Black,11019.42
Silverstone SX1000-LPT,SFX,platinum,1000,Fully-Modular,Black,18559.420000000002
EVGA SuperNOVA 1000 G5,ATX,gold,1000,Fully-Modular,Black / Green,13770.359999999999
Silverstone SST-TX300,TFX,bronze,300,Non-Modular,Black,3422.0
Thermaltake Toughpower GF2 ARGB,ATX,gold,650,Fully-Modular,Black,5798.84
EVGA 600 B1,ATX,bronze,600,Non-Modular,,10265.42
SHARKOON SilentStorm,SFX,gold,500,Fully-Modular,Black,10823.960000000001
Silverstone SFX,SFX,platinum,700,Fully-Modular,Black,9799.099999999999
Thermaltake Toughpower PF3-L,ATX,platinum,1200,Fully-Modular,Black,12759.42
Antec NE1000G M ATX3.0,ATX,gold,1000,Fully-Modular,Black,10439.42
ASRock Taichi TC-1300T,ATX,titanium,1300,Fully-Modular,Black / Silver,26099.420000000002
Corsair HX1200i,ATX,platinum,1200,Fully-Modular,,26042.0
SeaSonic PRIME Titanium,ATX,titanium,1000,Fully-Modular,,34742.0
Silverstone TX500-G,TFX,gold,500,Non-Modular,Black,9267.82
Thermaltake Smart RGB 230V,ATX,plus,500,Non-Modular,Black,7888.0
"FSP Group Hydro PTM X PRO,Gen5",ATX,platinum,1000,Fully-Modular,Black,10439.42
Super Flower LEADEX VII XG,ATX,gold,1000,Fully-Modular,Black,11019.42
Athena Power AP-MFATX40P8,Flex ATX,bronze,400,Non-Modular,Silver,4348.84
Super Flower LEADEX VII Platinum PRO,ATX,platinum,850,Fully-Modular,Black,9859.42
GAMDIAS HELIOS P2-850G,ATX,gold,850,Non-Modular,Black,5219.42
Montech TITAN PLA,ATX,platinum,850,Fully-Modular,White,10962.0
Thermaltake Toughpower GF1 PE,ATX,gold,850,Fully-Modular,Black,12527.42
Silverstone Strider Titanium,ATX,titanium,1300,Fully-Modular,Black / Blue,22619.420000000002
ENDORFY Supremo FM5,ATX,gold,750,Fully-Modular,Black,10393.02
SeaSonic G12 GM,ATX,gold,850,Semi-Modular,Black / Blue,16973.12
Rosewill CMG1200G5,ATX,gold,1200,Fully-Modular,Black,7539.42
EVGA 850 B5,ATX,bronze,850,Fully-Modular,Black,9802.0
Silverstone SFX,SFX,bronze,450,Non-Modular,Black,6442.64
EVGA SuperNOVA 1600 P+,ATX,platinum,1600,Fully-Modular,Black,26641.14
Thermaltake Toughpower PF3-L,ATX,platinum,1050,Fully-Modular,Black,10729.42
SeaSonic VERTEX PX-850,ATX,platinum,850,Fully-Modular,Black / Silver,17942.300000000003
Silverstone DA1000R,ATX,gold,1000,Fully-Modular,Black,14243.640000000001
FSP Group FSP300-57FCB,Flex ATX,gold,300,Fully-Modular,Black,7539.42
Fractal Design Ion Gold,ATX,gold,750,Fully-Modular,Black,12070.380000000001
Enermax Revolution D.F. X,ATX,gold,1350,Fully-Modular,Black,8699.42
"FSP Group Hydro PTM X PRO,Gen5",ATX,platinum,1200,Fully-Modular,Black,12179.42
SeaSonic Prime Fanless PX-500,ATX,platinum,500,Fully-Modular,Black,14794.06
Corsair HX1000i (2022),ATX,platinum,1000,Fully-Modular,Black,15080.0
SeaSonic VERTEX GX-750,ATX,gold,750,Fully-Modular,Black / Silver,8699.42
Montech TITAN PLA,ATX,platinum,1000,Fully-Modular,White,12737.960000000001
Azza PSAZ-550W,ATX,bronze,550,Non-Modular,Black,3189.42
Silverstone SX-G,SFX,gold,700,Fully-Modular,Black,8873.42
ENDORFY Vero L5,ATX,bronze,500,Non-Modular,Black,5215.36
Cooler Master MWE White V2 230V,ATX,plus,700,Non-Modular,Black,7324.820000000001
Silverstone HELA 850R,ATX,platinum,850,Fully-Modular,Black / Silver,12809.3
NZXT C650,ATX,bronze,650,Semi-Modular,Black,5798.84
SeaSonic PRIME 1300 Gold,ATX,gold,1300,Fully-Modular,Black,16818.84
Gigabyte UD1300GM PG5,ATX,gold,1300,Fully-Modular,Black,12759.42
GameMax RGB,ATX,platinum,1300,Fully-Modular,Black,11599.42
EVGA SuperNOVA 750 P2,ATX,platinum,750,Fully-Modular,,26099.420000000002
Silverstone Essential,ATX,bronze,550,Non-Modular,Black,3955.6000000000004
EVGA SuperNOVA 1200 P3,ATX,platinum,1200,Fully-Modular,Black / Silver,21063.86
Antec NE1000G M White ATX 3.0,ATX,gold,1000,Fully-Modular,White,16424.44
Montech TITAN PLA,ATX,platinum,750,Fully-Modular,White,8062.0
Enermax PlatiGemini,ATX,platinum,1200,Fully-Modular,Black,15079.42
Silverstone TX700-G,TFX,gold,700,Non-Modular,Black,12206.099999999999
Thermaltake Smart RGB 230V,ATX,plus,600,Non-Modular,Black,4319.84
Cougar VTE,ATX,bronze,600,Non-Modular,Black,4439.320000000001
Antec GSK ATX3.1,ATX,gold,750,Fully-Modular,Black,10038.06
EVGA SuperNOVA 1000 G3,ATX,gold,1000,Fully-Modular,,23199.420000000002
"FSP Group Hydro PTM X PRO,Gen5",ATX,platinum,850,Fully-Modular,Black,9312.48
FSP Group FSP300-60LG,Mini ITX,bronze,300,Non-Modular,Black,7748.22
Cooler Master V750 Gold V2,ATX,gold,750,Fully-Modular,Black,11246.2
Inter-Tech Argus RGB II,ATX,bronze,500,Non-Modular,Black,6181.0599999999995
Silverstone Strider,ATX,bronze,700,Fully-Modular,,5703.72
Montech CENTURY G5,ATX,gold,750,Fully-Modular,Black,5783.179999999999
Antec VP,ATX,80+,450,Non-Modular,,2319.42
Antec CSK,ATX,bronze,550,Non-Modular,Black / Yellow,7360.200000000001
EVGA SuperNOVA 1600 P2,ATX,platinum,1600,Fully-Modular,,46399.42
SeaSonic PRIME TX,ATX,titanium,1600,Fully-Modular,Black / Silver,39054.88
NOX URANO VX,ATX,bronze,750,Non-Modular,Black / Orange,4284.46
Silverstone Strider Platinum S,ATX,platinum,1200,Fully-Modular,Black,16993.420000000002
Thermaltake Toughpower iRGB PLUS 750,ATX,gold,750,Fully-Modular,Black,6873.0
GameMax RGB Rainbow,ATX,gold,1050,Fully-Modular,Black,9337.42
GameMax RGB Pro,ATX,gold,1050,Fully-Modular,White,8119.42
EVGA SuperNOVA 1000 T2,ATX,titanium,1000,Fully-Modular,,37699.42
Super Flower Zillion FG,ATX,gold,1050,Fully-Modular,Black,8119.42
Silverstone Strider Platinum,ATX,platinum,650,Fully-Modular,,9408.76
NZXT E850,ATX,gold,850,Fully-Modular,Black,7826.5199999999995
Cooler Master XG850 Plus,ATX,platinum,850,Fully-Modular,Black,8467.42
SHARKOON SilentStorm Cool Zero 650,ATX,gold,650,Fully-Modular,Black,9839.119999999999
Gigabyte AORUS P GM,ATX,gold,750,Fully-Modular,Black / Silver,10457.98
Corsair AX850,ATX,gold,850,Fully-Modular,,18559.420000000002
Corsair TX650,ATX,plus,650,Non-Modular,,14790.0
Cooler Master MWE Gold V2 ATX3.0,ATX,gold,1250,Fully-Modular,Black,18154.0
EVGA 500 BA,ATX,bronze,500,Non-Modular,Black,6379.42
SeaSonic VERTEX PX-750,ATX,platinum,750,Fully-Modular,Black / Silver,18818.68
Xilence XP600R6,ATX,80+,600,Non-Modular,Black / Red,10112.3
FSP Group Hydro PTM PRO,ATX,platinum,850,Fully-Modular,Black,8119.42
Silverstone Strider Platinum S,ATX,platinum,1000,Fully-Modular,Black,12482.18
SeaSonic FOCUS GX,ATX,gold,1000,Fully-Modular,Black,28238.46
RAIJINTEK AMPERE,ATX,platinum,1200,Fully-Modular,Black,9448.2
NZXT C (2019),ATX,gold,850,Fully-Modular,Black,12470.58
SeaSonic SSP-300SUG,Flex ATX,gold,300,Non-Modular,Silver,6902.0
Razer Katana Chroma,ATX,platinum,1200,Fully-Modular,Black,22619.420000000002
RAIJINTEK AMPERE,ATX,platinum,1000,Fully-Modular,Black,8114.200000000001
EVGA SuperNOVA 650 P2,ATX,platinum,650,Fully-Modular,,23199.420000000002
Silverstone Essential,ATX,gold,550,Semi-Modular,Black,5334.84
Xilence XP750R6.2,ATX,plus,750,Non-Modular,Black,5495.5
Sparkle FSP300-60ATV,ATX,80+,300,Non-Modular,,3479.42
Antec NE1300G M ATX3.0,ATX,gold,1300,Fully-Modular,Black,13726.859999999999
RAIJINTEK AMPERE,ATX,platinum,1200,Fully-Modular,White,9854.2
Thermaltake Toughpower GF1 PE,ATX,gold,750,Fully-Modular,Black,9859.42
Inter-Tech Argus RGB CM II,ATX,gold,650,Semi-Modular,Black,12402.140000000001
Silverstone Essential,ATX,gold,750,Semi-Modular,Black / Blue,6235.58
Apex AL-8250SFX,SFX,80+,250,Non-Modular,Silver,4855.179999999999
MSI MAG A-GL PCIE5 II,ATX,gold,1000,Fully-Modular,Black,8995.22
Silverstone Extreme 850R Platinum,SFX,80+,850,Fully-Modular,Black,14802.18
Silverstone Strider,ATX,silver,1500,Fully-Modular,Black,28274.420000000002
FSP Group Hydro PTM PRO,ATX,platinum,750,Fully-Modular,Black,7539.42
Enermax MAXREVO SLI,ATX,gold,1350,Fully-Modular,Black / Gold,8119.42
Silverstone DA750 Gold,ATX,gold,750,Fully-Modular,Black / White,8625.76
Antec High Current Gamer PRO ATX3.1,ATX,platinum,1000,Fully-Modular,Black,16976.6
Inter-Tech Argus RGB CM II,ATX,gold,750,Semi-Modular,Black,13870.119999999999
Chieftec ATMOS,ATX,gold,850,Fully-Modular,Black,12046.599999999999
Silverstone ST75F-GS-V3,ATX,gold,750,Fully-Modular,Black,7307.42
Gigabyte UD850GM-A,ATX,gold,850,Fully-Modular,Black,6379.42
SHARKOON Rebel P20 SFX,SFX,platinum,1000,Fully-Modular,Black,28472.199999999997
Azza ARGB,ATX,bronze,650,Non-Modular,Black,3768.84
Silverstone Strider Platinum,ATX,platinum,750,Fully-Modular,,8722.039999999999
FSP Group Hydro GE,ATX,gold,650,Fully-Modular,Black,4929.42
PC Cooler YS850,ATX,gold,850,Fully-Modular,Black,7539.42
EVGA SuperNOVA 1600 G2,ATX,gold,1600,Fully-Modular,,34799.42
Silverstone SX1000R-PL,SFX,platinum,1000,Fully-Modular,Black / White,18965.420000000002
Silverstone Essential,ATX,gold,750,Non-Modular,Black / Yellow,5528.5599999999995
In Win P130II,ATX,platinum,1300,Fully-Modular,Black,14442.0
EVGA 710 BP,ATX,bronze,710,Non-Modular,Black,11616.82
FSP Group FSP500-50FSPT,Flex ATX,platinum,500,Non-Modular,Silver,11541.42
PC Power & Cooling Silencer,ATX,platinum,1050,Fully-Modular,,10839.619999999999
Thermaltake TOUGHPOWER PF1 ARGB,ATX,platinum,850,Fully-Modular,,11598.84
Chieftec ATMOS,ATX,gold,750,Fully-Modular,Black,10531.640000000001
Silverstone Strider Titanium,ATX,titanium,1100,Fully-Modular,Black / Blue,21111.420000000002
Silverstone ST85F-GS-V2,ATX,gold,850,Fully-Modular,,7617.14
FSP Group FSP220-60LE(80),Mini ITX,plus,220,Non-Modular,Silver,4638.84
Antec High Current Gamer,ATX,bronze,620,Semi-Modular,,9007.98
Thermaltake Smart BM2,ATX,bronze,750,Semi-Modular,Black,18994.420000000002
Thermaltake Smart SE,ATX,80+,630,Semi-Modular,,14127.06
Antec Signature Platinum,ATX,platinum,1300,Fully-Modular,Black,22324.199999999997
ADATA XPG FUSION 1600,ATX,titanium,1600,Fully-Modular,Black / Silver,34799.42
Thermaltake Smart SE,ATX,80+,530,Semi-Modular,Black,8410.0
be quiet! TFX Power 3 300,TFX,gold,300,Non-Modular,Black,8350.26
PC Cooler YS1000,ATX,gold,1000,Fully-Modular,Black,10439.42
Silverstone TX300,TFX,bronze,300,Non-Modular,Black,5276.26
In Win P105II,ATX,platinum,1050,Fully-Modular,Black,11542.0
Corsair AX650,ATX,gold,650,Fully-Modular,,14500.0
In Win P85,ATX,gold,850,Fully-Modular,Black,12280.92
Antec Earthwatts Green,ATX,plus,500,Non-Modular,,6270.38
Athena Power Apollo,SFX,80+,300,Non-Modular,Silver,3247.42
Corsair TX750 V2,ATX,bronze,750,Non-Modular,,17400.0
Fractal Design Ion Gold,ATX,gold,550,Fully-Modular,Black,13804.0
Thermaltake Smart,ATX,bronze,750,Semi-Modular,,11400.48
Rosewill CFZ,ATX,bronze,750,Semi-Modular,Black,5799.42
Rosewill VALENS-600,ATX,gold,600,Non-Modular,,8120.0
Rosewill Green,ATX,plus,430,Non-Modular,,4640.0
Cougar GEX,ATX,gold,1050,Fully-Modular,Black,9222.0
Inter-Tech Argus RGB II,ATX,bronze,600,Non-Modular,Black,11148.76
Thermaltake Toughpower,ATX,gold,1500,Semi-Modular,,23748.68
Logisys PS480D,ATX,80+,480,Non-Modular,,1739.4199999999998
Apex SL-275TFX,TFX,80+,275,Non-Modular,Silver,2665.1000000000004
Logisys PS480D2,ATX,80+,480,Non-Modular,,1797.4199999999998
Cougar POLAR,ATX,platinum,1200,Fully-Modular,White,11599.42
FSP Group Hydro PTM PRO,ATX,platinum,1000,Fully-Modular,Black,14499.42
Antec True Power,ATX,bronze,850,Fully-Modular,,12877.16
Thermaltake Toughpower PF1 - TT Premium Edition,ATX,platinum,1050,Fully-Modular,Black,21008.760000000002
Inter-Tech Argus RGB II,ATX,bronze,700,Non-Modular,Black,10080.400000000001
Cougar POLAR,ATX,platinum,1050,Fully-Modular,White,12122.0
Xilence XP1250MR9.2,ATX,gold,1250,Fully-Modular,Black / Red,27552.9
Antec Basiq,ATX,80+,350,Non-Modular,,4872.0
In Win P65,ATX,gold,650,Fully-Modular,Black,7598.0
CoolMax CL-500B,ATX,80+,500,Non-Modular,,2593.7599999999998
Silverstone Strider Platinum,ATX,platinum,1200,Fully-Modular,,18965.420000000002
Antec Earthwatts Green,ATX,bronze,430,Non-Modular,,6649.12
Athena Power APOLLO 600,SFX,bronze,600,Non-Modular,Black,13388.72
Athena Power AP-MTFX30,TFX,80+,300,Non-Modular,Silver,2145.42
SHARKOON SilentStorm,SFX,bronze,450,Non-Modular,Black,9104.26
Rosewill Green,ATX,plus,530,Non-Modular,,9860.0
Xilence XP550R9,ATX,gold,550,Non-Modular,Black / Red,9164.0
Thermaltake EVO_Blue,ATX,gold,650,Semi-Modular,,6669.42
SeaSonic SS-400ET Bronze,ATX,bronze,400,Non-Modular,,5162.0
EVGA SuperNOVA 850 GA,ATX,gold,850,Fully-Modular,,17863.420000000002
Rosewill PMG750,ATX,gold,750,Fully-Modular,Black,6669.42
Antec Earthwatts,ATX,bronze,500,Non-Modular,,7248.84
PC Power & Cooling Silencer MK III,ATX,gold,750,Semi-Modular,,6872.42
SeaSonic SS-850HT Silver,ATX,silver,850,Non-Modular,,9802.0
Chieftec Polaris 3.0,ATX,gold,1050,Fully-Modular,Black,12765.22
CoolMax ZX-700,ATX,plus,700,Non-Modular,,7782.4400000000005
VisionTek 900488,ATX,80+,550,Fully-Modular,,3768.84
Xilence XP750R12.ARGB,ATX,gold,750,Non-Modular,Black,12097.06
In Win IP-S300FF1-0,TFX,plus,300,Non-Modular,Silver,3824.52
PC Power & Cooling Silencer,ATX,platinum,1200,Fully-Modular,,16360.64
Chieftec Polaris 3.0,ATX,gold,850,Fully-Modular,Black,16346.14
XFX P1-650X-CAG9,ATX,bronze,650,Fully-Modular,,5875.4
Sparkle FSP350-60GNV,SFX,80+,350,Non-Modular,Silver,4059.4199999999996
CoolMax CL-700B,ATX,80+,700,Non-Modular,,3654.0
SeaSonic SS-600ES,ATX,bronze,600,Non-Modular,Gray,7482.58
SeaSonic Platinum,ATX,bronze,600,Non-Modular,,7812.0199999999995
SeaSonic SSP-300TBS,TFX,bronze,300,Non-Modular,Silver,5131.26
XFX Black Edition,ATX,silver,750,Fully-Modular,,7365.42
CoolMax ZU-1000B,ATX,bronze,1000,Semi-Modular,,17492.800000000003
CoolMax RM-1000B,ATX,80+,1000,Non-Modular,,6008.22
HEC XP1080,ATX,80+,1080,Fully-Modular,,6296.4800000000005
SeaSonic SS-300TFX Bronze,TFX,bronze,300,Non-Modular,Silver,5219.42
FSP Group FSP300-60LG-5K,Flex ATX,bronze,300,Non-Modular,Silver,6596.92
Athena Power AP-MFATX50P8,Flex ATX,silver,500,Non-Modular,Silver,9882.039999999999
CoolMax CUG-950B,ATX,80+,950,Fully-Modular,,5980.38
iStarUSA TC-1200PD8G,ATX,80+,1200,Fully-Modular,Gray,17979.420000000002
